1747586259|Leonardo Souza|A|/README.md
1747595183|Leonardo|A|/.env
1747595183|Leonardo|M|/README.md
1747595183|Leonardo|A|/app.py
1747595183|Leonardo|A|/config.py
1747595183|Leonardo|A|/models.py
1747595183|Leonardo|A|/requirements.txt
1747595183|Leonardo|A|/venv/bin/Activate.ps1
1747595183|Leonardo|A|/venv/bin/activate
1747595183|Leonardo|A|/venv/bin/activate.csh
1747595183|Leonardo|A|/venv/bin/activate.fish
1747595183|Leonardo|A|/venv/bin/dotenv
1747595183|Leonardo|A|/venv/bin/flask
1747595183|Leonardo|A|/venv/bin/gunicorn
1747595183|Leonardo|A|/venv/bin/pip
1747595183|Leonardo|A|/venv/bin/pip3
1747595183|Leonardo|A|/venv/bin/pip3.10
1747595183|Leonardo|A|/venv/bin/python
1747595183|Leonardo|A|/venv/bin/python3
1747595183|Leonardo|A|/venv/bin/python3.10
1747595183|Leonardo|A|/venv/include/site/python3.10/greenlet/greenlet.h
1747595183|Leonardo|A|/venv/lib/python3.10/site-packages/Flask_Uploads-0.2.1.dist-info/INSTALLER
1747595183|Leonardo|A|/venv/lib/python3.10/site-packages/Flask_Uploads-0.2.1.dist-info/METADATA
1747595183|Leonardo|A|/venv/lib/python3.10/site-packages/Flask_Uploads-0.2.1.dist-info/RECORD
1747595183|Leonardo|A|/venv/lib/python3.10/site-packages/Flask_Uploads-0.2.1.dist-info/REQUESTED
1747595183|Leonardo|A|/venv/lib/python3.10/site-packages/Flask_Uploads-0.2.1.dist-info/WHEEL
1747595183|Leonardo|A|/venv/lib/python3.10/site-packages/Flask_Uploads-0.2.1.dist-info/top_level.txt
1747595183|Leonardo|A|/venv/lib/python3.10/site-packages/MarkupSafe-3.0.2.dist-info/INSTALLER
1747595183|Leonardo|A|/venv/lib/python3.10/site-packages/MarkupSafe-3.0.2.dist-info/LICENSE.txt
1747595183|Leonardo|A|/venv/lib/python3.10/site-packages/MarkupSafe-3.0.2.dist-info/METADATA
1747595183|Leonardo|A|/venv/lib/python3.10/site-packages/MarkupSafe-3.0.2.dist-info/RECORD
1747595183|Leonardo|A|/venv/lib/python3.10/site-packages/MarkupSafe-3.0.2.dist-info/WHEEL
1747595183|Leonardo|A|/venv/lib/python3.10/site-packages/MarkupSafe-3.0.2.dist-info/top_level.txt
1747595183|Leonardo|A|/venv/lib/python3.10/site-packages/__pycache__/flask_uploads.cpython-310.pyc
1747595183|Leonardo|A|/venv/lib/python3.10/site-packages/__pycache__/typing_extensions.cpython-310.pyc
1747595183|Leonardo|A|/venv/lib/python3.10/site-packages/_distutils_hack/__init__.py
1747595183|Leonardo|A|/venv/lib/python3.10/site-packages/_distutils_hack/__pycache__/__init__.cpython-310.pyc
1747595183|Leonardo|A|/venv/lib/python3.10/site-packages/_distutils_hack/__pycache__/override.cpython-310.pyc
1747595183|Leonardo|A|/venv/lib/python3.10/site-packages/_distutils_hack/override.py
1747595183|Leonardo|A|/venv/lib/python3.10/site-packages/blinker-1.9.0.dist-info/INSTALLER
1747595183|Leonardo|A|/venv/lib/python3.10/site-packages/blinker-1.9.0.dist-info/LICENSE.txt
1747595183|Leonardo|A|/venv/lib/python3.10/site-packages/blinker-1.9.0.dist-info/METADATA
1747595183|Leonardo|A|/venv/lib/python3.10/site-packages/blinker-1.9.0.dist-info/RECORD
1747595183|Leonardo|A|/venv/lib/python3.10/site-packages/blinker-1.9.0.dist-info/WHEEL
1747595183|Leonardo|A|/venv/lib/python3.10/site-packages/blinker/__init__.py
1747595183|Leonardo|A|/venv/lib/python3.10/site-packages/blinker/__pycache__/__init__.cpython-310.pyc
1747595183|Leonardo|A|/venv/lib/python3.10/site-packages/blinker/__pycache__/_utilities.cpython-310.pyc
1747595183|Leonardo|A|/venv/lib/python3.10/site-packages/blinker/__pycache__/base.cpython-310.pyc
1747595183|Leonardo|A|/venv/lib/python3.10/site-packages/blinker/_utilities.py
1747595183|Leonardo|A|/venv/lib/python3.10/site-packages/blinker/base.py
1747595183|Leonardo|A|/venv/lib/python3.10/site-packages/blinker/py.typed
1747595183|Leonardo|A|/venv/lib/python3.10/site-packages/click-8.2.0.dist-info/INSTALLER
1747595183|Leonardo|A|/venv/lib/python3.10/site-packages/click-8.2.0.dist-info/METADATA
1747595183|Leonardo|A|/venv/lib/python3.10/site-packages/click-8.2.0.dist-info/RECORD
1747595183|Leonardo|A|/venv/lib/python3.10/site-packages/click-8.2.0.dist-info/WHEEL
1747595183|Leonardo|A|/venv/lib/python3.10/site-packages/click-8.2.0.dist-info/licenses/LICENSE.txt
1747595183|Leonardo|A|/venv/lib/python3.10/site-packages/click/__init__.py
1747595183|Leonardo|A|/venv/lib/python3.10/site-packages/click/__pycache__/__init__.cpython-310.pyc
1747595183|Leonardo|A|/venv/lib/python3.10/site-packages/click/__pycache__/_compat.cpython-310.pyc
1747595183|Leonardo|A|/venv/lib/python3.10/site-packages/click/__pycache__/_termui_impl.cpython-310.pyc
1747595183|Leonardo|A|/venv/lib/python3.10/site-packages/click/__pycache__/_textwrap.cpython-310.pyc
1747595183|Leonardo|A|/venv/lib/python3.10/site-packages/click/__pycache__/_winconsole.cpython-310.pyc
1747595183|Leonardo|A|/venv/lib/python3.10/site-packages/click/__pycache__/core.cpython-310.pyc
1747595183|Leonardo|A|/venv/lib/python3.10/site-packages/click/__pycache__/decorators.cpython-310.pyc
1747595183|Leonardo|A|/venv/lib/python3.10/site-packages/click/__pycache__/exceptions.cpython-310.pyc
1747595183|Leonardo|A|/venv/lib/python3.10/site-packages/click/__pycache__/formatting.cpython-310.pyc
1747595183|Leonardo|A|/venv/lib/python3.10/site-packages/click/__pycache__/globals.cpython-310.pyc
1747595183|Leonardo|A|/venv/lib/python3.10/site-packages/click/__pycache__/parser.cpython-310.pyc
1747595183|Leonardo|A|/venv/lib/python3.10/site-packages/click/__pycache__/shell_completion.cpython-310.pyc
1747595183|Leonardo|A|/venv/lib/python3.10/site-packages/click/__pycache__/termui.cpython-310.pyc
1747595183|Leonardo|A|/venv/lib/python3.10/site-packages/click/__pycache__/testing.cpython-310.pyc
1747595183|Leonardo|A|/venv/lib/python3.10/site-packages/click/__pycache__/types.cpython-310.pyc
1747595183|Leonardo|A|/venv/lib/python3.10/site-packages/click/__pycache__/utils.cpython-310.pyc
1747595183|Leonardo|A|/venv/lib/python3.10/site-packages/click/_compat.py
1747595183|Leonardo|A|/venv/lib/python3.10/site-packages/click/_termui_impl.py
1747595183|Leonardo|A|/venv/lib/python3.10/site-packages/click/_textwrap.py
1747595183|Leonardo|A|/venv/lib/python3.10/site-packages/click/_winconsole.py
1747595183|Leonardo|A|/venv/lib/python3.10/site-packages/click/core.py
1747595183|Leonardo|A|/venv/lib/python3.10/site-packages/click/decorators.py
1747595183|Leonardo|A|/venv/lib/python3.10/site-packages/click/exceptions.py
1747595183|Leonardo|A|/venv/lib/python3.10/site-packages/click/formatting.py
1747595183|Leonardo|A|/venv/lib/python3.10/site-packages/click/globals.py
1747595183|Leonardo|A|/venv/lib/python3.10/site-packages/click/parser.py
1747595183|Leonardo|A|/venv/lib/python3.10/site-packages/click/py.typed
1747595183|Leonardo|A|/venv/lib/python3.10/site-packages/click/shell_completion.py
1747595183|Leonardo|A|/venv/lib/python3.10/site-packages/click/termui.py
1747595183|Leonardo|A|/venv/lib/python3.10/site-packages/click/testing.py
1747595183|Leonardo|A|/venv/lib/python3.10/site-packages/click/types.py
1747595183|Leonardo|A|/venv/lib/python3.10/site-packages/click/utils.py
1747595183|Leonardo|A|/venv/lib/python3.10/site-packages/distutils-precedence.pth
1747595183|Leonardo|A|/venv/lib/python3.10/site-packages/dotenv/__init__.py
1747595183|Leonardo|A|/venv/lib/python3.10/site-packages/dotenv/__main__.py
1747595183|Leonardo|A|/venv/lib/python3.10/site-packages/dotenv/__pycache__/__init__.cpython-310.pyc
1747595183|Leonardo|A|/venv/lib/python3.10/site-packages/dotenv/__pycache__/__main__.cpython-310.pyc
1747595183|Leonardo|A|/venv/lib/python3.10/site-packages/dotenv/__pycache__/cli.cpython-310.pyc
1747595183|Leonardo|A|/venv/lib/python3.10/site-packages/dotenv/__pycache__/ipython.cpython-310.pyc
1747595183|Leonardo|A|/venv/lib/python3.10/site-packages/dotenv/__pycache__/main.cpython-310.pyc
1747595183|Leonardo|A|/venv/lib/python3.10/site-packages/dotenv/__pycache__/parser.cpython-310.pyc
1747595183|Leonardo|A|/venv/lib/python3.10/site-packages/dotenv/__pycache__/variables.cpython-310.pyc
1747595183|Leonardo|A|/venv/lib/python3.10/site-packages/dotenv/__pycache__/version.cpython-310.pyc
1747595183|Leonardo|A|/venv/lib/python3.10/site-packages/dotenv/cli.py
1747595183|Leonardo|A|/venv/lib/python3.10/site-packages/dotenv/ipython.py
1747595183|Leonardo|A|/venv/lib/python3.10/site-packages/dotenv/main.py
1747595183|Leonardo|A|/venv/lib/python3.10/site-packages/dotenv/parser.py
1747595183|Leonardo|A|/venv/lib/python3.10/site-packages/dotenv/py.typed
1747595183|Leonardo|A|/venv/lib/python3.10/site-packages/dotenv/variables.py
1747595183|Leonardo|A|/venv/lib/python3.10/site-packages/dotenv/version.py
1747595183|Leonardo|A|/venv/lib/python3.10/site-packages/flask-3.1.1.dist-info/INSTALLER
1747595183|Leonardo|A|/venv/lib/python3.10/site-packages/flask-3.1.1.dist-info/METADATA
1747595183|Leonardo|A|/venv/lib/python3.10/site-packages/flask-3.1.1.dist-info/RECORD
1747595183|Leonardo|A|/venv/lib/python3.10/site-packages/flask-3.1.1.dist-info/REQUESTED
1747595183|Leonardo|A|/venv/lib/python3.10/site-packages/flask-3.1.1.dist-info/WHEEL
1747595183|Leonardo|A|/venv/lib/python3.10/site-packages/flask-3.1.1.dist-info/entry_points.txt
1747595183|Leonardo|A|/venv/lib/python3.10/site-packages/flask-3.1.1.dist-info/licenses/LICENSE.txt
1747595183|Leonardo|A|/venv/lib/python3.10/site-packages/flask/__init__.py
1747595183|Leonardo|A|/venv/lib/python3.10/site-packages/flask/__main__.py
1747595183|Leonardo|A|/venv/lib/python3.10/site-packages/flask/__pycache__/__init__.cpython-310.pyc
1747595183|Leonardo|A|/venv/lib/python3.10/site-packages/flask/__pycache__/__main__.cpython-310.pyc
1747595183|Leonardo|A|/venv/lib/python3.10/site-packages/flask/__pycache__/app.cpython-310.pyc
1747595183|Leonardo|A|/venv/lib/python3.10/site-packages/flask/__pycache__/blueprints.cpython-310.pyc
1747595183|Leonardo|A|/venv/lib/python3.10/site-packages/flask/__pycache__/cli.cpython-310.pyc
1747595183|Leonardo|A|/venv/lib/python3.10/site-packages/flask/__pycache__/config.cpython-310.pyc
1747595183|Leonardo|A|/venv/lib/python3.10/site-packages/flask/__pycache__/ctx.cpython-310.pyc
1747595183|Leonardo|A|/venv/lib/python3.10/site-packages/flask/__pycache__/debughelpers.cpython-310.pyc
1747595183|Leonardo|A|/venv/lib/python3.10/site-packages/flask/__pycache__/globals.cpython-310.pyc
1747595183|Leonardo|A|/venv/lib/python3.10/site-packages/flask/__pycache__/helpers.cpython-310.pyc
1747595183|Leonardo|A|/venv/lib/python3.10/site-packages/flask/__pycache__/logging.cpython-310.pyc
1747595183|Leonardo|A|/venv/lib/python3.10/site-packages/flask/__pycache__/sessions.cpython-310.pyc
1747595183|Leonardo|A|/venv/lib/python3.10/site-packages/flask/__pycache__/signals.cpython-310.pyc
1747595183|Leonardo|A|/venv/lib/python3.10/site-packages/flask/__pycache__/templating.cpython-310.pyc
1747595183|Leonardo|A|/venv/lib/python3.10/site-packages/flask/__pycache__/testing.cpython-310.pyc
1747595183|Leonardo|A|/venv/lib/python3.10/site-packages/flask/__pycache__/typing.cpython-310.pyc
1747595183|Leonardo|A|/venv/lib/python3.10/site-packages/flask/__pycache__/views.cpython-310.pyc
1747595183|Leonardo|A|/venv/lib/python3.10/site-packages/flask/__pycache__/wrappers.cpython-310.pyc
1747595183|Leonardo|A|/venv/lib/python3.10/site-packages/flask/app.py
1747595183|Leonardo|A|/venv/lib/python3.10/site-packages/flask/blueprints.py
1747595183|Leonardo|A|/venv/lib/python3.10/site-packages/flask/cli.py
1747595183|Leonardo|A|/venv/lib/python3.10/site-packages/flask/config.py
1747595183|Leonardo|A|/venv/lib/python3.10/site-packages/flask/ctx.py
1747595183|Leonardo|A|/venv/lib/python3.10/site-packages/flask/debughelpers.py
1747595183|Leonardo|A|/venv/lib/python3.10/site-packages/flask/globals.py
1747595183|Leonardo|A|/venv/lib/python3.10/site-packages/flask/helpers.py
1747595183|Leonardo|A|/venv/lib/python3.10/site-packages/flask/json/__init__.py
1747595183|Leonardo|A|/venv/lib/python3.10/site-packages/flask/json/__pycache__/__init__.cpython-310.pyc
1747595183|Leonardo|A|/venv/lib/python3.10/site-packages/flask/json/__pycache__/provider.cpython-310.pyc
1747595183|Leonardo|A|/venv/lib/python3.10/site-packages/flask/json/__pycache__/tag.cpython-310.pyc
1747595183|Leonardo|A|/venv/lib/python3.10/site-packages/flask/json/provider.py
1747595183|Leonardo|A|/venv/lib/python3.10/site-packages/flask/json/tag.py
1747595183|Leonardo|A|/venv/lib/python3.10/site-packages/flask/logging.py
1747595183|Leonardo|A|/venv/lib/python3.10/site-packages/flask/py.typed
1747595183|Leonardo|A|/venv/lib/python3.10/site-packages/flask/sansio/README.md
1747595183|Leonardo|A|/venv/lib/python3.10/site-packages/flask/sansio/__pycache__/app.cpython-310.pyc
1747595183|Leonardo|A|/venv/lib/python3.10/site-packages/flask/sansio/__pycache__/blueprints.cpython-310.pyc
1747595183|Leonardo|A|/venv/lib/python3.10/site-packages/flask/sansio/__pycache__/scaffold.cpython-310.pyc
1747595183|Leonardo|A|/venv/lib/python3.10/site-packages/flask/sansio/app.py
1747595183|Leonardo|A|/venv/lib/python3.10/site-packages/flask/sansio/blueprints.py
1747595183|Leonardo|A|/venv/lib/python3.10/site-packages/flask/sansio/scaffold.py
1747595183|Leonardo|A|/venv/lib/python3.10/site-packages/flask/sessions.py
1747595183|Leonardo|A|/venv/lib/python3.10/site-packages/flask/signals.py
1747595183|Leonardo|A|/venv/lib/python3.10/site-packages/flask/templating.py
1747595183|Leonardo|A|/venv/lib/python3.10/site-packages/flask/testing.py
1747595183|Leonardo|A|/venv/lib/python3.10/site-packages/flask/typing.py
1747595183|Leonardo|A|/venv/lib/python3.10/site-packages/flask/views.py
1747595183|Leonardo|A|/venv/lib/python3.10/site-packages/flask/wrappers.py
1747595183|Leonardo|A|/venv/lib/python3.10/site-packages/flask_mail-0.10.0.dist-info/INSTALLER
1747595183|Leonardo|A|/venv/lib/python3.10/site-packages/flask_mail-0.10.0.dist-info/LICENSE.txt
1747595183|Leonardo|A|/venv/lib/python3.10/site-packages/flask_mail-0.10.0.dist-info/METADATA
1747595183|Leonardo|A|/venv/lib/python3.10/site-packages/flask_mail-0.10.0.dist-info/RECORD
1747595183|Leonardo|A|/venv/lib/python3.10/site-packages/flask_mail-0.10.0.dist-info/REQUESTED
1747595183|Leonardo|A|/venv/lib/python3.10/site-packages/flask_mail-0.10.0.dist-info/WHEEL
1747595183|Leonardo|A|/venv/lib/python3.10/site-packages/flask_mail/__init__.py
1747595183|Leonardo|A|/venv/lib/python3.10/site-packages/flask_mail/__pycache__/__init__.cpython-310.pyc
1747595183|Leonardo|A|/venv/lib/python3.10/site-packages/flask_mail/py.typed
1747595183|Leonardo|A|/venv/lib/python3.10/site-packages/flask_sqlalchemy-3.1.1.dist-info/INSTALLER
1747595183|Leonardo|A|/venv/lib/python3.10/site-packages/flask_sqlalchemy-3.1.1.dist-info/LICENSE.rst
1747595183|Leonardo|A|/venv/lib/python3.10/site-packages/flask_sqlalchemy-3.1.1.dist-info/METADATA
1747595183|Leonardo|A|/venv/lib/python3.10/site-packages/flask_sqlalchemy-3.1.1.dist-info/RECORD
1747595183|Leonardo|A|/venv/lib/python3.10/site-packages/flask_sqlalchemy-3.1.1.dist-info/REQUESTED
1747595183|Leonardo|A|/venv/lib/python3.10/site-packages/flask_sqlalchemy-3.1.1.dist-info/WHEEL
1747595183|Leonardo|A|/venv/lib/python3.10/site-packages/flask_sqlalchemy/__init__.py
1747595183|Leonardo|A|/venv/lib/python3.10/site-packages/flask_sqlalchemy/__pycache__/__init__.cpython-310.pyc
1747595183|Leonardo|A|/venv/lib/python3.10/site-packages/flask_sqlalchemy/__pycache__/cli.cpython-310.pyc
1747595183|Leonardo|A|/venv/lib/python3.10/site-packages/flask_sqlalchemy/__pycache__/extension.cpython-310.pyc
1747595183|Leonardo|A|/venv/lib/python3.10/site-packages/flask_sqlalchemy/__pycache__/model.cpython-310.pyc
1747595183|Leonardo|A|/venv/lib/python3.10/site-packages/flask_sqlalchemy/__pycache__/pagination.cpython-310.pyc
1747595183|Leonardo|A|/venv/lib/python3.10/site-packages/flask_sqlalchemy/__pycache__/query.cpython-310.pyc
1747595183|Leonardo|A|/venv/lib/python3.10/site-packages/flask_sqlalchemy/__pycache__/record_queries.cpython-310.pyc
1747595183|Leonardo|A|/venv/lib/python3.10/site-packages/flask_sqlalchemy/__pycache__/session.cpython-310.pyc
1747595183|Leonardo|A|/venv/lib/python3.10/site-packages/flask_sqlalchemy/__pycache__/table.cpython-310.pyc
1747595183|Leonardo|A|/venv/lib/python3.10/site-packages/flask_sqlalchemy/__pycache__/track_modifications.cpython-310.pyc
1747595183|Leonardo|A|/venv/lib/python3.10/site-packages/flask_sqlalchemy/cli.py
1747595183|Leonardo|A|/venv/lib/python3.10/site-packages/flask_sqlalchemy/extension.py
1747595183|Leonardo|A|/venv/lib/python3.10/site-packages/flask_sqlalchemy/model.py
1747595183|Leonardo|A|/venv/lib/python3.10/site-packages/flask_sqlalchemy/pagination.py
1747595183|Leonardo|A|/venv/lib/python3.10/site-packages/flask_sqlalchemy/py.typed
1747595183|Leonardo|A|/venv/lib/python3.10/site-packages/flask_sqlalchemy/query.py
1747595183|Leonardo|A|/venv/lib/python3.10/site-packages/flask_sqlalchemy/record_queries.py
1747595183|Leonardo|A|/venv/lib/python3.10/site-packages/flask_sqlalchemy/session.py
1747595183|Leonardo|A|/venv/lib/python3.10/site-packages/flask_sqlalchemy/table.py
1747595183|Leonardo|A|/venv/lib/python3.10/site-packages/flask_sqlalchemy/track_modifications.py
1747595183|Leonardo|A|/venv/lib/python3.10/site-packages/flask_uploads.py
1747595183|Leonardo|A|/venv/lib/python3.10/site-packages/greenlet-3.2.2.dist-info/INSTALLER
1747595183|Leonardo|A|/venv/lib/python3.10/site-packages/greenlet-3.2.2.dist-info/METADATA
1747595183|Leonardo|A|/venv/lib/python3.10/site-packages/greenlet-3.2.2.dist-info/RECORD
1747595183|Leonardo|A|/venv/lib/python3.10/site-packages/greenlet-3.2.2.dist-info/WHEEL
1747595183|Leonardo|A|/venv/lib/python3.10/site-packages/greenlet-3.2.2.dist-info/licenses/LICENSE
1747595183|Leonardo|A|/venv/lib/python3.10/site-packages/greenlet-3.2.2.dist-info/licenses/LICENSE.PSF
1747595183|Leonardo|A|/venv/lib/python3.10/site-packages/greenlet-3.2.2.dist-info/top_level.txt
1747595183|Leonardo|A|/venv/lib/python3.10/site-packages/greenlet/CObjects.cpp
1747595183|Leonardo|A|/venv/lib/python3.10/site-packages/greenlet/PyGreenlet.cpp
1747595183|Leonardo|A|/venv/lib/python3.10/site-packages/greenlet/PyGreenlet.hpp
1747595183|Leonardo|A|/venv/lib/python3.10/site-packages/greenlet/PyGreenletUnswitchable.cpp
1747595183|Leonardo|A|/venv/lib/python3.10/site-packages/greenlet/PyModule.cpp
1747595183|Leonardo|A|/venv/lib/python3.10/site-packages/greenlet/TBrokenGreenlet.cpp
1747595183|Leonardo|A|/venv/lib/python3.10/site-packages/greenlet/TExceptionState.cpp
1747595183|Leonardo|A|/venv/lib/python3.10/site-packages/greenlet/TGreenlet.cpp
1747595183|Leonardo|A|/venv/lib/python3.10/site-packages/greenlet/TGreenlet.hpp
1747595183|Leonardo|A|/venv/lib/python3.10/site-packages/greenlet/TGreenletGlobals.cpp
1747595183|Leonardo|A|/venv/lib/python3.10/site-packages/greenlet/TMainGreenlet.cpp
1747595183|Leonardo|A|/venv/lib/python3.10/site-packages/greenlet/TPythonState.cpp
1747595183|Leonardo|A|/venv/lib/python3.10/site-packages/greenlet/TStackState.cpp
1747595183|Leonardo|A|/venv/lib/python3.10/site-packages/greenlet/TThreadState.hpp
1747595183|Leonardo|A|/venv/lib/python3.10/site-packages/greenlet/TThreadStateCreator.hpp
1747595183|Leonardo|A|/venv/lib/python3.10/site-packages/greenlet/TThreadStateDestroy.cpp
1747595183|Leonardo|A|/venv/lib/python3.10/site-packages/greenlet/TUserGreenlet.cpp
1747595183|Leonardo|A|/venv/lib/python3.10/site-packages/greenlet/__init__.py
1747595183|Leonardo|A|/venv/lib/python3.10/site-packages/greenlet/__pycache__/__init__.cpython-310.pyc
1747595183|Leonardo|A|/venv/lib/python3.10/site-packages/greenlet/_greenlet.cpython-310-x86_64-linux-gnu.so
1747595183|Leonardo|A|/venv/lib/python3.10/site-packages/greenlet/greenlet.cpp
1747595183|Leonardo|A|/venv/lib/python3.10/site-packages/greenlet/greenlet.h
1747595183|Leonardo|A|/venv/lib/python3.10/site-packages/greenlet/greenlet_allocator.hpp
1747595183|Leonardo|A|/venv/lib/python3.10/site-packages/greenlet/greenlet_compiler_compat.hpp
1747595183|Leonardo|A|/venv/lib/python3.10/site-packages/greenlet/greenlet_cpython_compat.hpp
1747595183|Leonardo|A|/venv/lib/python3.10/site-packages/greenlet/greenlet_exceptions.hpp
1747595183|Leonardo|A|/venv/lib/python3.10/site-packages/greenlet/greenlet_internal.hpp
1747595183|Leonardo|A|/venv/lib/python3.10/site-packages/greenlet/greenlet_refs.hpp
1747595183|Leonardo|A|/venv/lib/python3.10/site-packages/greenlet/greenlet_slp_switch.hpp
1747595183|Leonardo|A|/venv/lib/python3.10/site-packages/greenlet/greenlet_thread_support.hpp
1747595183|Leonardo|A|/venv/lib/python3.10/site-packages/greenlet/platform/__init__.py
1747595183|Leonardo|A|/venv/lib/python3.10/site-packages/greenlet/platform/__pycache__/__init__.cpython-310.pyc
1747595183|Leonardo|A|/venv/lib/python3.10/site-packages/greenlet/platform/setup_switch_x64_masm.cmd
1747595183|Leonardo|A|/venv/lib/python3.10/site-packages/greenlet/platform/switch_aarch64_gcc.h
1747595183|Leonardo|A|/venv/lib/python3.10/site-packages/greenlet/platform/switch_alpha_unix.h
1747595183|Leonardo|A|/venv/lib/python3.10/site-packages/greenlet/platform/switch_amd64_unix.h
1747595183|Leonardo|A|/venv/lib/python3.10/site-packages/greenlet/platform/switch_arm32_gcc.h
1747595183|Leonardo|A|/venv/lib/python3.10/site-packages/greenlet/platform/switch_arm32_ios.h
1747595183|Leonardo|A|/venv/lib/python3.10/site-packages/greenlet/platform/switch_arm64_masm.asm
1747595183|Leonardo|A|/venv/lib/python3.10/site-packages/greenlet/platform/switch_arm64_masm.obj
1747595183|Leonardo|A|/venv/lib/python3.10/site-packages/greenlet/platform/switch_arm64_msvc.h
1747595183|Leonardo|A|/venv/lib/python3.10/site-packages/greenlet/platform/switch_csky_gcc.h
1747595183|Leonardo|A|/venv/lib/python3.10/site-packages/greenlet/platform/switch_loongarch64_linux.h
1747595183|Leonardo|A|/venv/lib/python3.10/site-packages/greenlet/platform/switch_m68k_gcc.h
1747595183|Leonardo|A|/venv/lib/python3.10/site-packages/greenlet/platform/switch_mips_unix.h
1747595183|Leonardo|A|/venv/lib/python3.10/site-packages/greenlet/platform/switch_ppc64_aix.h
1747595183|Leonardo|A|/venv/lib/python3.10/site-packages/greenlet/platform/switch_ppc64_linux.h
1747595183|Leonardo|A|/venv/lib/python3.10/site-packages/greenlet/platform/switch_ppc_aix.h
1747595183|Leonardo|A|/venv/lib/python3.10/site-packages/greenlet/platform/switch_ppc_linux.h
1747595183|Leonardo|A|/venv/lib/python3.10/site-packages/greenlet/platform/switch_ppc_macosx.h
1747595183|Leonardo|A|/venv/lib/python3.10/site-packages/greenlet/platform/switch_ppc_unix.h
1747595183|Leonardo|A|/venv/lib/python3.10/site-packages/greenlet/platform/switch_riscv_unix.h
1747595183|Leonardo|A|/venv/lib/python3.10/site-packages/greenlet/platform/switch_s390_unix.h
1747595183|Leonardo|A|/venv/lib/python3.10/site-packages/greenlet/platform/switch_sh_gcc.h
1747595183|Leonardo|A|/venv/lib/python3.10/site-packages/greenlet/platform/switch_sparc_sun_gcc.h
1747595183|Leonardo|A|/venv/lib/python3.10/site-packages/greenlet/platform/switch_x32_unix.h
1747595183|Leonardo|A|/venv/lib/python3.10/site-packages/greenlet/platform/switch_x64_masm.asm
1747595183|Leonardo|A|/venv/lib/python3.10/site-packages/greenlet/platform/switch_x64_masm.obj
1747595183|Leonardo|A|/venv/lib/python3.10/site-packages/greenlet/platform/switch_x64_msvc.h
1747595183|Leonardo|A|/venv/lib/python3.10/site-packages/greenlet/platform/switch_x86_msvc.h
1747595183|Leonardo|A|/venv/lib/python3.10/site-packages/greenlet/platform/switch_x86_unix.h
1747595183|Leonardo|A|/venv/lib/python3.10/site-packages/greenlet/slp_platformselect.h
1747595183|Leonardo|A|/venv/lib/python3.10/site-packages/greenlet/tests/__init__.py
1747595183|Leonardo|A|/venv/lib/python3.10/site-packages/greenlet/tests/__pycache__/__init__.cpython-310.pyc
1747595183|Leonardo|A|/venv/lib/python3.10/site-packages/greenlet/tests/__pycache__/fail_clearing_run_switches.cpython-310.pyc
1747595183|Leonardo|A|/venv/lib/python3.10/site-packages/greenlet/tests/__pycache__/fail_cpp_exception.cpython-310.pyc
1747595183|Leonardo|A|/venv/lib/python3.10/site-packages/greenlet/tests/__pycache__/fail_initialstub_already_started.cpython-310.pyc
1747595183|Leonardo|A|/venv/lib/python3.10/site-packages/greenlet/tests/__pycache__/fail_slp_switch.cpython-310.pyc
1747595183|Leonardo|A|/venv/lib/python3.10/site-packages/greenlet/tests/__pycache__/fail_switch_three_greenlets.cpython-310.pyc
1747595183|Leonardo|A|/venv/lib/python3.10/site-packages/greenlet/tests/__pycache__/fail_switch_three_greenlets2.cpython-310.pyc
1747595183|Leonardo|A|/venv/lib/python3.10/site-packages/greenlet/tests/__pycache__/fail_switch_two_greenlets.cpython-310.pyc
1747595183|Leonardo|A|/venv/lib/python3.10/site-packages/greenlet/tests/__pycache__/leakcheck.cpython-310.pyc
1747595183|Leonardo|A|/venv/lib/python3.10/site-packages/greenlet/tests/__pycache__/test_contextvars.cpython-310.pyc
1747595183|Leonardo|A|/venv/lib/python3.10/site-packages/greenlet/tests/__pycache__/test_cpp.cpython-310.pyc
1747595183|Leonardo|A|/venv/lib/python3.10/site-packages/greenlet/tests/__pycache__/test_extension_interface.cpython-310.pyc
1747595183|Leonardo|A|/venv/lib/python3.10/site-packages/greenlet/tests/__pycache__/test_gc.cpython-310.pyc
1747595183|Leonardo|A|/venv/lib/python3.10/site-packages/greenlet/tests/__pycache__/test_generator.cpython-310.pyc
1747595183|Leonardo|A|/venv/lib/python3.10/site-packages/greenlet/tests/__pycache__/test_generator_nested.cpython-310.pyc
1747595183|Leonardo|A|/venv/lib/python3.10/site-packages/greenlet/tests/__pycache__/test_greenlet.cpython-310.pyc
1747595183|Leonardo|A|/venv/lib/python3.10/site-packages/greenlet/tests/__pycache__/test_greenlet_trash.cpython-310.pyc
1747595183|Leonardo|A|/venv/lib/python3.10/site-packages/greenlet/tests/__pycache__/test_leaks.cpython-310.pyc
1747595183|Leonardo|A|/venv/lib/python3.10/site-packages/greenlet/tests/__pycache__/test_stack_saved.cpython-310.pyc
1747595183|Leonardo|A|/venv/lib/python3.10/site-packages/greenlet/tests/__pycache__/test_throw.cpython-310.pyc
1747595183|Leonardo|A|/venv/lib/python3.10/site-packages/greenlet/tests/__pycache__/test_tracing.cpython-310.pyc
1747595183|Leonardo|A|/venv/lib/python3.10/site-packages/greenlet/tests/__pycache__/test_version.cpython-310.pyc
1747595183|Leonardo|A|/venv/lib/python3.10/site-packages/greenlet/tests/__pycache__/test_weakref.cpython-310.pyc
1747595183|Leonardo|A|/venv/lib/python3.10/site-packages/greenlet/tests/_test_extension.c
1747595183|Leonardo|A|/venv/lib/python3.10/site-packages/greenlet/tests/_test_extension.cpython-310-x86_64-linux-gnu.so
1747595183|Leonardo|A|/venv/lib/python3.10/site-packages/greenlet/tests/_test_extension_cpp.cpp
1747595183|Leonardo|A|/venv/lib/python3.10/site-packages/greenlet/tests/_test_extension_cpp.cpython-310-x86_64-linux-gnu.so
1747595183|Leonardo|A|/venv/lib/python3.10/site-packages/greenlet/tests/fail_clearing_run_switches.py
1747595183|Leonardo|A|/venv/lib/python3.10/site-packages/greenlet/tests/fail_cpp_exception.py
1747595183|Leonardo|A|/venv/lib/python3.10/site-packages/greenlet/tests/fail_initialstub_already_started.py
1747595183|Leonardo|A|/venv/lib/python3.10/site-packages/greenlet/tests/fail_slp_switch.py
1747595183|Leonardo|A|/venv/lib/python3.10/site-packages/greenlet/tests/fail_switch_three_greenlets.py
1747595183|Leonardo|A|/venv/lib/python3.10/site-packages/greenlet/tests/fail_switch_three_greenlets2.py
1747595183|Leonardo|A|/venv/lib/python3.10/site-packages/greenlet/tests/fail_switch_two_greenlets.py
1747595183|Leonardo|A|/venv/lib/python3.10/site-packages/greenlet/tests/leakcheck.py
1747595183|Leonardo|A|/venv/lib/python3.10/site-packages/greenlet/tests/test_contextvars.py
1747595183|Leonardo|A|/venv/lib/python3.10/site-packages/greenlet/tests/test_cpp.py
1747595183|Leonardo|A|/venv/lib/python3.10/site-packages/greenlet/tests/test_extension_interface.py
1747595183|Leonardo|A|/venv/lib/python3.10/site-packages/greenlet/tests/test_gc.py
1747595183|Leonardo|A|/venv/lib/python3.10/site-packages/greenlet/tests/test_generator.py
1747595183|Leonardo|A|/venv/lib/python3.10/site-packages/greenlet/tests/test_generator_nested.py
1747595183|Leonardo|A|/venv/lib/python3.10/site-packages/greenlet/tests/test_greenlet.py
1747595183|Leonardo|A|/venv/lib/python3.10/site-packages/greenlet/tests/test_greenlet_trash.py
1747595183|Leonardo|A|/venv/lib/python3.10/site-packages/greenlet/tests/test_leaks.py
1747595183|Leonardo|A|/venv/lib/python3.10/site-packages/greenlet/tests/test_stack_saved.py
1747595183|Leonardo|A|/venv/lib/python3.10/site-packages/greenlet/tests/test_throw.py
1747595183|Leonardo|A|/venv/lib/python3.10/site-packages/greenlet/tests/test_tracing.py
1747595183|Leonardo|A|/venv/lib/python3.10/site-packages/greenlet/tests/test_version.py
1747595183|Leonardo|A|/venv/lib/python3.10/site-packages/greenlet/tests/test_weakref.py
1747595183|Leonardo|A|/venv/lib/python3.10/site-packages/gunicorn-23.0.0.dist-info/INSTALLER
1747595183|Leonardo|A|/venv/lib/python3.10/site-packages/gunicorn-23.0.0.dist-info/LICENSE
1747595183|Leonardo|A|/venv/lib/python3.10/site-packages/gunicorn-23.0.0.dist-info/METADATA
1747595183|Leonardo|A|/venv/lib/python3.10/site-packages/gunicorn-23.0.0.dist-info/RECORD
1747595183|Leonardo|A|/venv/lib/python3.10/site-packages/gunicorn-23.0.0.dist-info/REQUESTED
1747595183|Leonardo|A|/venv/lib/python3.10/site-packages/gunicorn-23.0.0.dist-info/WHEEL
1747595183|Leonardo|A|/venv/lib/python3.10/site-packages/gunicorn-23.0.0.dist-info/entry_points.txt
1747595183|Leonardo|A|/venv/lib/python3.10/site-packages/gunicorn-23.0.0.dist-info/top_level.txt
1747595183|Leonardo|A|/venv/lib/python3.10/site-packages/gunicorn/__init__.py
1747595183|Leonardo|A|/venv/lib/python3.10/site-packages/gunicorn/__main__.py
1747595183|Leonardo|A|/venv/lib/python3.10/site-packages/gunicorn/__pycache__/__init__.cpython-310.pyc
1747595183|Leonardo|A|/venv/lib/python3.10/site-packages/gunicorn/__pycache__/__main__.cpython-310.pyc
1747595183|Leonardo|A|/venv/lib/python3.10/site-packages/gunicorn/__pycache__/arbiter.cpython-310.pyc
1747595183|Leonardo|A|/venv/lib/python3.10/site-packages/gunicorn/__pycache__/config.cpython-310.pyc
1747595183|Leonardo|A|/venv/lib/python3.10/site-packages/gunicorn/__pycache__/debug.cpython-310.pyc
1747595183|Leonardo|A|/venv/lib/python3.10/site-packages/gunicorn/__pycache__/errors.cpython-310.pyc
1747595183|Leonardo|A|/venv/lib/python3.10/site-packages/gunicorn/__pycache__/glogging.cpython-310.pyc
1747595183|Leonardo|A|/venv/lib/python3.10/site-packages/gunicorn/__pycache__/pidfile.cpython-310.pyc
1747595183|Leonardo|A|/venv/lib/python3.10/site-packages/gunicorn/__pycache__/reloader.cpython-310.pyc
1747595183|Leonardo|A|/venv/lib/python3.10/site-packages/gunicorn/__pycache__/sock.cpython-310.pyc
1747595183|Leonardo|A|/venv/lib/python3.10/site-packages/gunicorn/__pycache__/systemd.cpython-310.pyc
1747595183|Leonardo|A|/venv/lib/python3.10/site-packages/gunicorn/__pycache__/util.cpython-310.pyc
1747595183|Leonardo|A|/venv/lib/python3.10/site-packages/gunicorn/app/__init__.py
1747595183|Leonardo|A|/venv/lib/python3.10/site-packages/gunicorn/app/__pycache__/__init__.cpython-310.pyc
1747595183|Leonardo|A|/venv/lib/python3.10/site-packages/gunicorn/app/__pycache__/base.cpython-310.pyc
1747595183|Leonardo|A|/venv/lib/python3.10/site-packages/gunicorn/app/__pycache__/pasterapp.cpython-310.pyc
1747595183|Leonardo|A|/venv/lib/python3.10/site-packages/gunicorn/app/__pycache__/wsgiapp.cpython-310.pyc
1747595183|Leonardo|A|/venv/lib/python3.10/site-packages/gunicorn/app/base.py
1747595183|Leonardo|A|/venv/lib/python3.10/site-packages/gunicorn/app/pasterapp.py
1747595183|Leonardo|A|/venv/lib/python3.10/site-packages/gunicorn/app/wsgiapp.py
1747595183|Leonardo|A|/venv/lib/python3.10/site-packages/gunicorn/arbiter.py
1747595183|Leonardo|A|/venv/lib/python3.10/site-packages/gunicorn/config.py
1747595183|Leonardo|A|/venv/lib/python3.10/site-packages/gunicorn/debug.py
1747595183|Leonardo|A|/venv/lib/python3.10/site-packages/gunicorn/errors.py
1747595183|Leonardo|A|/venv/lib/python3.10/site-packages/gunicorn/glogging.py
1747595183|Leonardo|A|/venv/lib/python3.10/site-packages/gunicorn/http/__init__.py
1747595183|Leonardo|A|/venv/lib/python3.10/site-packages/gunicorn/http/__pycache__/__init__.cpython-310.pyc
1747595183|Leonardo|A|/venv/lib/python3.10/site-packages/gunicorn/http/__pycache__/body.cpython-310.pyc
1747595183|Leonardo|A|/venv/lib/python3.10/site-packages/gunicorn/http/__pycache__/errors.cpython-310.pyc
1747595183|Leonardo|A|/venv/lib/python3.10/site-packages/gunicorn/http/__pycache__/message.cpython-310.pyc
1747595183|Leonardo|A|/venv/lib/python3.10/site-packages/gunicorn/http/__pycache__/parser.cpython-310.pyc
1747595183|Leonardo|A|/venv/lib/python3.10/site-packages/gunicorn/http/__pycache__/unreader.cpython-310.pyc
1747595183|Leonardo|A|/venv/lib/python3.10/site-packages/gunicorn/http/__pycache__/wsgi.cpython-310.pyc
1747595183|Leonardo|A|/venv/lib/python3.10/site-packages/gunicorn/http/body.py
1747595183|Leonardo|A|/venv/lib/python3.10/site-packages/gunicorn/http/errors.py
1747595183|Leonardo|A|/venv/lib/python3.10/site-packages/gunicorn/http/message.py
1747595183|Leonardo|A|/venv/lib/python3.10/site-packages/gunicorn/http/parser.py
1747595183|Leonardo|A|/venv/lib/python3.10/site-packages/gunicorn/http/unreader.py
1747595183|Leonardo|A|/venv/lib/python3.10/site-packages/gunicorn/http/wsgi.py
1747595183|Leonardo|A|/venv/lib/python3.10/site-packages/gunicorn/instrument/__init__.py
1747595183|Leonardo|A|/venv/lib/python3.10/site-packages/gunicorn/instrument/__pycache__/__init__.cpython-310.pyc
1747595183|Leonardo|A|/venv/lib/python3.10/site-packages/gunicorn/instrument/__pycache__/statsd.cpython-310.pyc
1747595183|Leonardo|A|/venv/lib/python3.10/site-packages/gunicorn/instrument/statsd.py
1747595183|Leonardo|A|/venv/lib/python3.10/site-packages/gunicorn/pidfile.py
1747595183|Leonardo|A|/venv/lib/python3.10/site-packages/gunicorn/reloader.py
1747595183|Leonardo|A|/venv/lib/python3.10/site-packages/gunicorn/sock.py
1747595183|Leonardo|A|/venv/lib/python3.10/site-packages/gunicorn/systemd.py
1747595183|Leonardo|A|/venv/lib/python3.10/site-packages/gunicorn/util.py
1747595183|Leonardo|A|/venv/lib/python3.10/site-packages/gunicorn/workers/__init__.py
1747595183|Leonardo|A|/venv/lib/python3.10/site-packages/gunicorn/workers/__pycache__/__init__.cpython-310.pyc
1747595183|Leonardo|A|/venv/lib/python3.10/site-packages/gunicorn/workers/__pycache__/base.cpython-310.pyc
1747595183|Leonardo|A|/venv/lib/python3.10/site-packages/gunicorn/workers/__pycache__/base_async.cpython-310.pyc
1747595183|Leonardo|A|/venv/lib/python3.10/site-packages/gunicorn/workers/__pycache__/geventlet.cpython-310.pyc
1747595183|Leonardo|A|/venv/lib/python3.10/site-packages/gunicorn/workers/__pycache__/ggevent.cpython-310.pyc
1747595183|Leonardo|A|/venv/lib/python3.10/site-packages/gunicorn/workers/__pycache__/gthread.cpython-310.pyc
1747595183|Leonardo|A|/venv/lib/python3.10/site-packages/gunicorn/workers/__pycache__/gtornado.cpython-310.pyc
1747595183|Leonardo|A|/venv/lib/python3.10/site-packages/gunicorn/workers/__pycache__/sync.cpython-310.pyc
1747595183|Leonardo|A|/venv/lib/python3.10/site-packages/gunicorn/workers/__pycache__/workertmp.cpython-310.pyc
1747595183|Leonardo|A|/venv/lib/python3.10/site-packages/gunicorn/workers/base.py
1747595183|Leonardo|A|/venv/lib/python3.10/site-packages/gunicorn/workers/base_async.py
1747595183|Leonardo|A|/venv/lib/python3.10/site-packages/gunicorn/workers/geventlet.py
1747595183|Leonardo|A|/venv/lib/python3.10/site-packages/gunicorn/workers/ggevent.py
1747595183|Leonardo|A|/venv/lib/python3.10/site-packages/gunicorn/workers/gthread.py
1747595183|Leonardo|A|/venv/lib/python3.10/site-packages/gunicorn/workers/gtornado.py
1747595183|Leonardo|A|/venv/lib/python3.10/site-packages/gunicorn/workers/sync.py
1747595183|Leonardo|A|/venv/lib/python3.10/site-packages/gunicorn/workers/workertmp.py
1747595183|Leonardo|A|/venv/lib/python3.10/site-packages/itsdangerous-2.2.0.dist-info/INSTALLER
1747595183|Leonardo|A|/venv/lib/python3.10/site-packages/itsdangerous-2.2.0.dist-info/LICENSE.txt
1747595183|Leonardo|A|/venv/lib/python3.10/site-packages/itsdangerous-2.2.0.dist-info/METADATA
1747595183|Leonardo|A|/venv/lib/python3.10/site-packages/itsdangerous-2.2.0.dist-info/RECORD
1747595183|Leonardo|A|/venv/lib/python3.10/site-packages/itsdangerous-2.2.0.dist-info/WHEEL
1747595183|Leonardo|A|/venv/lib/python3.10/site-packages/itsdangerous/__init__.py
1747595183|Leonardo|A|/venv/lib/python3.10/site-packages/itsdangerous/__pycache__/__init__.cpython-310.pyc
1747595183|Leonardo|A|/venv/lib/python3.10/site-packages/itsdangerous/__pycache__/_json.cpython-310.pyc
1747595183|Leonardo|A|/venv/lib/python3.10/site-packages/itsdangerous/__pycache__/encoding.cpython-310.pyc
1747595183|Leonardo|A|/venv/lib/python3.10/site-packages/itsdangerous/__pycache__/exc.cpython-310.pyc
1747595183|Leonardo|A|/venv/lib/python3.10/site-packages/itsdangerous/__pycache__/serializer.cpython-310.pyc
1747595183|Leonardo|A|/venv/lib/python3.10/site-packages/itsdangerous/__pycache__/signer.cpython-310.pyc
1747595183|Leonardo|A|/venv/lib/python3.10/site-packages/itsdangerous/__pycache__/timed.cpython-310.pyc
1747595183|Leonardo|A|/venv/lib/python3.10/site-packages/itsdangerous/__pycache__/url_safe.cpython-310.pyc
1747595183|Leonardo|A|/venv/lib/python3.10/site-packages/itsdangerous/_json.py
1747595183|Leonardo|A|/venv/lib/python3.10/site-packages/itsdangerous/encoding.py
1747595183|Leonardo|A|/venv/lib/python3.10/site-packages/itsdangerous/exc.py
1747595183|Leonardo|A|/venv/lib/python3.10/site-packages/itsdangerous/py.typed
1747595183|Leonardo|A|/venv/lib/python3.10/site-packages/itsdangerous/serializer.py
1747595183|Leonardo|A|/venv/lib/python3.10/site-packages/itsdangerous/signer.py
1747595183|Leonardo|A|/venv/lib/python3.10/site-packages/itsdangerous/timed.py
1747595183|Leonardo|A|/venv/lib/python3.10/site-packages/itsdangerous/url_safe.py
1747595183|Leonardo|A|/venv/lib/python3.10/site-packages/jinja2-3.1.6.dist-info/INSTALLER
1747595183|Leonardo|A|/venv/lib/python3.10/site-packages/jinja2-3.1.6.dist-info/METADATA
1747595183|Leonardo|A|/venv/lib/python3.10/site-packages/jinja2-3.1.6.dist-info/RECORD
1747595183|Leonardo|A|/venv/lib/python3.10/site-packages/jinja2-3.1.6.dist-info/WHEEL
1747595183|Leonardo|A|/venv/lib/python3.10/site-packages/jinja2-3.1.6.dist-info/entry_points.txt
1747595183|Leonardo|A|/venv/lib/python3.10/site-packages/jinja2-3.1.6.dist-info/licenses/LICENSE.txt
1747595183|Leonardo|A|/venv/lib/python3.10/site-packages/jinja2/__init__.py
1747595183|Leonardo|A|/venv/lib/python3.10/site-packages/jinja2/__pycache__/__init__.cpython-310.pyc
1747595183|Leonardo|A|/venv/lib/python3.10/site-packages/jinja2/__pycache__/_identifier.cpython-310.pyc
1747595183|Leonardo|A|/venv/lib/python3.10/site-packages/jinja2/__pycache__/async_utils.cpython-310.pyc
1747595183|Leonardo|A|/venv/lib/python3.10/site-packages/jinja2/__pycache__/bccache.cpython-310.pyc
1747595183|Leonardo|A|/venv/lib/python3.10/site-packages/jinja2/__pycache__/compiler.cpython-310.pyc
1747595183|Leonardo|A|/venv/lib/python3.10/site-packages/jinja2/__pycache__/constants.cpython-310.pyc
1747595183|Leonardo|A|/venv/lib/python3.10/site-packages/jinja2/__pycache__/debug.cpython-310.pyc
1747595183|Leonardo|A|/venv/lib/python3.10/site-packages/jinja2/__pycache__/defaults.cpython-310.pyc
1747595183|Leonardo|A|/venv/lib/python3.10/site-packages/jinja2/__pycache__/environment.cpython-310.pyc
1747595183|Leonardo|A|/venv/lib/python3.10/site-packages/jinja2/__pycache__/exceptions.cpython-310.pyc
1747595183|Leonardo|A|/venv/lib/python3.10/site-packages/jinja2/__pycache__/ext.cpython-310.pyc
1747595183|Leonardo|A|/venv/lib/python3.10/site-packages/jinja2/__pycache__/filters.cpython-310.pyc
1747595183|Leonardo|A|/venv/lib/python3.10/site-packages/jinja2/__pycache__/idtracking.cpython-310.pyc
1747595183|Leonardo|A|/venv/lib/python3.10/site-packages/jinja2/__pycache__/lexer.cpython-310.pyc
1747595183|Leonardo|A|/venv/lib/python3.10/site-packages/jinja2/__pycache__/loaders.cpython-310.pyc
1747595183|Leonardo|A|/venv/lib/python3.10/site-packages/jinja2/__pycache__/meta.cpython-310.pyc
1747595183|Leonardo|A|/venv/lib/python3.10/site-packages/jinja2/__pycache__/nativetypes.cpython-310.pyc
1747595183|Leonardo|A|/venv/lib/python3.10/site-packages/jinja2/__pycache__/nodes.cpython-310.pyc
1747595183|Leonardo|A|/venv/lib/python3.10/site-packages/jinja2/__pycache__/optimizer.cpython-310.pyc
1747595183|Leonardo|A|/venv/lib/python3.10/site-packages/jinja2/__pycache__/parser.cpython-310.pyc
1747595183|Leonardo|A|/venv/lib/python3.10/site-packages/jinja2/__pycache__/runtime.cpython-310.pyc
1747595183|Leonardo|A|/venv/lib/python3.10/site-packages/jinja2/__pycache__/sandbox.cpython-310.pyc
1747595183|Leonardo|A|/venv/lib/python3.10/site-packages/jinja2/__pycache__/tests.cpython-310.pyc
1747595183|Leonardo|A|/venv/lib/python3.10/site-packages/jinja2/__pycache__/utils.cpython-310.pyc
1747595183|Leonardo|A|/venv/lib/python3.10/site-packages/jinja2/__pycache__/visitor.cpython-310.pyc
1747595183|Leonardo|A|/venv/lib/python3.10/site-packages/jinja2/_identifier.py
1747595183|Leonardo|A|/venv/lib/python3.10/site-packages/jinja2/async_utils.py
1747595183|Leonardo|A|/venv/lib/python3.10/site-packages/jinja2/bccache.py
1747595183|Leonardo|A|/venv/lib/python3.10/site-packages/jinja2/compiler.py
1747595183|Leonardo|A|/venv/lib/python3.10/site-packages/jinja2/constants.py
1747595183|Leonardo|A|/venv/lib/python3.10/site-packages/jinja2/debug.py
1747595183|Leonardo|A|/venv/lib/python3.10/site-packages/jinja2/defaults.py
1747595183|Leonardo|A|/venv/lib/python3.10/site-packages/jinja2/environment.py
1747595183|Leonardo|A|/venv/lib/python3.10/site-packages/jinja2/exceptions.py
1747595183|Leonardo|A|/venv/lib/python3.10/site-packages/jinja2/ext.py
1747595183|Leonardo|A|/venv/lib/python3.10/site-packages/jinja2/filters.py
1747595183|Leonardo|A|/venv/lib/python3.10/site-packages/jinja2/idtracking.py
1747595183|Leonardo|A|/venv/lib/python3.10/site-packages/jinja2/lexer.py
1747595183|Leonardo|A|/venv/lib/python3.10/site-packages/jinja2/loaders.py
1747595183|Leonardo|A|/venv/lib/python3.10/site-packages/jinja2/meta.py
1747595183|Leonardo|A|/venv/lib/python3.10/site-packages/jinja2/nativetypes.py
1747595183|Leonardo|A|/venv/lib/python3.10/site-packages/jinja2/nodes.py
1747595183|Leonardo|A|/venv/lib/python3.10/site-packages/jinja2/optimizer.py
1747595183|Leonardo|A|/venv/lib/python3.10/site-packages/jinja2/parser.py
1747595183|Leonardo|A|/venv/lib/python3.10/site-packages/jinja2/py.typed
1747595183|Leonardo|A|/venv/lib/python3.10/site-packages/jinja2/runtime.py
1747595183|Leonardo|A|/venv/lib/python3.10/site-packages/jinja2/sandbox.py
1747595183|Leonardo|A|/venv/lib/python3.10/site-packages/jinja2/tests.py
1747595183|Leonardo|A|/venv/lib/python3.10/site-packages/jinja2/utils.py
1747595183|Leonardo|A|/venv/lib/python3.10/site-packages/jinja2/visitor.py
1747595183|Leonardo|A|/venv/lib/python3.10/site-packages/markupsafe/__init__.py
1747595183|Leonardo|A|/venv/lib/python3.10/site-packages/markupsafe/__pycache__/__init__.cpython-310.pyc
1747595183|Leonardo|A|/venv/lib/python3.10/site-packages/markupsafe/__pycache__/_native.cpython-310.pyc
1747595183|Leonardo|A|/venv/lib/python3.10/site-packages/markupsafe/_native.py
1747595183|Leonardo|A|/venv/lib/python3.10/site-packages/markupsafe/_speedups.c
1747595183|Leonardo|A|/venv/lib/python3.10/site-packages/markupsafe/_speedups.cpython-310-x86_64-linux-gnu.so
1747595183|Leonardo|A|/venv/lib/python3.10/site-packages/markupsafe/_speedups.pyi
1747595183|Leonardo|A|/venv/lib/python3.10/site-packages/markupsafe/py.typed
1747595183|Leonardo|A|/venv/lib/python3.10/site-packages/packaging-25.0.dist-info/INSTALLER
1747595183|Leonardo|A|/venv/lib/python3.10/site-packages/packaging-25.0.dist-info/METADATA
1747595183|Leonardo|A|/venv/lib/python3.10/site-packages/packaging-25.0.dist-info/RECORD
1747595183|Leonardo|A|/venv/lib/python3.10/site-packages/packaging-25.0.dist-info/WHEEL
1747595183|Leonardo|A|/venv/lib/python3.10/site-packages/packaging-25.0.dist-info/licenses/LICENSE
1747595183|Leonardo|A|/venv/lib/python3.10/site-packages/packaging-25.0.dist-info/licenses/LICENSE.APACHE
1747595183|Leonardo|A|/venv/lib/python3.10/site-packages/packaging-25.0.dist-info/licenses/LICENSE.BSD
1747595183|Leonardo|A|/venv/lib/python3.10/site-packages/packaging/__init__.py
1747595183|Leonardo|A|/venv/lib/python3.10/site-packages/packaging/__pycache__/__init__.cpython-310.pyc
1747595183|Leonardo|A|/venv/lib/python3.10/site-packages/packaging/__pycache__/_elffile.cpython-310.pyc
1747595183|Leonardo|A|/venv/lib/python3.10/site-packages/packaging/__pycache__/_manylinux.cpython-310.pyc
1747595183|Leonardo|A|/venv/lib/python3.10/site-packages/packaging/__pycache__/_musllinux.cpython-310.pyc
1747595183|Leonardo|A|/venv/lib/python3.10/site-packages/packaging/__pycache__/_parser.cpython-310.pyc
1747595183|Leonardo|A|/venv/lib/python3.10/site-packages/packaging/__pycache__/_structures.cpython-310.pyc
1747595183|Leonardo|A|/venv/lib/python3.10/site-packages/packaging/__pycache__/_tokenizer.cpython-310.pyc
1747595183|Leonardo|A|/venv/lib/python3.10/site-packages/packaging/__pycache__/markers.cpython-310.pyc
1747595183|Leonardo|A|/venv/lib/python3.10/site-packages/packaging/__pycache__/metadata.cpython-310.pyc
1747595183|Leonardo|A|/venv/lib/python3.10/site-packages/packaging/__pycache__/requirements.cpython-310.pyc
1747595183|Leonardo|A|/venv/lib/python3.10/site-packages/packaging/__pycache__/specifiers.cpython-310.pyc
1747595183|Leonardo|A|/venv/lib/python3.10/site-packages/packaging/__pycache__/tags.cpython-310.pyc
1747595183|Leonardo|A|/venv/lib/python3.10/site-packages/packaging/__pycache__/utils.cpython-310.pyc
1747595183|Leonardo|A|/venv/lib/python3.10/site-packages/packaging/__pycache__/version.cpython-310.pyc
1747595183|Leonardo|A|/venv/lib/python3.10/site-packages/packaging/_elffile.py
1747595183|Leonardo|A|/venv/lib/python3.10/site-packages/packaging/_manylinux.py
1747595183|Leonardo|A|/venv/lib/python3.10/site-packages/packaging/_musllinux.py
1747595183|Leonardo|A|/venv/lib/python3.10/site-packages/packaging/_parser.py
1747595183|Leonardo|A|/venv/lib/python3.10/site-packages/packaging/_structures.py
1747595183|Leonardo|A|/venv/lib/python3.10/site-packages/packaging/_tokenizer.py
1747595183|Leonardo|A|/venv/lib/python3.10/site-packages/packaging/licenses/__init__.py
1747595183|Leonardo|A|/venv/lib/python3.10/site-packages/packaging/licenses/__pycache__/__init__.cpython-310.pyc
1747595183|Leonardo|A|/venv/lib/python3.10/site-packages/packaging/licenses/__pycache__/_spdx.cpython-310.pyc
1747595183|Leonardo|A|/venv/lib/python3.10/site-packages/packaging/licenses/_spdx.py
1747595183|Leonardo|A|/venv/lib/python3.10/site-packages/packaging/markers.py
1747595183|Leonardo|A|/venv/lib/python3.10/site-packages/packaging/metadata.py
1747595183|Leonardo|A|/venv/lib/python3.10/site-packages/packaging/py.typed
1747595183|Leonardo|A|/venv/lib/python3.10/site-packages/packaging/requirements.py
1747595183|Leonardo|A|/venv/lib/python3.10/site-packages/packaging/specifiers.py
1747595183|Leonardo|A|/venv/lib/python3.10/site-packages/packaging/tags.py
1747595183|Leonardo|A|/venv/lib/python3.10/site-packages/packaging/utils.py
1747595183|Leonardo|A|/venv/lib/python3.10/site-packages/packaging/version.py
1747595183|Leonardo|A|/venv/lib/python3.10/site-packages/pip-22.0.2.dist-info/INSTALLER
1747595183|Leonardo|A|/venv/lib/python3.10/site-packages/pip-22.0.2.dist-info/LICENSE.txt
1747595183|Leonardo|A|/venv/lib/python3.10/site-packages/pip-22.0.2.dist-info/METADATA
1747595183|Leonardo|A|/venv/lib/python3.10/site-packages/pip-22.0.2.dist-info/RECORD
1747595183|Leonardo|A|/venv/lib/python3.10/site-packages/pip-22.0.2.dist-info/REQUESTED
1747595183|Leonardo|A|/venv/lib/python3.10/site-packages/pip-22.0.2.dist-info/WHEEL
1747595183|Leonardo|A|/venv/lib/python3.10/site-packages/pip-22.0.2.dist-info/entry_points.txt
1747595183|Leonardo|A|/venv/lib/python3.10/site-packages/pip-22.0.2.dist-info/top_level.txt
1747595183|Leonardo|A|/venv/lib/python3.10/site-packages/pip/__init__.py
1747595183|Leonardo|A|/venv/lib/python3.10/site-packages/pip/__main__.py
1747595183|Leonardo|A|/venv/lib/python3.10/site-packages/pip/__pycache__/__init__.cpython-310.pyc
1747595183|Leonardo|A|/venv/lib/python3.10/site-packages/pip/__pycache__/__main__.cpython-310.pyc
1747595183|Leonardo|A|/venv/lib/python3.10/site-packages/pip/_internal/__init__.py
1747595183|Leonardo|A|/venv/lib/python3.10/site-packages/pip/_internal/__pycache__/__init__.cpython-310.pyc
1747595183|Leonardo|A|/venv/lib/python3.10/site-packages/pip/_internal/__pycache__/build_env.cpython-310.pyc
1747595183|Leonardo|A|/venv/lib/python3.10/site-packages/pip/_internal/__pycache__/cache.cpython-310.pyc
1747595183|Leonardo|A|/venv/lib/python3.10/site-packages/pip/_internal/__pycache__/configuration.cpython-310.pyc
1747595183|Leonardo|A|/venv/lib/python3.10/site-packages/pip/_internal/__pycache__/exceptions.cpython-310.pyc
1747595183|Leonardo|A|/venv/lib/python3.10/site-packages/pip/_internal/__pycache__/main.cpython-310.pyc
1747595183|Leonardo|A|/venv/lib/python3.10/site-packages/pip/_internal/__pycache__/pyproject.cpython-310.pyc
1747595183|Leonardo|A|/venv/lib/python3.10/site-packages/pip/_internal/__pycache__/self_outdated_check.cpython-310.pyc
1747595183|Leonardo|A|/venv/lib/python3.10/site-packages/pip/_internal/__pycache__/wheel_builder.cpython-310.pyc
1747595183|Leonardo|A|/venv/lib/python3.10/site-packages/pip/_internal/build_env.py
1747595183|Leonardo|A|/venv/lib/python3.10/site-packages/pip/_internal/cache.py
1747595183|Leonardo|A|/venv/lib/python3.10/site-packages/pip/_internal/cli/__init__.py
1747595183|Leonardo|A|/venv/lib/python3.10/site-packages/pip/_internal/cli/__pycache__/__init__.cpython-310.pyc
1747595183|Leonardo|A|/venv/lib/python3.10/site-packages/pip/_internal/cli/__pycache__/autocompletion.cpython-310.pyc
1747595183|Leonardo|A|/venv/lib/python3.10/site-packages/pip/_internal/cli/__pycache__/base_command.cpython-310.pyc
1747595183|Leonardo|A|/venv/lib/python3.10/site-packages/pip/_internal/cli/__pycache__/cmdoptions.cpython-310.pyc
1747595183|Leonardo|A|/venv/lib/python3.10/site-packages/pip/_internal/cli/__pycache__/command_context.cpython-310.pyc
1747595183|Leonardo|A|/venv/lib/python3.10/site-packages/pip/_internal/cli/__pycache__/main.cpython-310.pyc
1747595183|Leonardo|A|/venv/lib/python3.10/site-packages/pip/_internal/cli/__pycache__/main_parser.cpython-310.pyc
1747595183|Leonardo|A|/venv/lib/python3.10/site-packages/pip/_internal/cli/__pycache__/parser.cpython-310.pyc
1747595183|Leonardo|A|/venv/lib/python3.10/site-packages/pip/_internal/cli/__pycache__/progress_bars.cpython-310.pyc
1747595183|Leonardo|A|/venv/lib/python3.10/site-packages/pip/_internal/cli/__pycache__/req_command.cpython-310.pyc
1747595183|Leonardo|A|/venv/lib/python3.10/site-packages/pip/_internal/cli/__pycache__/spinners.cpython-310.pyc
1747595183|Leonardo|A|/venv/lib/python3.10/site-packages/pip/_internal/cli/__pycache__/status_codes.cpython-310.pyc
1747595183|Leonardo|A|/venv/lib/python3.10/site-packages/pip/_internal/cli/autocompletion.py
1747595183|Leonardo|A|/venv/lib/python3.10/site-packages/pip/_internal/cli/base_command.py
1747595183|Leonardo|A|/venv/lib/python3.10/site-packages/pip/_internal/cli/cmdoptions.py
1747595183|Leonardo|A|/venv/lib/python3.10/site-packages/pip/_internal/cli/command_context.py
1747595183|Leonardo|A|/venv/lib/python3.10/site-packages/pip/_internal/cli/main.py
1747595183|Leonardo|A|/venv/lib/python3.10/site-packages/pip/_internal/cli/main_parser.py
1747595183|Leonardo|A|/venv/lib/python3.10/site-packages/pip/_internal/cli/parser.py
1747595183|Leonardo|A|/venv/lib/python3.10/site-packages/pip/_internal/cli/progress_bars.py
1747595183|Leonardo|A|/venv/lib/python3.10/site-packages/pip/_internal/cli/req_command.py
1747595183|Leonardo|A|/venv/lib/python3.10/site-packages/pip/_internal/cli/spinners.py
1747595183|Leonardo|A|/venv/lib/python3.10/site-packages/pip/_internal/cli/status_codes.py
1747595183|Leonardo|A|/venv/lib/python3.10/site-packages/pip/_internal/commands/__init__.py
1747595183|Leonardo|A|/venv/lib/python3.10/site-packages/pip/_internal/commands/__pycache__/__init__.cpython-310.pyc
1747595183|Leonardo|A|/venv/lib/python3.10/site-packages/pip/_internal/commands/__pycache__/cache.cpython-310.pyc
1747595183|Leonardo|A|/venv/lib/python3.10/site-packages/pip/_internal/commands/__pycache__/check.cpython-310.pyc
1747595183|Leonardo|A|/venv/lib/python3.10/site-packages/pip/_internal/commands/__pycache__/completion.cpython-310.pyc
1747595183|Leonardo|A|/venv/lib/python3.10/site-packages/pip/_internal/commands/__pycache__/configuration.cpython-310.pyc
1747595183|Leonardo|A|/venv/lib/python3.10/site-packages/pip/_internal/commands/__pycache__/debug.cpython-310.pyc
1747595183|Leonardo|A|/venv/lib/python3.10/site-packages/pip/_internal/commands/__pycache__/download.cpython-310.pyc
1747595183|Leonardo|A|/venv/lib/python3.10/site-packages/pip/_internal/commands/__pycache__/freeze.cpython-310.pyc
1747595183|Leonardo|A|/venv/lib/python3.10/site-packages/pip/_internal/commands/__pycache__/hash.cpython-310.pyc
1747595183|Leonardo|A|/venv/lib/python3.10/site-packages/pip/_internal/commands/__pycache__/help.cpython-310.pyc
1747595183|Leonardo|A|/venv/lib/python3.10/site-packages/pip/_internal/commands/__pycache__/index.cpython-310.pyc
1747595183|Leonardo|A|/venv/lib/python3.10/site-packages/pip/_internal/commands/__pycache__/install.cpython-310.pyc
1747595183|Leonardo|A|/venv/lib/python3.10/site-packages/pip/_internal/commands/__pycache__/list.cpython-310.pyc
1747595183|Leonardo|A|/venv/lib/python3.10/site-packages/pip/_internal/commands/__pycache__/search.cpython-310.pyc
1747595183|Leonardo|A|/venv/lib/python3.10/site-packages/pip/_internal/commands/__pycache__/show.cpython-310.pyc
1747595183|Leonardo|A|/venv/lib/python3.10/site-packages/pip/_internal/commands/__pycache__/uninstall.cpython-310.pyc
1747595183|Leonardo|A|/venv/lib/python3.10/site-packages/pip/_internal/commands/__pycache__/wheel.cpython-310.pyc
1747595183|Leonardo|A|/venv/lib/python3.10/site-packages/pip/_internal/commands/cache.py
1747595183|Leonardo|A|/venv/lib/python3.10/site-packages/pip/_internal/commands/check.py
1747595183|Leonardo|A|/venv/lib/python3.10/site-packages/pip/_internal/commands/completion.py
1747595183|Leonardo|A|/venv/lib/python3.10/site-packages/pip/_internal/commands/configuration.py
1747595183|Leonardo|A|/venv/lib/python3.10/site-packages/pip/_internal/commands/debug.py
1747595183|Leonardo|A|/venv/lib/python3.10/site-packages/pip/_internal/commands/download.py
1747595183|Leonardo|A|/venv/lib/python3.10/site-packages/pip/_internal/commands/freeze.py
1747595183|Leonardo|A|/venv/lib/python3.10/site-packages/pip/_internal/commands/hash.py
1747595183|Leonardo|A|/venv/lib/python3.10/site-packages/pip/_internal/commands/help.py
1747595183|Leonardo|A|/venv/lib/python3.10/site-packages/pip/_internal/commands/index.py
1747595183|Leonardo|A|/venv/lib/python3.10/site-packages/pip/_internal/commands/install.py
1747595183|Leonardo|A|/venv/lib/python3.10/site-packages/pip/_internal/commands/list.py
1747595183|Leonardo|A|/venv/lib/python3.10/site-packages/pip/_internal/commands/search.py
1747595183|Leonardo|A|/venv/lib/python3.10/site-packages/pip/_internal/commands/show.py
1747595183|Leonardo|A|/venv/lib/python3.10/site-packages/pip/_internal/commands/uninstall.py
1747595183|Leonardo|A|/venv/lib/python3.10/site-packages/pip/_internal/commands/wheel.py
1747595183|Leonardo|A|/venv/lib/python3.10/site-packages/pip/_internal/configuration.py
1747595183|Leonardo|A|/venv/lib/python3.10/site-packages/pip/_internal/distributions/__init__.py
1747595183|Leonardo|A|/venv/lib/python3.10/site-packages/pip/_internal/distributions/__pycache__/__init__.cpython-310.pyc
1747595183|Leonardo|A|/venv/lib/python3.10/site-packages/pip/_internal/distributions/__pycache__/base.cpython-310.pyc
1747595183|Leonardo|A|/venv/lib/python3.10/site-packages/pip/_internal/distributions/__pycache__/installed.cpython-310.pyc
1747595183|Leonardo|A|/venv/lib/python3.10/site-packages/pip/_internal/distributions/__pycache__/sdist.cpython-310.pyc
1747595183|Leonardo|A|/venv/lib/python3.10/site-packages/pip/_internal/distributions/__pycache__/wheel.cpython-310.pyc
1747595183|Leonardo|A|/venv/lib/python3.10/site-packages/pip/_internal/distributions/base.py
1747595183|Leonardo|A|/venv/lib/python3.10/site-packages/pip/_internal/distributions/installed.py
1747595183|Leonardo|A|/venv/lib/python3.10/site-packages/pip/_internal/distributions/sdist.py
1747595183|Leonardo|A|/venv/lib/python3.10/site-packages/pip/_internal/distributions/wheel.py
1747595183|Leonardo|A|/venv/lib/python3.10/site-packages/pip/_internal/exceptions.py
1747595183|Leonardo|A|/venv/lib/python3.10/site-packages/pip/_internal/index/__init__.py
1747595183|Leonardo|A|/venv/lib/python3.10/site-packages/pip/_internal/index/__pycache__/__init__.cpython-310.pyc
1747595183|Leonardo|A|/venv/lib/python3.10/site-packages/pip/_internal/index/__pycache__/collector.cpython-310.pyc
1747595183|Leonardo|A|/venv/lib/python3.10/site-packages/pip/_internal/index/__pycache__/package_finder.cpython-310.pyc
1747595183|Leonardo|A|/venv/lib/python3.10/site-packages/pip/_internal/index/__pycache__/sources.cpython-310.pyc
1747595183|Leonardo|A|/venv/lib/python3.10/site-packages/pip/_internal/index/collector.py
1747595183|Leonardo|A|/venv/lib/python3.10/site-packages/pip/_internal/index/package_finder.py
1747595183|Leonardo|A|/venv/lib/python3.10/site-packages/pip/_internal/index/sources.py
1747595183|Leonardo|A|/venv/lib/python3.10/site-packages/pip/_internal/locations/__init__.py
1747595183|Leonardo|A|/venv/lib/python3.10/site-packages/pip/_internal/locations/__pycache__/__init__.cpython-310.pyc
1747595183|Leonardo|A|/venv/lib/python3.10/site-packages/pip/_internal/locations/__pycache__/_distutils.cpython-310.pyc
1747595183|Leonardo|A|/venv/lib/python3.10/site-packages/pip/_internal/locations/__pycache__/_sysconfig.cpython-310.pyc
1747595183|Leonardo|A|/venv/lib/python3.10/site-packages/pip/_internal/locations/__pycache__/base.cpython-310.pyc
1747595183|Leonardo|A|/venv/lib/python3.10/site-packages/pip/_internal/locations/_distutils.py
1747595183|Leonardo|A|/venv/lib/python3.10/site-packages/pip/_internal/locations/_sysconfig.py
1747595183|Leonardo|A|/venv/lib/python3.10/site-packages/pip/_internal/locations/base.py
1747595183|Leonardo|A|/venv/lib/python3.10/site-packages/pip/_internal/main.py
1747595183|Leonardo|A|/venv/lib/python3.10/site-packages/pip/_internal/metadata/__init__.py
1747595183|Leonardo|A|/venv/lib/python3.10/site-packages/pip/_internal/metadata/__pycache__/__init__.cpython-310.pyc
1747595183|Leonardo|A|/venv/lib/python3.10/site-packages/pip/_internal/metadata/__pycache__/base.cpython-310.pyc
1747595183|Leonardo|A|/venv/lib/python3.10/site-packages/pip/_internal/metadata/__pycache__/pkg_resources.cpython-310.pyc
1747595183|Leonardo|A|/venv/lib/python3.10/site-packages/pip/_internal/metadata/base.py
1747595183|Leonardo|A|/venv/lib/python3.10/site-packages/pip/_internal/metadata/pkg_resources.py
1747595183|Leonardo|A|/venv/lib/python3.10/site-packages/pip/_internal/models/__init__.py
1747595183|Leonardo|A|/venv/lib/python3.10/site-packages/pip/_internal/models/__pycache__/__init__.cpython-310.pyc
1747595183|Leonardo|A|/venv/lib/python3.10/site-packages/pip/_internal/models/__pycache__/candidate.cpython-310.pyc
1747595183|Leonardo|A|/venv/lib/python3.10/site-packages/pip/_internal/models/__pycache__/direct_url.cpython-310.pyc
1747595183|Leonardo|A|/venv/lib/python3.10/site-packages/pip/_internal/models/__pycache__/format_control.cpython-310.pyc
1747595183|Leonardo|A|/venv/lib/python3.10/site-packages/pip/_internal/models/__pycache__/index.cpython-310.pyc
1747595183|Leonardo|A|/venv/lib/python3.10/site-packages/pip/_internal/models/__pycache__/link.cpython-310.pyc
1747595183|Leonardo|A|/venv/lib/python3.10/site-packages/pip/_internal/models/__pycache__/scheme.cpython-310.pyc
1747595183|Leonardo|A|/venv/lib/python3.10/site-packages/pip/_internal/models/__pycache__/search_scope.cpython-310.pyc
1747595183|Leonardo|A|/venv/lib/python3.10/site-packages/pip/_internal/models/__pycache__/selection_prefs.cpython-310.pyc
1747595183|Leonardo|A|/venv/lib/python3.10/site-packages/pip/_internal/models/__pycache__/target_python.cpython-310.pyc
1747595183|Leonardo|A|/venv/lib/python3.10/site-packages/pip/_internal/models/__pycache__/wheel.cpython-310.pyc
1747595183|Leonardo|A|/venv/lib/python3.10/site-packages/pip/_internal/models/candidate.py
1747595183|Leonardo|A|/venv/lib/python3.10/site-packages/pip/_internal/models/direct_url.py
1747595183|Leonardo|A|/venv/lib/python3.10/site-packages/pip/_internal/models/format_control.py
1747595183|Leonardo|A|/venv/lib/python3.10/site-packages/pip/_internal/models/index.py
1747595183|Leonardo|A|/venv/lib/python3.10/site-packages/pip/_internal/models/link.py
1747595183|Leonardo|A|/venv/lib/python3.10/site-packages/pip/_internal/models/scheme.py
1747595183|Leonardo|A|/venv/lib/python3.10/site-packages/pip/_internal/models/search_scope.py
1747595183|Leonardo|A|/venv/lib/python3.10/site-packages/pip/_internal/models/selection_prefs.py
1747595183|Leonardo|A|/venv/lib/python3.10/site-packages/pip/_internal/models/target_python.py
1747595183|Leonardo|A|/venv/lib/python3.10/site-packages/pip/_internal/models/wheel.py
1747595183|Leonardo|A|/venv/lib/python3.10/site-packages/pip/_internal/network/__init__.py
1747595183|Leonardo|A|/venv/lib/python3.10/site-packages/pip/_internal/network/__pycache__/__init__.cpython-310.pyc
1747595183|Leonardo|A|/venv/lib/python3.10/site-packages/pip/_internal/network/__pycache__/auth.cpython-310.pyc
1747595183|Leonardo|A|/venv/lib/python3.10/site-packages/pip/_internal/network/__pycache__/cache.cpython-310.pyc
1747595183|Leonardo|A|/venv/lib/python3.10/site-packages/pip/_internal/network/__pycache__/download.cpython-310.pyc
1747595183|Leonardo|A|/venv/lib/python3.10/site-packages/pip/_internal/network/__pycache__/lazy_wheel.cpython-310.pyc
1747595183|Leonardo|A|/venv/lib/python3.10/site-packages/pip/_internal/network/__pycache__/session.cpython-310.pyc
1747595183|Leonardo|A|/venv/lib/python3.10/site-packages/pip/_internal/network/__pycache__/utils.cpython-310.pyc
1747595183|Leonardo|A|/venv/lib/python3.10/site-packages/pip/_internal/network/__pycache__/xmlrpc.cpython-310.pyc
1747595183|Leonardo|A|/venv/lib/python3.10/site-packages/pip/_internal/network/auth.py
1747595183|Leonardo|A|/venv/lib/python3.10/site-packages/pip/_internal/network/cache.py
1747595183|Leonardo|A|/venv/lib/python3.10/site-packages/pip/_internal/network/download.py
1747595183|Leonardo|A|/venv/lib/python3.10/site-packages/pip/_internal/network/lazy_wheel.py
1747595183|Leonardo|A|/venv/lib/python3.10/site-packages/pip/_internal/network/session.py
1747595183|Leonardo|A|/venv/lib/python3.10/site-packages/pip/_internal/network/utils.py
1747595183|Leonardo|A|/venv/lib/python3.10/site-packages/pip/_internal/network/xmlrpc.py
1747595183|Leonardo|A|/venv/lib/python3.10/site-packages/pip/_internal/operations/__init__.py
1747595183|Leonardo|A|/venv/lib/python3.10/site-packages/pip/_internal/operations/__pycache__/__init__.cpython-310.pyc
1747595183|Leonardo|A|/venv/lib/python3.10/site-packages/pip/_internal/operations/__pycache__/check.cpython-310.pyc
1747595183|Leonardo|A|/venv/lib/python3.10/site-packages/pip/_internal/operations/__pycache__/freeze.cpython-310.pyc
1747595183|Leonardo|A|/venv/lib/python3.10/site-packages/pip/_internal/operations/__pycache__/prepare.cpython-310.pyc
1747595183|Leonardo|A|/venv/lib/python3.10/site-packages/pip/_internal/operations/build/__init__.py
1747595183|Leonardo|A|/venv/lib/python3.10/site-packages/pip/_internal/operations/build/__pycache__/__init__.cpython-310.pyc
1747595183|Leonardo|A|/venv/lib/python3.10/site-packages/pip/_internal/operations/build/__pycache__/metadata.cpython-310.pyc
1747595183|Leonardo|A|/venv/lib/python3.10/site-packages/pip/_internal/operations/build/__pycache__/metadata_editable.cpython-310.pyc
1747595183|Leonardo|A|/venv/lib/python3.10/site-packages/pip/_internal/operations/build/__pycache__/metadata_legacy.cpython-310.pyc
1747595183|Leonardo|A|/venv/lib/python3.10/site-packages/pip/_internal/operations/build/__pycache__/wheel.cpython-310.pyc
1747595183|Leonardo|A|/venv/lib/python3.10/site-packages/pip/_internal/operations/build/__pycache__/wheel_editable.cpython-310.pyc
1747595183|Leonardo|A|/venv/lib/python3.10/site-packages/pip/_internal/operations/build/__pycache__/wheel_legacy.cpython-310.pyc
1747595183|Leonardo|A|/venv/lib/python3.10/site-packages/pip/_internal/operations/build/metadata.py
1747595183|Leonardo|A|/venv/lib/python3.10/site-packages/pip/_internal/operations/build/metadata_editable.py
1747595183|Leonardo|A|/venv/lib/python3.10/site-packages/pip/_internal/operations/build/metadata_legacy.py
1747595183|Leonardo|A|/venv/lib/python3.10/site-packages/pip/_internal/operations/build/wheel.py
1747595183|Leonardo|A|/venv/lib/python3.10/site-packages/pip/_internal/operations/build/wheel_editable.py
1747595183|Leonardo|A|/venv/lib/python3.10/site-packages/pip/_internal/operations/build/wheel_legacy.py
1747595183|Leonardo|A|/venv/lib/python3.10/site-packages/pip/_internal/operations/check.py
1747595183|Leonardo|A|/venv/lib/python3.10/site-packages/pip/_internal/operations/freeze.py
1747595183|Leonardo|A|/venv/lib/python3.10/site-packages/pip/_internal/operations/install/__init__.py
1747595183|Leonardo|A|/venv/lib/python3.10/site-packages/pip/_internal/operations/install/__pycache__/__init__.cpython-310.pyc
1747595183|Leonardo|A|/venv/lib/python3.10/site-packages/pip/_internal/operations/install/__pycache__/editable_legacy.cpython-310.pyc
1747595183|Leonardo|A|/venv/lib/python3.10/site-packages/pip/_internal/operations/install/__pycache__/legacy.cpython-310.pyc
1747595183|Leonardo|A|/venv/lib/python3.10/site-packages/pip/_internal/operations/install/__pycache__/wheel.cpython-310.pyc
1747595183|Leonardo|A|/venv/lib/python3.10/site-packages/pip/_internal/operations/install/editable_legacy.py
1747595183|Leonardo|A|/venv/lib/python3.10/site-packages/pip/_internal/operations/install/legacy.py
1747595183|Leonardo|A|/venv/lib/python3.10/site-packages/pip/_internal/operations/install/wheel.py
1747595183|Leonardo|A|/venv/lib/python3.10/site-packages/pip/_internal/operations/prepare.py
1747595183|Leonardo|A|/venv/lib/python3.10/site-packages/pip/_internal/pyproject.py
1747595183|Leonardo|A|/venv/lib/python3.10/site-packages/pip/_internal/req/__init__.py
1747595183|Leonardo|A|/venv/lib/python3.10/site-packages/pip/_internal/req/__pycache__/__init__.cpython-310.pyc
1747595183|Leonardo|A|/venv/lib/python3.10/site-packages/pip/_internal/req/__pycache__/constructors.cpython-310.pyc
1747595183|Leonardo|A|/venv/lib/python3.10/site-packages/pip/_internal/req/__pycache__/req_file.cpython-310.pyc
1747595183|Leonardo|A|/venv/lib/python3.10/site-packages/pip/_internal/req/__pycache__/req_install.cpython-310.pyc
1747595183|Leonardo|A|/venv/lib/python3.10/site-packages/pip/_internal/req/__pycache__/req_set.cpython-310.pyc
1747595183|Leonardo|A|/venv/lib/python3.10/site-packages/pip/_internal/req/__pycache__/req_tracker.cpython-310.pyc
1747595183|Leonardo|A|/venv/lib/python3.10/site-packages/pip/_internal/req/__pycache__/req_uninstall.cpython-310.pyc
1747595183|Leonardo|A|/venv/lib/python3.10/site-packages/pip/_internal/req/constructors.py
1747595183|Leonardo|A|/venv/lib/python3.10/site-packages/pip/_internal/req/req_file.py
1747595183|Leonardo|A|/venv/lib/python3.10/site-packages/pip/_internal/req/req_install.py
1747595183|Leonardo|A|/venv/lib/python3.10/site-packages/pip/_internal/req/req_set.py
1747595183|Leonardo|A|/venv/lib/python3.10/site-packages/pip/_internal/req/req_tracker.py
1747595183|Leonardo|A|/venv/lib/python3.10/site-packages/pip/_internal/req/req_uninstall.py
1747595183|Leonardo|A|/venv/lib/python3.10/site-packages/pip/_internal/resolution/__init__.py
1747595183|Leonardo|A|/venv/lib/python3.10/site-packages/pip/_internal/resolution/__pycache__/__init__.cpython-310.pyc
1747595183|Leonardo|A|/venv/lib/python3.10/site-packages/pip/_internal/resolution/__pycache__/base.cpython-310.pyc
1747595183|Leonardo|A|/venv/lib/python3.10/site-packages/pip/_internal/resolution/base.py
1747595183|Leonardo|A|/venv/lib/python3.10/site-packages/pip/_internal/resolution/legacy/__init__.py
1747595183|Leonardo|A|/venv/lib/python3.10/site-packages/pip/_internal/resolution/legacy/__pycache__/__init__.cpython-310.pyc
1747595183|Leonardo|A|/venv/lib/python3.10/site-packages/pip/_internal/resolution/legacy/__pycache__/resolver.cpython-310.pyc
1747595183|Leonardo|A|/venv/lib/python3.10/site-packages/pip/_internal/resolution/legacy/resolver.py
1747595183|Leonardo|A|/venv/lib/python3.10/site-packages/pip/_internal/resolution/resolvelib/__init__.py
1747595183|Leonardo|A|/venv/lib/python3.10/site-packages/pip/_internal/resolution/resolvelib/__pycache__/__init__.cpython-310.pyc
1747595183|Leonardo|A|/venv/lib/python3.10/site-packages/pip/_internal/resolution/resolvelib/__pycache__/base.cpython-310.pyc
1747595183|Leonardo|A|/venv/lib/python3.10/site-packages/pip/_internal/resolution/resolvelib/__pycache__/candidates.cpython-310.pyc
1747595183|Leonardo|A|/venv/lib/python3.10/site-packages/pip/_internal/resolution/resolvelib/__pycache__/factory.cpython-310.pyc
1747595183|Leonardo|A|/venv/lib/python3.10/site-packages/pip/_internal/resolution/resolvelib/__pycache__/found_candidates.cpython-310.pyc
1747595183|Leonardo|A|/venv/lib/python3.10/site-packages/pip/_internal/resolution/resolvelib/__pycache__/provider.cpython-310.pyc
1747595183|Leonardo|A|/venv/lib/python3.10/site-packages/pip/_internal/resolution/resolvelib/__pycache__/reporter.cpython-310.pyc
1747595183|Leonardo|A|/venv/lib/python3.10/site-packages/pip/_internal/resolution/resolvelib/__pycache__/requirements.cpython-310.pyc
1747595183|Leonardo|A|/venv/lib/python3.10/site-packages/pip/_internal/resolution/resolvelib/__pycache__/resolver.cpython-310.pyc
1747595183|Leonardo|A|/venv/lib/python3.10/site-packages/pip/_internal/resolution/resolvelib/base.py
1747595183|Leonardo|A|/venv/lib/python3.10/site-packages/pip/_internal/resolution/resolvelib/candidates.py
1747595183|Leonardo|A|/venv/lib/python3.10/site-packages/pip/_internal/resolution/resolvelib/factory.py
1747595183|Leonardo|A|/venv/lib/python3.10/site-packages/pip/_internal/resolution/resolvelib/found_candidates.py
1747595183|Leonardo|A|/venv/lib/python3.10/site-packages/pip/_internal/resolution/resolvelib/provider.py
1747595183|Leonardo|A|/venv/lib/python3.10/site-packages/pip/_internal/resolution/resolvelib/reporter.py
1747595183|Leonardo|A|/venv/lib/python3.10/site-packages/pip/_internal/resolution/resolvelib/requirements.py
1747595183|Leonardo|A|/venv/lib/python3.10/site-packages/pip/_internal/resolution/resolvelib/resolver.py
1747595183|Leonardo|A|/venv/lib/python3.10/site-packages/pip/_internal/self_outdated_check.py
1747595183|Leonardo|A|/venv/lib/python3.10/site-packages/pip/_internal/utils/__init__.py
1747595183|Leonardo|A|/venv/lib/python3.10/site-packages/pip/_internal/utils/__pycache__/__init__.cpython-310.pyc
1747595183|Leonardo|A|/venv/lib/python3.10/site-packages/pip/_internal/utils/__pycache__/_log.cpython-310.pyc
1747595183|Leonardo|A|/venv/lib/python3.10/site-packages/pip/_internal/utils/__pycache__/appdirs.cpython-310.pyc
1747595183|Leonardo|A|/venv/lib/python3.10/site-packages/pip/_internal/utils/__pycache__/compat.cpython-310.pyc
1747595183|Leonardo|A|/venv/lib/python3.10/site-packages/pip/_internal/utils/__pycache__/compatibility_tags.cpython-310.pyc
1747595183|Leonardo|A|/venv/lib/python3.10/site-packages/pip/_internal/utils/__pycache__/datetime.cpython-310.pyc
1747595183|Leonardo|A|/venv/lib/python3.10/site-packages/pip/_internal/utils/__pycache__/deprecation.cpython-310.pyc
1747595183|Leonardo|A|/venv/lib/python3.10/site-packages/pip/_internal/utils/__pycache__/direct_url_helpers.cpython-310.pyc
1747595183|Leonardo|A|/venv/lib/python3.10/site-packages/pip/_internal/utils/__pycache__/distutils_args.cpython-310.pyc
1747595183|Leonardo|A|/venv/lib/python3.10/site-packages/pip/_internal/utils/__pycache__/egg_link.cpython-310.pyc
1747595183|Leonardo|A|/venv/lib/python3.10/site-packages/pip/_internal/utils/__pycache__/encoding.cpython-310.pyc
1747595183|Leonardo|A|/venv/lib/python3.10/site-packages/pip/_internal/utils/__pycache__/entrypoints.cpython-310.pyc
1747595183|Leonardo|A|/venv/lib/python3.10/site-packages/pip/_internal/utils/__pycache__/filesystem.cpython-310.pyc
1747595183|Leonardo|A|/venv/lib/python3.10/site-packages/pip/_internal/utils/__pycache__/filetypes.cpython-310.pyc
1747595183|Leonardo|A|/venv/lib/python3.10/site-packages/pip/_internal/utils/__pycache__/glibc.cpython-310.pyc
1747595183|Leonardo|A|/venv/lib/python3.10/site-packages/pip/_internal/utils/__pycache__/hashes.cpython-310.pyc
1747595183|Leonardo|A|/venv/lib/python3.10/site-packages/pip/_internal/utils/__pycache__/inject_securetransport.cpython-310.pyc
1747595183|Leonardo|A|/venv/lib/python3.10/site-packages/pip/_internal/utils/__pycache__/logging.cpython-310.pyc
1747595183|Leonardo|A|/venv/lib/python3.10/site-packages/pip/_internal/utils/__pycache__/misc.cpython-310.pyc
1747595183|Leonardo|A|/venv/lib/python3.10/site-packages/pip/_internal/utils/__pycache__/models.cpython-310.pyc
1747595183|Leonardo|A|/venv/lib/python3.10/site-packages/pip/_internal/utils/__pycache__/packaging.cpython-310.pyc
1747595183|Leonardo|A|/venv/lib/python3.10/site-packages/pip/_internal/utils/__pycache__/setuptools_build.cpython-310.pyc
1747595183|Leonardo|A|/venv/lib/python3.10/site-packages/pip/_internal/utils/__pycache__/subprocess.cpython-310.pyc
1747595183|Leonardo|A|/venv/lib/python3.10/site-packages/pip/_internal/utils/__pycache__/temp_dir.cpython-310.pyc
1747595183|Leonardo|A|/venv/lib/python3.10/site-packages/pip/_internal/utils/__pycache__/unpacking.cpython-310.pyc
1747595183|Leonardo|A|/venv/lib/python3.10/site-packages/pip/_internal/utils/__pycache__/urls.cpython-310.pyc
1747595183|Leonardo|A|/venv/lib/python3.10/site-packages/pip/_internal/utils/__pycache__/virtualenv.cpython-310.pyc
1747595183|Leonardo|A|/venv/lib/python3.10/site-packages/pip/_internal/utils/__pycache__/wheel.cpython-310.pyc
1747595183|Leonardo|A|/venv/lib/python3.10/site-packages/pip/_internal/utils/_log.py
1747595183|Leonardo|A|/venv/lib/python3.10/site-packages/pip/_internal/utils/appdirs.py
1747595183|Leonardo|A|/venv/lib/python3.10/site-packages/pip/_internal/utils/compat.py
1747595183|Leonardo|A|/venv/lib/python3.10/site-packages/pip/_internal/utils/compatibility_tags.py
1747595183|Leonardo|A|/venv/lib/python3.10/site-packages/pip/_internal/utils/datetime.py
1747595183|Leonardo|A|/venv/lib/python3.10/site-packages/pip/_internal/utils/deprecation.py
1747595183|Leonardo|A|/venv/lib/python3.10/site-packages/pip/_internal/utils/direct_url_helpers.py
1747595183|Leonardo|A|/venv/lib/python3.10/site-packages/pip/_internal/utils/distutils_args.py
1747595183|Leonardo|A|/venv/lib/python3.10/site-packages/pip/_internal/utils/egg_link.py
1747595183|Leonardo|A|/venv/lib/python3.10/site-packages/pip/_internal/utils/encoding.py
1747595183|Leonardo|A|/venv/lib/python3.10/site-packages/pip/_internal/utils/entrypoints.py
1747595183|Leonardo|A|/venv/lib/python3.10/site-packages/pip/_internal/utils/filesystem.py
1747595183|Leonardo|A|/venv/lib/python3.10/site-packages/pip/_internal/utils/filetypes.py
1747595183|Leonardo|A|/venv/lib/python3.10/site-packages/pip/_internal/utils/glibc.py
1747595183|Leonardo|A|/venv/lib/python3.10/site-packages/pip/_internal/utils/hashes.py
1747595183|Leonardo|A|/venv/lib/python3.10/site-packages/pip/_internal/utils/inject_securetransport.py
1747595183|Leonardo|A|/venv/lib/python3.10/site-packages/pip/_internal/utils/logging.py
1747595183|Leonardo|A|/venv/lib/python3.10/site-packages/pip/_internal/utils/misc.py
1747595183|Leonardo|A|/venv/lib/python3.10/site-packages/pip/_internal/utils/models.py
1747595183|Leonardo|A|/venv/lib/python3.10/site-packages/pip/_internal/utils/packaging.py
1747595183|Leonardo|A|/venv/lib/python3.10/site-packages/pip/_internal/utils/setuptools_build.py
1747595183|Leonardo|A|/venv/lib/python3.10/site-packages/pip/_internal/utils/subprocess.py
1747595183|Leonardo|A|/venv/lib/python3.10/site-packages/pip/_internal/utils/temp_dir.py
1747595183|Leonardo|A|/venv/lib/python3.10/site-packages/pip/_internal/utils/unpacking.py
1747595183|Leonardo|A|/venv/lib/python3.10/site-packages/pip/_internal/utils/urls.py
1747595183|Leonardo|A|/venv/lib/python3.10/site-packages/pip/_internal/utils/virtualenv.py
1747595183|Leonardo|A|/venv/lib/python3.10/site-packages/pip/_internal/utils/wheel.py
1747595183|Leonardo|A|/venv/lib/python3.10/site-packages/pip/_internal/vcs/__init__.py
1747595183|Leonardo|A|/venv/lib/python3.10/site-packages/pip/_internal/vcs/__pycache__/__init__.cpython-310.pyc
1747595183|Leonardo|A|/venv/lib/python3.10/site-packages/pip/_internal/vcs/__pycache__/bazaar.cpython-310.pyc
1747595183|Leonardo|A|/venv/lib/python3.10/site-packages/pip/_internal/vcs/__pycache__/git.cpython-310.pyc
1747595183|Leonardo|A|/venv/lib/python3.10/site-packages/pip/_internal/vcs/__pycache__/mercurial.cpython-310.pyc
1747595183|Leonardo|A|/venv/lib/python3.10/site-packages/pip/_internal/vcs/__pycache__/subversion.cpython-310.pyc
1747595183|Leonardo|A|/venv/lib/python3.10/site-packages/pip/_internal/vcs/__pycache__/versioncontrol.cpython-310.pyc
1747595183|Leonardo|A|/venv/lib/python3.10/site-packages/pip/_internal/vcs/bazaar.py
1747595183|Leonardo|A|/venv/lib/python3.10/site-packages/pip/_internal/vcs/git.py
1747595183|Leonardo|A|/venv/lib/python3.10/site-packages/pip/_internal/vcs/mercurial.py
1747595183|Leonardo|A|/venv/lib/python3.10/site-packages/pip/_internal/vcs/subversion.py
1747595183|Leonardo|A|/venv/lib/python3.10/site-packages/pip/_internal/vcs/versioncontrol.py
1747595183|Leonardo|A|/venv/lib/python3.10/site-packages/pip/_internal/wheel_builder.py
1747595183|Leonardo|A|/venv/lib/python3.10/site-packages/pip/_vendor/__init__.py
1747595183|Leonardo|A|/venv/lib/python3.10/site-packages/pip/_vendor/__pycache__/__init__.cpython-310.pyc
1747595183|Leonardo|A|/venv/lib/python3.10/site-packages/pip/_vendor/__pycache__/distro.cpython-310.pyc
1747595183|Leonardo|A|/venv/lib/python3.10/site-packages/pip/_vendor/__pycache__/six.cpython-310.pyc
1747595183|Leonardo|A|/venv/lib/python3.10/site-packages/pip/_vendor/__pycache__/typing_extensions.cpython-310.pyc
1747595183|Leonardo|A|/venv/lib/python3.10/site-packages/pip/_vendor/cachecontrol/__init__.py
1747595183|Leonardo|A|/venv/lib/python3.10/site-packages/pip/_vendor/cachecontrol/__pycache__/__init__.cpython-310.pyc
1747595183|Leonardo|A|/venv/lib/python3.10/site-packages/pip/_vendor/cachecontrol/__pycache__/_cmd.cpython-310.pyc
1747595183|Leonardo|A|/venv/lib/python3.10/site-packages/pip/_vendor/cachecontrol/__pycache__/adapter.cpython-310.pyc
1747595183|Leonardo|A|/venv/lib/python3.10/site-packages/pip/_vendor/cachecontrol/__pycache__/cache.cpython-310.pyc
1747595183|Leonardo|A|/venv/lib/python3.10/site-packages/pip/_vendor/cachecontrol/__pycache__/compat.cpython-310.pyc
1747595183|Leonardo|A|/venv/lib/python3.10/site-packages/pip/_vendor/cachecontrol/__pycache__/controller.cpython-310.pyc
1747595183|Leonardo|A|/venv/lib/python3.10/site-packages/pip/_vendor/cachecontrol/__pycache__/filewrapper.cpython-310.pyc
1747595183|Leonardo|A|/venv/lib/python3.10/site-packages/pip/_vendor/cachecontrol/__pycache__/heuristics.cpython-310.pyc
1747595183|Leonardo|A|/venv/lib/python3.10/site-packages/pip/_vendor/cachecontrol/__pycache__/serialize.cpython-310.pyc
1747595183|Leonardo|A|/venv/lib/python3.10/site-packages/pip/_vendor/cachecontrol/__pycache__/wrapper.cpython-310.pyc
1747595183|Leonardo|A|/venv/lib/python3.10/site-packages/pip/_vendor/cachecontrol/_cmd.py
1747595183|Leonardo|A|/venv/lib/python3.10/site-packages/pip/_vendor/cachecontrol/adapter.py
1747595183|Leonardo|A|/venv/lib/python3.10/site-packages/pip/_vendor/cachecontrol/cache.py
1747595183|Leonardo|A|/venv/lib/python3.10/site-packages/pip/_vendor/cachecontrol/caches/__init__.py
1747595183|Leonardo|A|/venv/lib/python3.10/site-packages/pip/_vendor/cachecontrol/caches/__pycache__/__init__.cpython-310.pyc
1747595183|Leonardo|A|/venv/lib/python3.10/site-packages/pip/_vendor/cachecontrol/caches/__pycache__/file_cache.cpython-310.pyc
1747595183|Leonardo|A|/venv/lib/python3.10/site-packages/pip/_vendor/cachecontrol/caches/__pycache__/redis_cache.cpython-310.pyc
1747595183|Leonardo|A|/venv/lib/python3.10/site-packages/pip/_vendor/cachecontrol/caches/file_cache.py
1747595183|Leonardo|A|/venv/lib/python3.10/site-packages/pip/_vendor/cachecontrol/caches/redis_cache.py
1747595183|Leonardo|A|/venv/lib/python3.10/site-packages/pip/_vendor/cachecontrol/compat.py
1747595183|Leonardo|A|/venv/lib/python3.10/site-packages/pip/_vendor/cachecontrol/controller.py
1747595183|Leonardo|A|/venv/lib/python3.10/site-packages/pip/_vendor/cachecontrol/filewrapper.py
1747595183|Leonardo|A|/venv/lib/python3.10/site-packages/pip/_vendor/cachecontrol/heuristics.py
1747595183|Leonardo|A|/venv/lib/python3.10/site-packages/pip/_vendor/cachecontrol/serialize.py
1747595183|Leonardo|A|/venv/lib/python3.10/site-packages/pip/_vendor/cachecontrol/wrapper.py
1747595183|Leonardo|A|/venv/lib/python3.10/site-packages/pip/_vendor/certifi/__init__.py
1747595183|Leonardo|A|/venv/lib/python3.10/site-packages/pip/_vendor/certifi/__main__.py
1747595183|Leonardo|A|/venv/lib/python3.10/site-packages/pip/_vendor/certifi/__pycache__/__init__.cpython-310.pyc
1747595183|Leonardo|A|/venv/lib/python3.10/site-packages/pip/_vendor/certifi/__pycache__/__main__.cpython-310.pyc
1747595183|Leonardo|A|/venv/lib/python3.10/site-packages/pip/_vendor/certifi/__pycache__/core.cpython-310.pyc
1747595183|Leonardo|A|/venv/lib/python3.10/site-packages/pip/_vendor/certifi/cacert.pem
1747595183|Leonardo|A|/venv/lib/python3.10/site-packages/pip/_vendor/certifi/core.py
1747595183|Leonardo|A|/venv/lib/python3.10/site-packages/pip/_vendor/chardet/__init__.py
1747595183|Leonardo|A|/venv/lib/python3.10/site-packages/pip/_vendor/chardet/__pycache__/__init__.cpython-310.pyc
1747595183|Leonardo|A|/venv/lib/python3.10/site-packages/pip/_vendor/chardet/__pycache__/big5freq.cpython-310.pyc
1747595183|Leonardo|A|/venv/lib/python3.10/site-packages/pip/_vendor/chardet/__pycache__/big5prober.cpython-310.pyc
1747595183|Leonardo|A|/venv/lib/python3.10/site-packages/pip/_vendor/chardet/__pycache__/chardistribution.cpython-310.pyc
1747595183|Leonardo|A|/venv/lib/python3.10/site-packages/pip/_vendor/chardet/__pycache__/charsetgroupprober.cpython-310.pyc
1747595183|Leonardo|A|/venv/lib/python3.10/site-packages/pip/_vendor/chardet/__pycache__/charsetprober.cpython-310.pyc
1747595183|Leonardo|A|/venv/lib/python3.10/site-packages/pip/_vendor/chardet/__pycache__/codingstatemachine.cpython-310.pyc
1747595183|Leonardo|A|/venv/lib/python3.10/site-packages/pip/_vendor/chardet/__pycache__/compat.cpython-310.pyc
1747595183|Leonardo|A|/venv/lib/python3.10/site-packages/pip/_vendor/chardet/__pycache__/cp949prober.cpython-310.pyc
1747595183|Leonardo|A|/venv/lib/python3.10/site-packages/pip/_vendor/chardet/__pycache__/enums.cpython-310.pyc
1747595183|Leonardo|A|/venv/lib/python3.10/site-packages/pip/_vendor/chardet/__pycache__/escprober.cpython-310.pyc
1747595183|Leonardo|A|/venv/lib/python3.10/site-packages/pip/_vendor/chardet/__pycache__/escsm.cpython-310.pyc
1747595183|Leonardo|A|/venv/lib/python3.10/site-packages/pip/_vendor/chardet/__pycache__/eucjpprober.cpython-310.pyc
1747595183|Leonardo|A|/venv/lib/python3.10/site-packages/pip/_vendor/chardet/__pycache__/euckrfreq.cpython-310.pyc
1747595183|Leonardo|A|/venv/lib/python3.10/site-packages/pip/_vendor/chardet/__pycache__/euckrprober.cpython-310.pyc
1747595183|Leonardo|A|/venv/lib/python3.10/site-packages/pip/_vendor/chardet/__pycache__/euctwfreq.cpython-310.pyc
1747595183|Leonardo|A|/venv/lib/python3.10/site-packages/pip/_vendor/chardet/__pycache__/euctwprober.cpython-310.pyc
1747595183|Leonardo|A|/venv/lib/python3.10/site-packages/pip/_vendor/chardet/__pycache__/gb2312freq.cpython-310.pyc
1747595183|Leonardo|A|/venv/lib/python3.10/site-packages/pip/_vendor/chardet/__pycache__/gb2312prober.cpython-310.pyc
1747595183|Leonardo|A|/venv/lib/python3.10/site-packages/pip/_vendor/chardet/__pycache__/hebrewprober.cpython-310.pyc
1747595183|Leonardo|A|/venv/lib/python3.10/site-packages/pip/_vendor/chardet/__pycache__/jisfreq.cpython-310.pyc
1747595183|Leonardo|A|/venv/lib/python3.10/site-packages/pip/_vendor/chardet/__pycache__/jpcntx.cpython-310.pyc
1747595183|Leonardo|A|/venv/lib/python3.10/site-packages/pip/_vendor/chardet/__pycache__/langbulgarianmodel.cpython-310.pyc
1747595183|Leonardo|A|/venv/lib/python3.10/site-packages/pip/_vendor/chardet/__pycache__/langgreekmodel.cpython-310.pyc
1747595183|Leonardo|A|/venv/lib/python3.10/site-packages/pip/_vendor/chardet/__pycache__/langhebrewmodel.cpython-310.pyc
1747595183|Leonardo|A|/venv/lib/python3.10/site-packages/pip/_vendor/chardet/__pycache__/langhungarianmodel.cpython-310.pyc
1747595183|Leonardo|A|/venv/lib/python3.10/site-packages/pip/_vendor/chardet/__pycache__/langrussianmodel.cpython-310.pyc
1747595183|Leonardo|A|/venv/lib/python3.10/site-packages/pip/_vendor/chardet/__pycache__/langthaimodel.cpython-310.pyc
1747595183|Leonardo|A|/venv/lib/python3.10/site-packages/pip/_vendor/chardet/__pycache__/langturkishmodel.cpython-310.pyc
1747595183|Leonardo|A|/venv/lib/python3.10/site-packages/pip/_vendor/chardet/__pycache__/latin1prober.cpython-310.pyc
1747595183|Leonardo|A|/venv/lib/python3.10/site-packages/pip/_vendor/chardet/__pycache__/mbcharsetprober.cpython-310.pyc
1747595183|Leonardo|A|/venv/lib/python3.10/site-packages/pip/_vendor/chardet/__pycache__/mbcsgroupprober.cpython-310.pyc
1747595183|Leonardo|A|/venv/lib/python3.10/site-packages/pip/_vendor/chardet/__pycache__/mbcssm.cpython-310.pyc
1747595183|Leonardo|A|/venv/lib/python3.10/site-packages/pip/_vendor/chardet/__pycache__/sbcharsetprober.cpython-310.pyc
1747595183|Leonardo|A|/venv/lib/python3.10/site-packages/pip/_vendor/chardet/__pycache__/sbcsgroupprober.cpython-310.pyc
1747595183|Leonardo|A|/venv/lib/python3.10/site-packages/pip/_vendor/chardet/__pycache__/sjisprober.cpython-310.pyc
1747595183|Leonardo|A|/venv/lib/python3.10/site-packages/pip/_vendor/chardet/__pycache__/universaldetector.cpython-310.pyc
1747595183|Leonardo|A|/venv/lib/python3.10/site-packages/pip/_vendor/chardet/__pycache__/utf8prober.cpython-310.pyc
1747595183|Leonardo|A|/venv/lib/python3.10/site-packages/pip/_vendor/chardet/__pycache__/version.cpython-310.pyc
1747595183|Leonardo|A|/venv/lib/python3.10/site-packages/pip/_vendor/chardet/big5freq.py
1747595183|Leonardo|A|/venv/lib/python3.10/site-packages/pip/_vendor/chardet/big5prober.py
1747595183|Leonardo|A|/venv/lib/python3.10/site-packages/pip/_vendor/chardet/chardistribution.py
1747595183|Leonardo|A|/venv/lib/python3.10/site-packages/pip/_vendor/chardet/charsetgroupprober.py
1747595183|Leonardo|A|/venv/lib/python3.10/site-packages/pip/_vendor/chardet/charsetprober.py
1747595183|Leonardo|A|/venv/lib/python3.10/site-packages/pip/_vendor/chardet/cli/__init__.py
1747595183|Leonardo|A|/venv/lib/python3.10/site-packages/pip/_vendor/chardet/cli/__pycache__/__init__.cpython-310.pyc
1747595183|Leonardo|A|/venv/lib/python3.10/site-packages/pip/_vendor/chardet/cli/__pycache__/chardetect.cpython-310.pyc
1747595183|Leonardo|A|/venv/lib/python3.10/site-packages/pip/_vendor/chardet/cli/chardetect.py
1747595183|Leonardo|A|/venv/lib/python3.10/site-packages/pip/_vendor/chardet/codingstatemachine.py
1747595183|Leonardo|A|/venv/lib/python3.10/site-packages/pip/_vendor/chardet/compat.py
1747595183|Leonardo|A|/venv/lib/python3.10/site-packages/pip/_vendor/chardet/cp949prober.py
1747595183|Leonardo|A|/venv/lib/python3.10/site-packages/pip/_vendor/chardet/enums.py
1747595183|Leonardo|A|/venv/lib/python3.10/site-packages/pip/_vendor/chardet/escprober.py
1747595183|Leonardo|A|/venv/lib/python3.10/site-packages/pip/_vendor/chardet/escsm.py
1747595183|Leonardo|A|/venv/lib/python3.10/site-packages/pip/_vendor/chardet/eucjpprober.py
1747595183|Leonardo|A|/venv/lib/python3.10/site-packages/pip/_vendor/chardet/euckrfreq.py
1747595183|Leonardo|A|/venv/lib/python3.10/site-packages/pip/_vendor/chardet/euckrprober.py
1747595183|Leonardo|A|/venv/lib/python3.10/site-packages/pip/_vendor/chardet/euctwfreq.py
1747595183|Leonardo|A|/venv/lib/python3.10/site-packages/pip/_vendor/chardet/euctwprober.py
1747595183|Leonardo|A|/venv/lib/python3.10/site-packages/pip/_vendor/chardet/gb2312freq.py
1747595183|Leonardo|A|/venv/lib/python3.10/site-packages/pip/_vendor/chardet/gb2312prober.py
1747595183|Leonardo|A|/venv/lib/python3.10/site-packages/pip/_vendor/chardet/hebrewprober.py
1747595183|Leonardo|A|/venv/lib/python3.10/site-packages/pip/_vendor/chardet/jisfreq.py
1747595183|Leonardo|A|/venv/lib/python3.10/site-packages/pip/_vendor/chardet/jpcntx.py
1747595183|Leonardo|A|/venv/lib/python3.10/site-packages/pip/_vendor/chardet/langbulgarianmodel.py
1747595183|Leonardo|A|/venv/lib/python3.10/site-packages/pip/_vendor/chardet/langgreekmodel.py
1747595183|Leonardo|A|/venv/lib/python3.10/site-packages/pip/_vendor/chardet/langhebrewmodel.py
1747595183|Leonardo|A|/venv/lib/python3.10/site-packages/pip/_vendor/chardet/langhungarianmodel.py
1747595183|Leonardo|A|/venv/lib/python3.10/site-packages/pip/_vendor/chardet/langrussianmodel.py
1747595183|Leonardo|A|/venv/lib/python3.10/site-packages/pip/_vendor/chardet/langthaimodel.py
1747595183|Leonardo|A|/venv/lib/python3.10/site-packages/pip/_vendor/chardet/langturkishmodel.py
1747595183|Leonardo|A|/venv/lib/python3.10/site-packages/pip/_vendor/chardet/latin1prober.py
1747595183|Leonardo|A|/venv/lib/python3.10/site-packages/pip/_vendor/chardet/mbcharsetprober.py
1747595183|Leonardo|A|/venv/lib/python3.10/site-packages/pip/_vendor/chardet/mbcsgroupprober.py
1747595183|Leonardo|A|/venv/lib/python3.10/site-packages/pip/_vendor/chardet/mbcssm.py
1747595183|Leonardo|A|/venv/lib/python3.10/site-packages/pip/_vendor/chardet/metadata/__init__.py
1747595183|Leonardo|A|/venv/lib/python3.10/site-packages/pip/_vendor/chardet/metadata/__pycache__/__init__.cpython-310.pyc
1747595183|Leonardo|A|/venv/lib/python3.10/site-packages/pip/_vendor/chardet/metadata/__pycache__/languages.cpython-310.pyc
1747595183|Leonardo|A|/venv/lib/python3.10/site-packages/pip/_vendor/chardet/metadata/languages.py
1747595183|Leonardo|A|/venv/lib/python3.10/site-packages/pip/_vendor/chardet/sbcharsetprober.py
1747595183|Leonardo|A|/venv/lib/python3.10/site-packages/pip/_vendor/chardet/sbcsgroupprober.py
1747595183|Leonardo|A|/venv/lib/python3.10/site-packages/pip/_vendor/chardet/sjisprober.py
1747595183|Leonardo|A|/venv/lib/python3.10/site-packages/pip/_vendor/chardet/universaldetector.py
1747595183|Leonardo|A|/venv/lib/python3.10/site-packages/pip/_vendor/chardet/utf8prober.py
1747595183|Leonardo|A|/venv/lib/python3.10/site-packages/pip/_vendor/chardet/version.py
1747595183|Leonardo|A|/venv/lib/python3.10/site-packages/pip/_vendor/colorama/__init__.py
1747595183|Leonardo|A|/venv/lib/python3.10/site-packages/pip/_vendor/colorama/__pycache__/__init__.cpython-310.pyc
1747595183|Leonardo|A|/venv/lib/python3.10/site-packages/pip/_vendor/colorama/__pycache__/ansi.cpython-310.pyc
1747595183|Leonardo|A|/venv/lib/python3.10/site-packages/pip/_vendor/colorama/__pycache__/ansitowin32.cpython-310.pyc
1747595183|Leonardo|A|/venv/lib/python3.10/site-packages/pip/_vendor/colorama/__pycache__/initialise.cpython-310.pyc
1747595183|Leonardo|A|/venv/lib/python3.10/site-packages/pip/_vendor/colorama/__pycache__/win32.cpython-310.pyc
1747595183|Leonardo|A|/venv/lib/python3.10/site-packages/pip/_vendor/colorama/__pycache__/winterm.cpython-310.pyc
1747595183|Leonardo|A|/venv/lib/python3.10/site-packages/pip/_vendor/colorama/ansi.py
1747595183|Leonardo|A|/venv/lib/python3.10/site-packages/pip/_vendor/colorama/ansitowin32.py
1747595183|Leonardo|A|/venv/lib/python3.10/site-packages/pip/_vendor/colorama/initialise.py
1747595183|Leonardo|A|/venv/lib/python3.10/site-packages/pip/_vendor/colorama/win32.py
1747595183|Leonardo|A|/venv/lib/python3.10/site-packages/pip/_vendor/colorama/winterm.py
1747595183|Leonardo|A|/venv/lib/python3.10/site-packages/pip/_vendor/distlib/__init__.py
1747595183|Leonardo|A|/venv/lib/python3.10/site-packages/pip/_vendor/distlib/__pycache__/__init__.cpython-310.pyc
1747595183|Leonardo|A|/venv/lib/python3.10/site-packages/pip/_vendor/distlib/__pycache__/compat.cpython-310.pyc
1747595183|Leonardo|A|/venv/lib/python3.10/site-packages/pip/_vendor/distlib/__pycache__/database.cpython-310.pyc
1747595183|Leonardo|A|/venv/lib/python3.10/site-packages/pip/_vendor/distlib/__pycache__/index.cpython-310.pyc
1747595183|Leonardo|A|/venv/lib/python3.10/site-packages/pip/_vendor/distlib/__pycache__/locators.cpython-310.pyc
1747595183|Leonardo|A|/venv/lib/python3.10/site-packages/pip/_vendor/distlib/__pycache__/manifest.cpython-310.pyc
1747595183|Leonardo|A|/venv/lib/python3.10/site-packages/pip/_vendor/distlib/__pycache__/markers.cpython-310.pyc
1747595183|Leonardo|A|/venv/lib/python3.10/site-packages/pip/_vendor/distlib/__pycache__/metadata.cpython-310.pyc
1747595183|Leonardo|A|/venv/lib/python3.10/site-packages/pip/_vendor/distlib/__pycache__/resources.cpython-310.pyc
1747595183|Leonardo|A|/venv/lib/python3.10/site-packages/pip/_vendor/distlib/__pycache__/scripts.cpython-310.pyc
1747595183|Leonardo|A|/venv/lib/python3.10/site-packages/pip/_vendor/distlib/__pycache__/util.cpython-310.pyc
1747595183|Leonardo|A|/venv/lib/python3.10/site-packages/pip/_vendor/distlib/__pycache__/version.cpython-310.pyc
1747595183|Leonardo|A|/venv/lib/python3.10/site-packages/pip/_vendor/distlib/__pycache__/wheel.cpython-310.pyc
1747595183|Leonardo|A|/venv/lib/python3.10/site-packages/pip/_vendor/distlib/compat.py
1747595183|Leonardo|A|/venv/lib/python3.10/site-packages/pip/_vendor/distlib/database.py
1747595183|Leonardo|A|/venv/lib/python3.10/site-packages/pip/_vendor/distlib/index.py
1747595183|Leonardo|A|/venv/lib/python3.10/site-packages/pip/_vendor/distlib/locators.py
1747595183|Leonardo|A|/venv/lib/python3.10/site-packages/pip/_vendor/distlib/manifest.py
1747595183|Leonardo|A|/venv/lib/python3.10/site-packages/pip/_vendor/distlib/markers.py
1747595183|Leonardo|A|/venv/lib/python3.10/site-packages/pip/_vendor/distlib/metadata.py
1747595183|Leonardo|A|/venv/lib/python3.10/site-packages/pip/_vendor/distlib/resources.py
1747595183|Leonardo|A|/venv/lib/python3.10/site-packages/pip/_vendor/distlib/scripts.py
1747595183|Leonardo|A|/venv/lib/python3.10/site-packages/pip/_vendor/distlib/util.py
1747595183|Leonardo|A|/venv/lib/python3.10/site-packages/pip/_vendor/distlib/version.py
1747595183|Leonardo|A|/venv/lib/python3.10/site-packages/pip/_vendor/distlib/wheel.py
1747595183|Leonardo|A|/venv/lib/python3.10/site-packages/pip/_vendor/distro.py
1747595183|Leonardo|A|/venv/lib/python3.10/site-packages/pip/_vendor/html5lib/__init__.py
1747595183|Leonardo|A|/venv/lib/python3.10/site-packages/pip/_vendor/html5lib/__pycache__/__init__.cpython-310.pyc
1747595183|Leonardo|A|/venv/lib/python3.10/site-packages/pip/_vendor/html5lib/__pycache__/_ihatexml.cpython-310.pyc
1747595183|Leonardo|A|/venv/lib/python3.10/site-packages/pip/_vendor/html5lib/__pycache__/_inputstream.cpython-310.pyc
1747595183|Leonardo|A|/venv/lib/python3.10/site-packages/pip/_vendor/html5lib/__pycache__/_tokenizer.cpython-310.pyc
1747595183|Leonardo|A|/venv/lib/python3.10/site-packages/pip/_vendor/html5lib/__pycache__/_utils.cpython-310.pyc
1747595183|Leonardo|A|/venv/lib/python3.10/site-packages/pip/_vendor/html5lib/__pycache__/constants.cpython-310.pyc
1747595183|Leonardo|A|/venv/lib/python3.10/site-packages/pip/_vendor/html5lib/__pycache__/html5parser.cpython-310.pyc
1747595183|Leonardo|A|/venv/lib/python3.10/site-packages/pip/_vendor/html5lib/__pycache__/serializer.cpython-310.pyc
1747595183|Leonardo|A|/venv/lib/python3.10/site-packages/pip/_vendor/html5lib/_ihatexml.py
1747595183|Leonardo|A|/venv/lib/python3.10/site-packages/pip/_vendor/html5lib/_inputstream.py
1747595183|Leonardo|A|/venv/lib/python3.10/site-packages/pip/_vendor/html5lib/_tokenizer.py
1747595183|Leonardo|A|/venv/lib/python3.10/site-packages/pip/_vendor/html5lib/_trie/__init__.py
1747595183|Leonardo|A|/venv/lib/python3.10/site-packages/pip/_vendor/html5lib/_trie/__pycache__/__init__.cpython-310.pyc
1747595183|Leonardo|A|/venv/lib/python3.10/site-packages/pip/_vendor/html5lib/_trie/__pycache__/_base.cpython-310.pyc
1747595183|Leonardo|A|/venv/lib/python3.10/site-packages/pip/_vendor/html5lib/_trie/__pycache__/py.cpython-310.pyc
1747595183|Leonardo|A|/venv/lib/python3.10/site-packages/pip/_vendor/html5lib/_trie/_base.py
1747595183|Leonardo|A|/venv/lib/python3.10/site-packages/pip/_vendor/html5lib/_trie/py.py
1747595183|Leonardo|A|/venv/lib/python3.10/site-packages/pip/_vendor/html5lib/_utils.py
1747595183|Leonardo|A|/venv/lib/python3.10/site-packages/pip/_vendor/html5lib/constants.py
1747595183|Leonardo|A|/venv/lib/python3.10/site-packages/pip/_vendor/html5lib/filters/__init__.py
1747595183|Leonardo|A|/venv/lib/python3.10/site-packages/pip/_vendor/html5lib/filters/__pycache__/__init__.cpython-310.pyc
1747595183|Leonardo|A|/venv/lib/python3.10/site-packages/pip/_vendor/html5lib/filters/__pycache__/alphabeticalattributes.cpython-310.pyc
1747595183|Leonardo|A|/venv/lib/python3.10/site-packages/pip/_vendor/html5lib/filters/__pycache__/base.cpython-310.pyc
1747595183|Leonardo|A|/venv/lib/python3.10/site-packages/pip/_vendor/html5lib/filters/__pycache__/inject_meta_charset.cpython-310.pyc
1747595183|Leonardo|A|/venv/lib/python3.10/site-packages/pip/_vendor/html5lib/filters/__pycache__/lint.cpython-310.pyc
1747595183|Leonardo|A|/venv/lib/python3.10/site-packages/pip/_vendor/html5lib/filters/__pycache__/optionaltags.cpython-310.pyc
1747595183|Leonardo|A|/venv/lib/python3.10/site-packages/pip/_vendor/html5lib/filters/__pycache__/sanitizer.cpython-310.pyc
1747595183|Leonardo|A|/venv/lib/python3.10/site-packages/pip/_vendor/html5lib/filters/__pycache__/whitespace.cpython-310.pyc
1747595183|Leonardo|A|/venv/lib/python3.10/site-packages/pip/_vendor/html5lib/filters/alphabeticalattributes.py
1747595183|Leonardo|A|/venv/lib/python3.10/site-packages/pip/_vendor/html5lib/filters/base.py
1747595183|Leonardo|A|/venv/lib/python3.10/site-packages/pip/_vendor/html5lib/filters/inject_meta_charset.py
1747595183|Leonardo|A|/venv/lib/python3.10/site-packages/pip/_vendor/html5lib/filters/lint.py
1747595183|Leonardo|A|/venv/lib/python3.10/site-packages/pip/_vendor/html5lib/filters/optionaltags.py
1747595183|Leonardo|A|/venv/lib/python3.10/site-packages/pip/_vendor/html5lib/filters/sanitizer.py
1747595183|Leonardo|A|/venv/lib/python3.10/site-packages/pip/_vendor/html5lib/filters/whitespace.py
1747595183|Leonardo|A|/venv/lib/python3.10/site-packages/pip/_vendor/html5lib/html5parser.py
1747595183|Leonardo|A|/venv/lib/python3.10/site-packages/pip/_vendor/html5lib/serializer.py
1747595183|Leonardo|A|/venv/lib/python3.10/site-packages/pip/_vendor/html5lib/treeadapters/__init__.py
1747595183|Leonardo|A|/venv/lib/python3.10/site-packages/pip/_vendor/html5lib/treeadapters/__pycache__/__init__.cpython-310.pyc
1747595183|Leonardo|A|/venv/lib/python3.10/site-packages/pip/_vendor/html5lib/treeadapters/__pycache__/genshi.cpython-310.pyc
1747595183|Leonardo|A|/venv/lib/python3.10/site-packages/pip/_vendor/html5lib/treeadapters/__pycache__/sax.cpython-310.pyc
1747595183|Leonardo|A|/venv/lib/python3.10/site-packages/pip/_vendor/html5lib/treeadapters/genshi.py
1747595183|Leonardo|A|/venv/lib/python3.10/site-packages/pip/_vendor/html5lib/treeadapters/sax.py
1747595183|Leonardo|A|/venv/lib/python3.10/site-packages/pip/_vendor/html5lib/treebuilders/__init__.py
1747595183|Leonardo|A|/venv/lib/python3.10/site-packages/pip/_vendor/html5lib/treebuilders/__pycache__/__init__.cpython-310.pyc
1747595183|Leonardo|A|/venv/lib/python3.10/site-packages/pip/_vendor/html5lib/treebuilders/__pycache__/base.cpython-310.pyc
1747595183|Leonardo|A|/venv/lib/python3.10/site-packages/pip/_vendor/html5lib/treebuilders/__pycache__/dom.cpython-310.pyc
1747595183|Leonardo|A|/venv/lib/python3.10/site-packages/pip/_vendor/html5lib/treebuilders/__pycache__/etree.cpython-310.pyc
1747595183|Leonardo|A|/venv/lib/python3.10/site-packages/pip/_vendor/html5lib/treebuilders/__pycache__/etree_lxml.cpython-310.pyc
1747595183|Leonardo|A|/venv/lib/python3.10/site-packages/pip/_vendor/html5lib/treebuilders/base.py
1747595183|Leonardo|A|/venv/lib/python3.10/site-packages/pip/_vendor/html5lib/treebuilders/dom.py
1747595183|Leonardo|A|/venv/lib/python3.10/site-packages/pip/_vendor/html5lib/treebuilders/etree.py
1747595183|Leonardo|A|/venv/lib/python3.10/site-packages/pip/_vendor/html5lib/treebuilders/etree_lxml.py
1747595183|Leonardo|A|/venv/lib/python3.10/site-packages/pip/_vendor/html5lib/treewalkers/__init__.py
1747595183|Leonardo|A|/venv/lib/python3.10/site-packages/pip/_vendor/html5lib/treewalkers/__pycache__/__init__.cpython-310.pyc
1747595183|Leonardo|A|/venv/lib/python3.10/site-packages/pip/_vendor/html5lib/treewalkers/__pycache__/base.cpython-310.pyc
1747595183|Leonardo|A|/venv/lib/python3.10/site-packages/pip/_vendor/html5lib/treewalkers/__pycache__/dom.cpython-310.pyc
1747595183|Leonardo|A|/venv/lib/python3.10/site-packages/pip/_vendor/html5lib/treewalkers/__pycache__/etree.cpython-310.pyc
1747595183|Leonardo|A|/venv/lib/python3.10/site-packages/pip/_vendor/html5lib/treewalkers/__pycache__/etree_lxml.cpython-310.pyc
1747595183|Leonardo|A|/venv/lib/python3.10/site-packages/pip/_vendor/html5lib/treewalkers/__pycache__/genshi.cpython-310.pyc
1747595183|Leonardo|A|/venv/lib/python3.10/site-packages/pip/_vendor/html5lib/treewalkers/base.py
1747595183|Leonardo|A|/venv/lib/python3.10/site-packages/pip/_vendor/html5lib/treewalkers/dom.py
1747595183|Leonardo|A|/venv/lib/python3.10/site-packages/pip/_vendor/html5lib/treewalkers/etree.py
1747595183|Leonardo|A|/venv/lib/python3.10/site-packages/pip/_vendor/html5lib/treewalkers/etree_lxml.py
1747595183|Leonardo|A|/venv/lib/python3.10/site-packages/pip/_vendor/html5lib/treewalkers/genshi.py
1747595183|Leonardo|A|/venv/lib/python3.10/site-packages/pip/_vendor/idna/__init__.py
1747595183|Leonardo|A|/venv/lib/python3.10/site-packages/pip/_vendor/idna/__pycache__/__init__.cpython-310.pyc
1747595183|Leonardo|A|/venv/lib/python3.10/site-packages/pip/_vendor/idna/__pycache__/codec.cpython-310.pyc
1747595183|Leonardo|A|/venv/lib/python3.10/site-packages/pip/_vendor/idna/__pycache__/compat.cpython-310.pyc
1747595183|Leonardo|A|/venv/lib/python3.10/site-packages/pip/_vendor/idna/__pycache__/core.cpython-310.pyc
1747595183|Leonardo|A|/venv/lib/python3.10/site-packages/pip/_vendor/idna/__pycache__/idnadata.cpython-310.pyc
1747595183|Leonardo|A|/venv/lib/python3.10/site-packages/pip/_vendor/idna/__pycache__/intranges.cpython-310.pyc
1747595183|Leonardo|A|/venv/lib/python3.10/site-packages/pip/_vendor/idna/__pycache__/package_data.cpython-310.pyc
1747595183|Leonardo|A|/venv/lib/python3.10/site-packages/pip/_vendor/idna/__pycache__/uts46data.cpython-310.pyc
1747595183|Leonardo|A|/venv/lib/python3.10/site-packages/pip/_vendor/idna/codec.py
1747595183|Leonardo|A|/venv/lib/python3.10/site-packages/pip/_vendor/idna/compat.py
1747595183|Leonardo|A|/venv/lib/python3.10/site-packages/pip/_vendor/idna/core.py
1747595183|Leonardo|A|/venv/lib/python3.10/site-packages/pip/_vendor/idna/idnadata.py
1747595183|Leonardo|A|/venv/lib/python3.10/site-packages/pip/_vendor/idna/intranges.py
1747595183|Leonardo|A|/venv/lib/python3.10/site-packages/pip/_vendor/idna/package_data.py
1747595183|Leonardo|A|/venv/lib/python3.10/site-packages/pip/_vendor/idna/uts46data.py
1747595183|Leonardo|A|/venv/lib/python3.10/site-packages/pip/_vendor/msgpack/__init__.py
1747595183|Leonardo|A|/venv/lib/python3.10/site-packages/pip/_vendor/msgpack/__pycache__/__init__.cpython-310.pyc
1747595183|Leonardo|A|/venv/lib/python3.10/site-packages/pip/_vendor/msgpack/__pycache__/_version.cpython-310.pyc
1747595183|Leonardo|A|/venv/lib/python3.10/site-packages/pip/_vendor/msgpack/__pycache__/exceptions.cpython-310.pyc
1747595183|Leonardo|A|/venv/lib/python3.10/site-packages/pip/_vendor/msgpack/__pycache__/ext.cpython-310.pyc
1747595183|Leonardo|A|/venv/lib/python3.10/site-packages/pip/_vendor/msgpack/__pycache__/fallback.cpython-310.pyc
1747595183|Leonardo|A|/venv/lib/python3.10/site-packages/pip/_vendor/msgpack/_version.py
1747595183|Leonardo|A|/venv/lib/python3.10/site-packages/pip/_vendor/msgpack/exceptions.py
1747595183|Leonardo|A|/venv/lib/python3.10/site-packages/pip/_vendor/msgpack/ext.py
1747595183|Leonardo|A|/venv/lib/python3.10/site-packages/pip/_vendor/msgpack/fallback.py
1747595183|Leonardo|A|/venv/lib/python3.10/site-packages/pip/_vendor/packaging/__about__.py
1747595183|Leonardo|A|/venv/lib/python3.10/site-packages/pip/_vendor/packaging/__init__.py
1747595183|Leonardo|A|/venv/lib/python3.10/site-packages/pip/_vendor/packaging/__pycache__/__about__.cpython-310.pyc
1747595183|Leonardo|A|/venv/lib/python3.10/site-packages/pip/_vendor/packaging/__pycache__/__init__.cpython-310.pyc
1747595183|Leonardo|A|/venv/lib/python3.10/site-packages/pip/_vendor/packaging/__pycache__/_manylinux.cpython-310.pyc
1747595183|Leonardo|A|/venv/lib/python3.10/site-packages/pip/_vendor/packaging/__pycache__/_musllinux.cpython-310.pyc
1747595183|Leonardo|A|/venv/lib/python3.10/site-packages/pip/_vendor/packaging/__pycache__/_structures.cpython-310.pyc
1747595183|Leonardo|A|/venv/lib/python3.10/site-packages/pip/_vendor/packaging/__pycache__/markers.cpython-310.pyc
1747595183|Leonardo|A|/venv/lib/python3.10/site-packages/pip/_vendor/packaging/__pycache__/requirements.cpython-310.pyc
1747595183|Leonardo|A|/venv/lib/python3.10/site-packages/pip/_vendor/packaging/__pycache__/specifiers.cpython-310.pyc
1747595183|Leonardo|A|/venv/lib/python3.10/site-packages/pip/_vendor/packaging/__pycache__/tags.cpython-310.pyc
1747595183|Leonardo|A|/venv/lib/python3.10/site-packages/pip/_vendor/packaging/__pycache__/utils.cpython-310.pyc
1747595183|Leonardo|A|/venv/lib/python3.10/site-packages/pip/_vendor/packaging/__pycache__/version.cpython-310.pyc
1747595183|Leonardo|A|/venv/lib/python3.10/site-packages/pip/_vendor/packaging/_manylinux.py
1747595183|Leonardo|A|/venv/lib/python3.10/site-packages/pip/_vendor/packaging/_musllinux.py
1747595183|Leonardo|A|/venv/lib/python3.10/site-packages/pip/_vendor/packaging/_structures.py
1747595183|Leonardo|A|/venv/lib/python3.10/site-packages/pip/_vendor/packaging/markers.py
1747595183|Leonardo|A|/venv/lib/python3.10/site-packages/pip/_vendor/packaging/requirements.py
1747595183|Leonardo|A|/venv/lib/python3.10/site-packages/pip/_vendor/packaging/specifiers.py
1747595183|Leonardo|A|/venv/lib/python3.10/site-packages/pip/_vendor/packaging/tags.py
1747595183|Leonardo|A|/venv/lib/python3.10/site-packages/pip/_vendor/packaging/utils.py
1747595183|Leonardo|A|/venv/lib/python3.10/site-packages/pip/_vendor/packaging/version.py
1747595183|Leonardo|A|/venv/lib/python3.10/site-packages/pip/_vendor/pep517/__init__.py
1747595183|Leonardo|A|/venv/lib/python3.10/site-packages/pip/_vendor/pep517/__pycache__/__init__.cpython-310.pyc
1747595183|Leonardo|A|/venv/lib/python3.10/site-packages/pip/_vendor/pep517/__pycache__/build.cpython-310.pyc
1747595183|Leonardo|A|/venv/lib/python3.10/site-packages/pip/_vendor/pep517/__pycache__/check.cpython-310.pyc
1747595183|Leonardo|A|/venv/lib/python3.10/site-packages/pip/_vendor/pep517/__pycache__/colorlog.cpython-310.pyc
1747595183|Leonardo|A|/venv/lib/python3.10/site-packages/pip/_vendor/pep517/__pycache__/compat.cpython-310.pyc
1747595183|Leonardo|A|/venv/lib/python3.10/site-packages/pip/_vendor/pep517/__pycache__/dirtools.cpython-310.pyc
1747595183|Leonardo|A|/venv/lib/python3.10/site-packages/pip/_vendor/pep517/__pycache__/envbuild.cpython-310.pyc
1747595183|Leonardo|A|/venv/lib/python3.10/site-packages/pip/_vendor/pep517/__pycache__/meta.cpython-310.pyc
1747595183|Leonardo|A|/venv/lib/python3.10/site-packages/pip/_vendor/pep517/__pycache__/wrappers.cpython-310.pyc
1747595183|Leonardo|A|/venv/lib/python3.10/site-packages/pip/_vendor/pep517/build.py
1747595183|Leonardo|A|/venv/lib/python3.10/site-packages/pip/_vendor/pep517/check.py
1747595183|Leonardo|A|/venv/lib/python3.10/site-packages/pip/_vendor/pep517/colorlog.py
1747595183|Leonardo|A|/venv/lib/python3.10/site-packages/pip/_vendor/pep517/compat.py
1747595183|Leonardo|A|/venv/lib/python3.10/site-packages/pip/_vendor/pep517/dirtools.py
1747595183|Leonardo|A|/venv/lib/python3.10/site-packages/pip/_vendor/pep517/envbuild.py
1747595183|Leonardo|A|/venv/lib/python3.10/site-packages/pip/_vendor/pep517/in_process/__init__.py
1747595183|Leonardo|A|/venv/lib/python3.10/site-packages/pip/_vendor/pep517/in_process/__pycache__/__init__.cpython-310.pyc
1747595183|Leonardo|A|/venv/lib/python3.10/site-packages/pip/_vendor/pep517/in_process/__pycache__/_in_process.cpython-310.pyc
1747595183|Leonardo|A|/venv/lib/python3.10/site-packages/pip/_vendor/pep517/in_process/_in_process.py
1747595183|Leonardo|A|/venv/lib/python3.10/site-packages/pip/_vendor/pep517/meta.py
1747595183|Leonardo|A|/venv/lib/python3.10/site-packages/pip/_vendor/pep517/wrappers.py
1747595183|Leonardo|A|/venv/lib/python3.10/site-packages/pip/_vendor/pkg_resources/__init__.py
1747595183|Leonardo|A|/venv/lib/python3.10/site-packages/pip/_vendor/pkg_resources/__pycache__/__init__.cpython-310.pyc
1747595183|Leonardo|A|/venv/lib/python3.10/site-packages/pip/_vendor/pkg_resources/__pycache__/py31compat.cpython-310.pyc
1747595183|Leonardo|A|/venv/lib/python3.10/site-packages/pip/_vendor/pkg_resources/py31compat.py
1747595183|Leonardo|A|/venv/lib/python3.10/site-packages/pip/_vendor/platformdirs/__init__.py
1747595183|Leonardo|A|/venv/lib/python3.10/site-packages/pip/_vendor/platformdirs/__main__.py
1747595183|Leonardo|A|/venv/lib/python3.10/site-packages/pip/_vendor/platformdirs/__pycache__/__init__.cpython-310.pyc
1747595183|Leonardo|A|/venv/lib/python3.10/site-packages/pip/_vendor/platformdirs/__pycache__/__main__.cpython-310.pyc
1747595183|Leonardo|A|/venv/lib/python3.10/site-packages/pip/_vendor/platformdirs/__pycache__/android.cpython-310.pyc
1747595183|Leonardo|A|/venv/lib/python3.10/site-packages/pip/_vendor/platformdirs/__pycache__/api.cpython-310.pyc
1747595183|Leonardo|A|/venv/lib/python3.10/site-packages/pip/_vendor/platformdirs/__pycache__/macos.cpython-310.pyc
1747595183|Leonardo|A|/venv/lib/python3.10/site-packages/pip/_vendor/platformdirs/__pycache__/unix.cpython-310.pyc
1747595183|Leonardo|A|/venv/lib/python3.10/site-packages/pip/_vendor/platformdirs/__pycache__/version.cpython-310.pyc
1747595183|Leonardo|A|/venv/lib/python3.10/site-packages/pip/_vendor/platformdirs/__pycache__/windows.cpython-310.pyc
1747595183|Leonardo|A|/venv/lib/python3.10/site-packages/pip/_vendor/platformdirs/android.py
1747595183|Leonardo|A|/venv/lib/python3.10/site-packages/pip/_vendor/platformdirs/api.py
1747595183|Leonardo|A|/venv/lib/python3.10/site-packages/pip/_vendor/platformdirs/macos.py
1747595183|Leonardo|A|/venv/lib/python3.10/site-packages/pip/_vendor/platformdirs/unix.py
1747595183|Leonardo|A|/venv/lib/python3.10/site-packages/pip/_vendor/platformdirs/version.py
1747595183|Leonardo|A|/venv/lib/python3.10/site-packages/pip/_vendor/platformdirs/windows.py
1747595183|Leonardo|A|/venv/lib/python3.10/site-packages/pip/_vendor/progress/__init__.py
1747595183|Leonardo|A|/venv/lib/python3.10/site-packages/pip/_vendor/progress/__pycache__/__init__.cpython-310.pyc
1747595183|Leonardo|A|/venv/lib/python3.10/site-packages/pip/_vendor/progress/__pycache__/bar.cpython-310.pyc
1747595183|Leonardo|A|/venv/lib/python3.10/site-packages/pip/_vendor/progress/__pycache__/colors.cpython-310.pyc
1747595183|Leonardo|A|/venv/lib/python3.10/site-packages/pip/_vendor/progress/__pycache__/counter.cpython-310.pyc
1747595183|Leonardo|A|/venv/lib/python3.10/site-packages/pip/_vendor/progress/__pycache__/spinner.cpython-310.pyc
1747595183|Leonardo|A|/venv/lib/python3.10/site-packages/pip/_vendor/progress/bar.py
1747595183|Leonardo|A|/venv/lib/python3.10/site-packages/pip/_vendor/progress/colors.py
1747595183|Leonardo|A|/venv/lib/python3.10/site-packages/pip/_vendor/progress/counter.py
1747595183|Leonardo|A|/venv/lib/python3.10/site-packages/pip/_vendor/progress/spinner.py
1747595183|Leonardo|A|/venv/lib/python3.10/site-packages/pip/_vendor/pygments/__init__.py
1747595183|Leonardo|A|/venv/lib/python3.10/site-packages/pip/_vendor/pygments/__main__.py
1747595183|Leonardo|A|/venv/lib/python3.10/site-packages/pip/_vendor/pygments/__pycache__/__init__.cpython-310.pyc
1747595183|Leonardo|A|/venv/lib/python3.10/site-packages/pip/_vendor/pygments/__pycache__/__main__.cpython-310.pyc
1747595183|Leonardo|A|/venv/lib/python3.10/site-packages/pip/_vendor/pygments/__pycache__/cmdline.cpython-310.pyc
1747595183|Leonardo|A|/venv/lib/python3.10/site-packages/pip/_vendor/pygments/__pycache__/console.cpython-310.pyc
1747595183|Leonardo|A|/venv/lib/python3.10/site-packages/pip/_vendor/pygments/__pycache__/filter.cpython-310.pyc
1747595183|Leonardo|A|/venv/lib/python3.10/site-packages/pip/_vendor/pygments/__pycache__/formatter.cpython-310.pyc
1747595183|Leonardo|A|/venv/lib/python3.10/site-packages/pip/_vendor/pygments/__pycache__/lexer.cpython-310.pyc
1747595183|Leonardo|A|/venv/lib/python3.10/site-packages/pip/_vendor/pygments/__pycache__/modeline.cpython-310.pyc
1747595183|Leonardo|A|/venv/lib/python3.10/site-packages/pip/_vendor/pygments/__pycache__/plugin.cpython-310.pyc
1747595183|Leonardo|A|/venv/lib/python3.10/site-packages/pip/_vendor/pygments/__pycache__/regexopt.cpython-310.pyc
1747595183|Leonardo|A|/venv/lib/python3.10/site-packages/pip/_vendor/pygments/__pycache__/scanner.cpython-310.pyc
1747595183|Leonardo|A|/venv/lib/python3.10/site-packages/pip/_vendor/pygments/__pycache__/sphinxext.cpython-310.pyc
1747595183|Leonardo|A|/venv/lib/python3.10/site-packages/pip/_vendor/pygments/__pycache__/style.cpython-310.pyc
1747595183|Leonardo|A|/venv/lib/python3.10/site-packages/pip/_vendor/pygments/__pycache__/token.cpython-310.pyc
1747595183|Leonardo|A|/venv/lib/python3.10/site-packages/pip/_vendor/pygments/__pycache__/unistring.cpython-310.pyc
1747595183|Leonardo|A|/venv/lib/python3.10/site-packages/pip/_vendor/pygments/__pycache__/util.cpython-310.pyc
1747595183|Leonardo|A|/venv/lib/python3.10/site-packages/pip/_vendor/pygments/cmdline.py
1747595183|Leonardo|A|/venv/lib/python3.10/site-packages/pip/_vendor/pygments/console.py
1747595183|Leonardo|A|/venv/lib/python3.10/site-packages/pip/_vendor/pygments/filter.py
1747595183|Leonardo|A|/venv/lib/python3.10/site-packages/pip/_vendor/pygments/filters/__init__.py
1747595183|Leonardo|A|/venv/lib/python3.10/site-packages/pip/_vendor/pygments/filters/__pycache__/__init__.cpython-310.pyc
1747595183|Leonardo|A|/venv/lib/python3.10/site-packages/pip/_vendor/pygments/formatter.py
1747595183|Leonardo|A|/venv/lib/python3.10/site-packages/pip/_vendor/pygments/formatters/__init__.py
1747595183|Leonardo|A|/venv/lib/python3.10/site-packages/pip/_vendor/pygments/formatters/__pycache__/__init__.cpython-310.pyc
1747595183|Leonardo|A|/venv/lib/python3.10/site-packages/pip/_vendor/pygments/formatters/__pycache__/_mapping.cpython-310.pyc
1747595183|Leonardo|A|/venv/lib/python3.10/site-packages/pip/_vendor/pygments/formatters/__pycache__/bbcode.cpython-310.pyc
1747595183|Leonardo|A|/venv/lib/python3.10/site-packages/pip/_vendor/pygments/formatters/__pycache__/groff.cpython-310.pyc
1747595183|Leonardo|A|/venv/lib/python3.10/site-packages/pip/_vendor/pygments/formatters/__pycache__/html.cpython-310.pyc
1747595183|Leonardo|A|/venv/lib/python3.10/site-packages/pip/_vendor/pygments/formatters/__pycache__/img.cpython-310.pyc
1747595183|Leonardo|A|/venv/lib/python3.10/site-packages/pip/_vendor/pygments/formatters/__pycache__/irc.cpython-310.pyc
1747595183|Leonardo|A|/venv/lib/python3.10/site-packages/pip/_vendor/pygments/formatters/__pycache__/latex.cpython-310.pyc
1747595183|Leonardo|A|/venv/lib/python3.10/site-packages/pip/_vendor/pygments/formatters/__pycache__/other.cpython-310.pyc
1747595183|Leonardo|A|/venv/lib/python3.10/site-packages/pip/_vendor/pygments/formatters/__pycache__/pangomarkup.cpython-310.pyc
1747595183|Leonardo|A|/venv/lib/python3.10/site-packages/pip/_vendor/pygments/formatters/__pycache__/rtf.cpython-310.pyc
1747595183|Leonardo|A|/venv/lib/python3.10/site-packages/pip/_vendor/pygments/formatters/__pycache__/svg.cpython-310.pyc
1747595183|Leonardo|A|/venv/lib/python3.10/site-packages/pip/_vendor/pygments/formatters/__pycache__/terminal.cpython-310.pyc
1747595183|Leonardo|A|/venv/lib/python3.10/site-packages/pip/_vendor/pygments/formatters/__pycache__/terminal256.cpython-310.pyc
1747595183|Leonardo|A|/venv/lib/python3.10/site-packages/pip/_vendor/pygments/formatters/_mapping.py
1747595183|Leonardo|A|/venv/lib/python3.10/site-packages/pip/_vendor/pygments/formatters/bbcode.py
1747595183|Leonardo|A|/venv/lib/python3.10/site-packages/pip/_vendor/pygments/formatters/groff.py
1747595183|Leonardo|A|/venv/lib/python3.10/site-packages/pip/_vendor/pygments/formatters/html.py
1747595183|Leonardo|A|/venv/lib/python3.10/site-packages/pip/_vendor/pygments/formatters/img.py
1747595183|Leonardo|A|/venv/lib/python3.10/site-packages/pip/_vendor/pygments/formatters/irc.py
1747595183|Leonardo|A|/venv/lib/python3.10/site-packages/pip/_vendor/pygments/formatters/latex.py
1747595183|Leonardo|A|/venv/lib/python3.10/site-packages/pip/_vendor/pygments/formatters/other.py
1747595183|Leonardo|A|/venv/lib/python3.10/site-packages/pip/_vendor/pygments/formatters/pangomarkup.py
1747595183|Leonardo|A|/venv/lib/python3.10/site-packages/pip/_vendor/pygments/formatters/rtf.py
1747595183|Leonardo|A|/venv/lib/python3.10/site-packages/pip/_vendor/pygments/formatters/svg.py
1747595183|Leonardo|A|/venv/lib/python3.10/site-packages/pip/_vendor/pygments/formatters/terminal.py
1747595183|Leonardo|A|/venv/lib/python3.10/site-packages/pip/_vendor/pygments/formatters/terminal256.py
1747595183|Leonardo|A|/venv/lib/python3.10/site-packages/pip/_vendor/pygments/lexer.py
1747595183|Leonardo|A|/venv/lib/python3.10/site-packages/pip/_vendor/pygments/lexers/__init__.py
1747595183|Leonardo|A|/venv/lib/python3.10/site-packages/pip/_vendor/pygments/lexers/__pycache__/__init__.cpython-310.pyc
1747595183|Leonardo|A|/venv/lib/python3.10/site-packages/pip/_vendor/pygments/lexers/__pycache__/_mapping.cpython-310.pyc
1747595183|Leonardo|A|/venv/lib/python3.10/site-packages/pip/_vendor/pygments/lexers/__pycache__/python.cpython-310.pyc
1747595183|Leonardo|A|/venv/lib/python3.10/site-packages/pip/_vendor/pygments/lexers/_mapping.py
1747595183|Leonardo|A|/venv/lib/python3.10/site-packages/pip/_vendor/pygments/lexers/python.py
1747595183|Leonardo|A|/venv/lib/python3.10/site-packages/pip/_vendor/pygments/modeline.py
1747595183|Leonardo|A|/venv/lib/python3.10/site-packages/pip/_vendor/pygments/plugin.py
1747595183|Leonardo|A|/venv/lib/python3.10/site-packages/pip/_vendor/pygments/regexopt.py
1747595183|Leonardo|A|/venv/lib/python3.10/site-packages/pip/_vendor/pygments/scanner.py
1747595183|Leonardo|A|/venv/lib/python3.10/site-packages/pip/_vendor/pygments/sphinxext.py
1747595183|Leonardo|A|/venv/lib/python3.10/site-packages/pip/_vendor/pygments/style.py
1747595183|Leonardo|A|/venv/lib/python3.10/site-packages/pip/_vendor/pygments/styles/__init__.py
1747595183|Leonardo|A|/venv/lib/python3.10/site-packages/pip/_vendor/pygments/styles/__pycache__/__init__.cpython-310.pyc
1747595183|Leonardo|A|/venv/lib/python3.10/site-packages/pip/_vendor/pygments/token.py
1747595183|Leonardo|A|/venv/lib/python3.10/site-packages/pip/_vendor/pygments/unistring.py
1747595183|Leonardo|A|/venv/lib/python3.10/site-packages/pip/_vendor/pygments/util.py
1747595183|Leonardo|A|/venv/lib/python3.10/site-packages/pip/_vendor/pyparsing/__init__.py
1747595183|Leonardo|A|/venv/lib/python3.10/site-packages/pip/_vendor/pyparsing/__pycache__/__init__.cpython-310.pyc
1747595183|Leonardo|A|/venv/lib/python3.10/site-packages/pip/_vendor/pyparsing/__pycache__/actions.cpython-310.pyc
1747595183|Leonardo|A|/venv/lib/python3.10/site-packages/pip/_vendor/pyparsing/__pycache__/common.cpython-310.pyc
1747595183|Leonardo|A|/venv/lib/python3.10/site-packages/pip/_vendor/pyparsing/__pycache__/core.cpython-310.pyc
1747595183|Leonardo|A|/venv/lib/python3.10/site-packages/pip/_vendor/pyparsing/__pycache__/exceptions.cpython-310.pyc
1747595183|Leonardo|A|/venv/lib/python3.10/site-packages/pip/_vendor/pyparsing/__pycache__/helpers.cpython-310.pyc
1747595183|Leonardo|A|/venv/lib/python3.10/site-packages/pip/_vendor/pyparsing/__pycache__/results.cpython-310.pyc
1747595183|Leonardo|A|/venv/lib/python3.10/site-packages/pip/_vendor/pyparsing/__pycache__/testing.cpython-310.pyc
1747595183|Leonardo|A|/venv/lib/python3.10/site-packages/pip/_vendor/pyparsing/__pycache__/unicode.cpython-310.pyc
1747595183|Leonardo|A|/venv/lib/python3.10/site-packages/pip/_vendor/pyparsing/__pycache__/util.cpython-310.pyc
1747595183|Leonardo|A|/venv/lib/python3.10/site-packages/pip/_vendor/pyparsing/actions.py
1747595183|Leonardo|A|/venv/lib/python3.10/site-packages/pip/_vendor/pyparsing/common.py
1747595183|Leonardo|A|/venv/lib/python3.10/site-packages/pip/_vendor/pyparsing/core.py
1747595183|Leonardo|A|/venv/lib/python3.10/site-packages/pip/_vendor/pyparsing/diagram/__init__.py
1747595183|Leonardo|A|/venv/lib/python3.10/site-packages/pip/_vendor/pyparsing/diagram/__pycache__/__init__.cpython-310.pyc
1747595183|Leonardo|A|/venv/lib/python3.10/site-packages/pip/_vendor/pyparsing/exceptions.py
1747595183|Leonardo|A|/venv/lib/python3.10/site-packages/pip/_vendor/pyparsing/helpers.py
1747595183|Leonardo|A|/venv/lib/python3.10/site-packages/pip/_vendor/pyparsing/results.py
1747595183|Leonardo|A|/venv/lib/python3.10/site-packages/pip/_vendor/pyparsing/testing.py
1747595183|Leonardo|A|/venv/lib/python3.10/site-packages/pip/_vendor/pyparsing/unicode.py
1747595183|Leonardo|A|/venv/lib/python3.10/site-packages/pip/_vendor/pyparsing/util.py
1747595183|Leonardo|A|/venv/lib/python3.10/site-packages/pip/_vendor/requests/__init__.py
1747595183|Leonardo|A|/venv/lib/python3.10/site-packages/pip/_vendor/requests/__pycache__/__init__.cpython-310.pyc
1747595183|Leonardo|A|/venv/lib/python3.10/site-packages/pip/_vendor/requests/__pycache__/__version__.cpython-310.pyc
1747595183|Leonardo|A|/venv/lib/python3.10/site-packages/pip/_vendor/requests/__pycache__/_internal_utils.cpython-310.pyc
1747595183|Leonardo|A|/venv/lib/python3.10/site-packages/pip/_vendor/requests/__pycache__/adapters.cpython-310.pyc
1747595183|Leonardo|A|/venv/lib/python3.10/site-packages/pip/_vendor/requests/__pycache__/api.cpython-310.pyc
1747595183|Leonardo|A|/venv/lib/python3.10/site-packages/pip/_vendor/requests/__pycache__/auth.cpython-310.pyc
1747595183|Leonardo|A|/venv/lib/python3.10/site-packages/pip/_vendor/requests/__pycache__/certs.cpython-310.pyc
1747595183|Leonardo|A|/venv/lib/python3.10/site-packages/pip/_vendor/requests/__pycache__/compat.cpython-310.pyc
1747595183|Leonardo|A|/venv/lib/python3.10/site-packages/pip/_vendor/requests/__pycache__/cookies.cpython-310.pyc
1747595183|Leonardo|A|/venv/lib/python3.10/site-packages/pip/_vendor/requests/__pycache__/exceptions.cpython-310.pyc
1747595183|Leonardo|A|/venv/lib/python3.10/site-packages/pip/_vendor/requests/__pycache__/help.cpython-310.pyc
1747595183|Leonardo|A|/venv/lib/python3.10/site-packages/pip/_vendor/requests/__pycache__/hooks.cpython-310.pyc
1747595183|Leonardo|A|/venv/lib/python3.10/site-packages/pip/_vendor/requests/__pycache__/models.cpython-310.pyc
1747595183|Leonardo|A|/venv/lib/python3.10/site-packages/pip/_vendor/requests/__pycache__/packages.cpython-310.pyc
1747595183|Leonardo|A|/venv/lib/python3.10/site-packages/pip/_vendor/requests/__pycache__/sessions.cpython-310.pyc
1747595183|Leonardo|A|/venv/lib/python3.10/site-packages/pip/_vendor/requests/__pycache__/status_codes.cpython-310.pyc
1747595183|Leonardo|A|/venv/lib/python3.10/site-packages/pip/_vendor/requests/__pycache__/structures.cpython-310.pyc
1747595183|Leonardo|A|/venv/lib/python3.10/site-packages/pip/_vendor/requests/__pycache__/utils.cpython-310.pyc
1747595183|Leonardo|A|/venv/lib/python3.10/site-packages/pip/_vendor/requests/__version__.py
1747595183|Leonardo|A|/venv/lib/python3.10/site-packages/pip/_vendor/requests/_internal_utils.py
1747595183|Leonardo|A|/venv/lib/python3.10/site-packages/pip/_vendor/requests/adapters.py
1747595183|Leonardo|A|/venv/lib/python3.10/site-packages/pip/_vendor/requests/api.py
1747595183|Leonardo|A|/venv/lib/python3.10/site-packages/pip/_vendor/requests/auth.py
1747595183|Leonardo|A|/venv/lib/python3.10/site-packages/pip/_vendor/requests/certs.py
1747595183|Leonardo|A|/venv/lib/python3.10/site-packages/pip/_vendor/requests/compat.py
1747595183|Leonardo|A|/venv/lib/python3.10/site-packages/pip/_vendor/requests/cookies.py
1747595183|Leonardo|A|/venv/lib/python3.10/site-packages/pip/_vendor/requests/exceptions.py
1747595183|Leonardo|A|/venv/lib/python3.10/site-packages/pip/_vendor/requests/help.py
1747595183|Leonardo|A|/venv/lib/python3.10/site-packages/pip/_vendor/requests/hooks.py
1747595183|Leonardo|A|/venv/lib/python3.10/site-packages/pip/_vendor/requests/models.py
1747595183|Leonardo|A|/venv/lib/python3.10/site-packages/pip/_vendor/requests/packages.py
1747595183|Leonardo|A|/venv/lib/python3.10/site-packages/pip/_vendor/requests/sessions.py
1747595183|Leonardo|A|/venv/lib/python3.10/site-packages/pip/_vendor/requests/status_codes.py
1747595183|Leonardo|A|/venv/lib/python3.10/site-packages/pip/_vendor/requests/structures.py
1747595183|Leonardo|A|/venv/lib/python3.10/site-packages/pip/_vendor/requests/utils.py
1747595183|Leonardo|A|/venv/lib/python3.10/site-packages/pip/_vendor/resolvelib/__init__.py
1747595183|Leonardo|A|/venv/lib/python3.10/site-packages/pip/_vendor/resolvelib/__pycache__/__init__.cpython-310.pyc
1747595183|Leonardo|A|/venv/lib/python3.10/site-packages/pip/_vendor/resolvelib/__pycache__/providers.cpython-310.pyc
1747595183|Leonardo|A|/venv/lib/python3.10/site-packages/pip/_vendor/resolvelib/__pycache__/reporters.cpython-310.pyc
1747595183|Leonardo|A|/venv/lib/python3.10/site-packages/pip/_vendor/resolvelib/__pycache__/resolvers.cpython-310.pyc
1747595183|Leonardo|A|/venv/lib/python3.10/site-packages/pip/_vendor/resolvelib/__pycache__/structs.cpython-310.pyc
1747595183|Leonardo|A|/venv/lib/python3.10/site-packages/pip/_vendor/resolvelib/compat/__init__.py
1747595183|Leonardo|A|/venv/lib/python3.10/site-packages/pip/_vendor/resolvelib/compat/__pycache__/__init__.cpython-310.pyc
1747595183|Leonardo|A|/venv/lib/python3.10/site-packages/pip/_vendor/resolvelib/compat/__pycache__/collections_abc.cpython-310.pyc
1747595183|Leonardo|A|/venv/lib/python3.10/site-packages/pip/_vendor/resolvelib/compat/collections_abc.py
1747595183|Leonardo|A|/venv/lib/python3.10/site-packages/pip/_vendor/resolvelib/providers.py
1747595183|Leonardo|A|/venv/lib/python3.10/site-packages/pip/_vendor/resolvelib/reporters.py
1747595183|Leonardo|A|/venv/lib/python3.10/site-packages/pip/_vendor/resolvelib/resolvers.py
1747595183|Leonardo|A|/venv/lib/python3.10/site-packages/pip/_vendor/resolvelib/structs.py
1747595183|Leonardo|A|/venv/lib/python3.10/site-packages/pip/_vendor/rich/__init__.py
1747595183|Leonardo|A|/venv/lib/python3.10/site-packages/pip/_vendor/rich/__main__.py
1747595183|Leonardo|A|/venv/lib/python3.10/site-packages/pip/_vendor/rich/__pycache__/__init__.cpython-310.pyc
1747595183|Leonardo|A|/venv/lib/python3.10/site-packages/pip/_vendor/rich/__pycache__/__main__.cpython-310.pyc
1747595183|Leonardo|A|/venv/lib/python3.10/site-packages/pip/_vendor/rich/__pycache__/_cell_widths.cpython-310.pyc
1747595183|Leonardo|A|/venv/lib/python3.10/site-packages/pip/_vendor/rich/__pycache__/_emoji_codes.cpython-310.pyc
1747595183|Leonardo|A|/venv/lib/python3.10/site-packages/pip/_vendor/rich/__pycache__/_emoji_replace.cpython-310.pyc
1747595183|Leonardo|A|/venv/lib/python3.10/site-packages/pip/_vendor/rich/__pycache__/_extension.cpython-310.pyc
1747595183|Leonardo|A|/venv/lib/python3.10/site-packages/pip/_vendor/rich/__pycache__/_inspect.cpython-310.pyc
1747595183|Leonardo|A|/venv/lib/python3.10/site-packages/pip/_vendor/rich/__pycache__/_log_render.cpython-310.pyc
1747595183|Leonardo|A|/venv/lib/python3.10/site-packages/pip/_vendor/rich/__pycache__/_loop.cpython-310.pyc
1747595183|Leonardo|A|/venv/lib/python3.10/site-packages/pip/_vendor/rich/__pycache__/_lru_cache.cpython-310.pyc
1747595183|Leonardo|A|/venv/lib/python3.10/site-packages/pip/_vendor/rich/__pycache__/_palettes.cpython-310.pyc
1747595183|Leonardo|A|/venv/lib/python3.10/site-packages/pip/_vendor/rich/__pycache__/_pick.cpython-310.pyc
1747595183|Leonardo|A|/venv/lib/python3.10/site-packages/pip/_vendor/rich/__pycache__/_ratio.cpython-310.pyc
1747595183|Leonardo|A|/venv/lib/python3.10/site-packages/pip/_vendor/rich/__pycache__/_spinners.cpython-310.pyc
1747595183|Leonardo|A|/venv/lib/python3.10/site-packages/pip/_vendor/rich/__pycache__/_stack.cpython-310.pyc
1747595183|Leonardo|A|/venv/lib/python3.10/site-packages/pip/_vendor/rich/__pycache__/_timer.cpython-310.pyc
1747595183|Leonardo|A|/venv/lib/python3.10/site-packages/pip/_vendor/rich/__pycache__/_windows.cpython-310.pyc
1747595183|Leonardo|A|/venv/lib/python3.10/site-packages/pip/_vendor/rich/__pycache__/_wrap.cpython-310.pyc
1747595183|Leonardo|A|/venv/lib/python3.10/site-packages/pip/_vendor/rich/__pycache__/abc.cpython-310.pyc
1747595183|Leonardo|A|/venv/lib/python3.10/site-packages/pip/_vendor/rich/__pycache__/align.cpython-310.pyc
1747595183|Leonardo|A|/venv/lib/python3.10/site-packages/pip/_vendor/rich/__pycache__/ansi.cpython-310.pyc
1747595183|Leonardo|A|/venv/lib/python3.10/site-packages/pip/_vendor/rich/__pycache__/bar.cpython-310.pyc
1747595183|Leonardo|A|/venv/lib/python3.10/site-packages/pip/_vendor/rich/__pycache__/box.cpython-310.pyc
1747595183|Leonardo|A|/venv/lib/python3.10/site-packages/pip/_vendor/rich/__pycache__/cells.cpython-310.pyc
1747595183|Leonardo|A|/venv/lib/python3.10/site-packages/pip/_vendor/rich/__pycache__/color.cpython-310.pyc
1747595183|Leonardo|A|/venv/lib/python3.10/site-packages/pip/_vendor/rich/__pycache__/color_triplet.cpython-310.pyc
1747595183|Leonardo|A|/venv/lib/python3.10/site-packages/pip/_vendor/rich/__pycache__/columns.cpython-310.pyc
1747595183|Leonardo|A|/venv/lib/python3.10/site-packages/pip/_vendor/rich/__pycache__/console.cpython-310.pyc
1747595183|Leonardo|A|/venv/lib/python3.10/site-packages/pip/_vendor/rich/__pycache__/constrain.cpython-310.pyc
1747595183|Leonardo|A|/venv/lib/python3.10/site-packages/pip/_vendor/rich/__pycache__/containers.cpython-310.pyc
1747595183|Leonardo|A|/venv/lib/python3.10/site-packages/pip/_vendor/rich/__pycache__/control.cpython-310.pyc
1747595183|Leonardo|A|/venv/lib/python3.10/site-packages/pip/_vendor/rich/__pycache__/default_styles.cpython-310.pyc
1747595183|Leonardo|A|/venv/lib/python3.10/site-packages/pip/_vendor/rich/__pycache__/diagnose.cpython-310.pyc
1747595183|Leonardo|A|/venv/lib/python3.10/site-packages/pip/_vendor/rich/__pycache__/emoji.cpython-310.pyc
1747595183|Leonardo|A|/venv/lib/python3.10/site-packages/pip/_vendor/rich/__pycache__/errors.cpython-310.pyc
1747595183|Leonardo|A|/venv/lib/python3.10/site-packages/pip/_vendor/rich/__pycache__/file_proxy.cpython-310.pyc
1747595183|Leonardo|A|/venv/lib/python3.10/site-packages/pip/_vendor/rich/__pycache__/filesize.cpython-310.pyc
1747595183|Leonardo|A|/venv/lib/python3.10/site-packages/pip/_vendor/rich/__pycache__/highlighter.cpython-310.pyc
1747595183|Leonardo|A|/venv/lib/python3.10/site-packages/pip/_vendor/rich/__pycache__/json.cpython-310.pyc
1747595183|Leonardo|A|/venv/lib/python3.10/site-packages/pip/_vendor/rich/__pycache__/jupyter.cpython-310.pyc
1747595183|Leonardo|A|/venv/lib/python3.10/site-packages/pip/_vendor/rich/__pycache__/layout.cpython-310.pyc
1747595183|Leonardo|A|/venv/lib/python3.10/site-packages/pip/_vendor/rich/__pycache__/live.cpython-310.pyc
1747595183|Leonardo|A|/venv/lib/python3.10/site-packages/pip/_vendor/rich/__pycache__/live_render.cpython-310.pyc
1747595183|Leonardo|A|/venv/lib/python3.10/site-packages/pip/_vendor/rich/__pycache__/logging.cpython-310.pyc
1747595183|Leonardo|A|/venv/lib/python3.10/site-packages/pip/_vendor/rich/__pycache__/markup.cpython-310.pyc
1747595183|Leonardo|A|/venv/lib/python3.10/site-packages/pip/_vendor/rich/__pycache__/measure.cpython-310.pyc
1747595183|Leonardo|A|/venv/lib/python3.10/site-packages/pip/_vendor/rich/__pycache__/padding.cpython-310.pyc
1747595183|Leonardo|A|/venv/lib/python3.10/site-packages/pip/_vendor/rich/__pycache__/pager.cpython-310.pyc
1747595183|Leonardo|A|/venv/lib/python3.10/site-packages/pip/_vendor/rich/__pycache__/palette.cpython-310.pyc
1747595183|Leonardo|A|/venv/lib/python3.10/site-packages/pip/_vendor/rich/__pycache__/panel.cpython-310.pyc
1747595183|Leonardo|A|/venv/lib/python3.10/site-packages/pip/_vendor/rich/__pycache__/pretty.cpython-310.pyc
1747595183|Leonardo|A|/venv/lib/python3.10/site-packages/pip/_vendor/rich/__pycache__/progress.cpython-310.pyc
1747595183|Leonardo|A|/venv/lib/python3.10/site-packages/pip/_vendor/rich/__pycache__/progress_bar.cpython-310.pyc
1747595183|Leonardo|A|/venv/lib/python3.10/site-packages/pip/_vendor/rich/__pycache__/prompt.cpython-310.pyc
1747595183|Leonardo|A|/venv/lib/python3.10/site-packages/pip/_vendor/rich/__pycache__/protocol.cpython-310.pyc
1747595183|Leonardo|A|/venv/lib/python3.10/site-packages/pip/_vendor/rich/__pycache__/region.cpython-310.pyc
1747595183|Leonardo|A|/venv/lib/python3.10/site-packages/pip/_vendor/rich/__pycache__/repr.cpython-310.pyc
1747595183|Leonardo|A|/venv/lib/python3.10/site-packages/pip/_vendor/rich/__pycache__/rule.cpython-310.pyc
1747595183|Leonardo|A|/venv/lib/python3.10/site-packages/pip/_vendor/rich/__pycache__/scope.cpython-310.pyc
1747595183|Leonardo|A|/venv/lib/python3.10/site-packages/pip/_vendor/rich/__pycache__/screen.cpython-310.pyc
1747595183|Leonardo|A|/venv/lib/python3.10/site-packages/pip/_vendor/rich/__pycache__/segment.cpython-310.pyc
1747595183|Leonardo|A|/venv/lib/python3.10/site-packages/pip/_vendor/rich/__pycache__/spinner.cpython-310.pyc
1747595183|Leonardo|A|/venv/lib/python3.10/site-packages/pip/_vendor/rich/__pycache__/status.cpython-310.pyc
1747595183|Leonardo|A|/venv/lib/python3.10/site-packages/pip/_vendor/rich/__pycache__/style.cpython-310.pyc
1747595183|Leonardo|A|/venv/lib/python3.10/site-packages/pip/_vendor/rich/__pycache__/styled.cpython-310.pyc
1747595183|Leonardo|A|/venv/lib/python3.10/site-packages/pip/_vendor/rich/__pycache__/syntax.cpython-310.pyc
1747595183|Leonardo|A|/venv/lib/python3.10/site-packages/pip/_vendor/rich/__pycache__/table.cpython-310.pyc
1747595183|Leonardo|A|/venv/lib/python3.10/site-packages/pip/_vendor/rich/__pycache__/tabulate.cpython-310.pyc
1747595183|Leonardo|A|/venv/lib/python3.10/site-packages/pip/_vendor/rich/__pycache__/terminal_theme.cpython-310.pyc
1747595183|Leonardo|A|/venv/lib/python3.10/site-packages/pip/_vendor/rich/__pycache__/text.cpython-310.pyc
1747595183|Leonardo|A|/venv/lib/python3.10/site-packages/pip/_vendor/rich/__pycache__/theme.cpython-310.pyc
1747595183|Leonardo|A|/venv/lib/python3.10/site-packages/pip/_vendor/rich/__pycache__/themes.cpython-310.pyc
1747595183|Leonardo|A|/venv/lib/python3.10/site-packages/pip/_vendor/rich/__pycache__/traceback.cpython-310.pyc
1747595183|Leonardo|A|/venv/lib/python3.10/site-packages/pip/_vendor/rich/__pycache__/tree.cpython-310.pyc
1747595183|Leonardo|A|/venv/lib/python3.10/site-packages/pip/_vendor/rich/_cell_widths.py
1747595183|Leonardo|A|/venv/lib/python3.10/site-packages/pip/_vendor/rich/_emoji_codes.py
1747595183|Leonardo|A|/venv/lib/python3.10/site-packages/pip/_vendor/rich/_emoji_replace.py
1747595183|Leonardo|A|/venv/lib/python3.10/site-packages/pip/_vendor/rich/_extension.py
1747595183|Leonardo|A|/venv/lib/python3.10/site-packages/pip/_vendor/rich/_inspect.py
1747595183|Leonardo|A|/venv/lib/python3.10/site-packages/pip/_vendor/rich/_log_render.py
1747595183|Leonardo|A|/venv/lib/python3.10/site-packages/pip/_vendor/rich/_loop.py
1747595183|Leonardo|A|/venv/lib/python3.10/site-packages/pip/_vendor/rich/_lru_cache.py
1747595183|Leonardo|A|/venv/lib/python3.10/site-packages/pip/_vendor/rich/_palettes.py
1747595183|Leonardo|A|/venv/lib/python3.10/site-packages/pip/_vendor/rich/_pick.py
1747595183|Leonardo|A|/venv/lib/python3.10/site-packages/pip/_vendor/rich/_ratio.py
1747595183|Leonardo|A|/venv/lib/python3.10/site-packages/pip/_vendor/rich/_spinners.py
1747595183|Leonardo|A|/venv/lib/python3.10/site-packages/pip/_vendor/rich/_stack.py
1747595183|Leonardo|A|/venv/lib/python3.10/site-packages/pip/_vendor/rich/_timer.py
1747595183|Leonardo|A|/venv/lib/python3.10/site-packages/pip/_vendor/rich/_windows.py
1747595183|Leonardo|A|/venv/lib/python3.10/site-packages/pip/_vendor/rich/_wrap.py
1747595183|Leonardo|A|/venv/lib/python3.10/site-packages/pip/_vendor/rich/abc.py
1747595183|Leonardo|A|/venv/lib/python3.10/site-packages/pip/_vendor/rich/align.py
1747595183|Leonardo|A|/venv/lib/python3.10/site-packages/pip/_vendor/rich/ansi.py
1747595183|Leonardo|A|/venv/lib/python3.10/site-packages/pip/_vendor/rich/bar.py
1747595183|Leonardo|A|/venv/lib/python3.10/site-packages/pip/_vendor/rich/box.py
1747595183|Leonardo|A|/venv/lib/python3.10/site-packages/pip/_vendor/rich/cells.py
1747595183|Leonardo|A|/venv/lib/python3.10/site-packages/pip/_vendor/rich/color.py
1747595183|Leonardo|A|/venv/lib/python3.10/site-packages/pip/_vendor/rich/color_triplet.py
1747595183|Leonardo|A|/venv/lib/python3.10/site-packages/pip/_vendor/rich/columns.py
1747595183|Leonardo|A|/venv/lib/python3.10/site-packages/pip/_vendor/rich/console.py
1747595183|Leonardo|A|/venv/lib/python3.10/site-packages/pip/_vendor/rich/constrain.py
1747595183|Leonardo|A|/venv/lib/python3.10/site-packages/pip/_vendor/rich/containers.py
1747595183|Leonardo|A|/venv/lib/python3.10/site-packages/pip/_vendor/rich/control.py
1747595183|Leonardo|A|/venv/lib/python3.10/site-packages/pip/_vendor/rich/default_styles.py
1747595183|Leonardo|A|/venv/lib/python3.10/site-packages/pip/_vendor/rich/diagnose.py
1747595183|Leonardo|A|/venv/lib/python3.10/site-packages/pip/_vendor/rich/emoji.py
1747595183|Leonardo|A|/venv/lib/python3.10/site-packages/pip/_vendor/rich/errors.py
1747595183|Leonardo|A|/venv/lib/python3.10/site-packages/pip/_vendor/rich/file_proxy.py
1747595183|Leonardo|A|/venv/lib/python3.10/site-packages/pip/_vendor/rich/filesize.py
1747595183|Leonardo|A|/venv/lib/python3.10/site-packages/pip/_vendor/rich/highlighter.py
1747595183|Leonardo|A|/venv/lib/python3.10/site-packages/pip/_vendor/rich/json.py
1747595183|Leonardo|A|/venv/lib/python3.10/site-packages/pip/_vendor/rich/jupyter.py
1747595183|Leonardo|A|/venv/lib/python3.10/site-packages/pip/_vendor/rich/layout.py
1747595183|Leonardo|A|/venv/lib/python3.10/site-packages/pip/_vendor/rich/live.py
1747595183|Leonardo|A|/venv/lib/python3.10/site-packages/pip/_vendor/rich/live_render.py
1747595183|Leonardo|A|/venv/lib/python3.10/site-packages/pip/_vendor/rich/logging.py
1747595183|Leonardo|A|/venv/lib/python3.10/site-packages/pip/_vendor/rich/markup.py
1747595183|Leonardo|A|/venv/lib/python3.10/site-packages/pip/_vendor/rich/measure.py
1747595183|Leonardo|A|/venv/lib/python3.10/site-packages/pip/_vendor/rich/padding.py
1747595183|Leonardo|A|/venv/lib/python3.10/site-packages/pip/_vendor/rich/pager.py
1747595183|Leonardo|A|/venv/lib/python3.10/site-packages/pip/_vendor/rich/palette.py
1747595183|Leonardo|A|/venv/lib/python3.10/site-packages/pip/_vendor/rich/panel.py
1747595183|Leonardo|A|/venv/lib/python3.10/site-packages/pip/_vendor/rich/pretty.py
1747595183|Leonardo|A|/venv/lib/python3.10/site-packages/pip/_vendor/rich/progress.py
1747595183|Leonardo|A|/venv/lib/python3.10/site-packages/pip/_vendor/rich/progress_bar.py
1747595183|Leonardo|A|/venv/lib/python3.10/site-packages/pip/_vendor/rich/prompt.py
1747595183|Leonardo|A|/venv/lib/python3.10/site-packages/pip/_vendor/rich/protocol.py
1747595183|Leonardo|A|/venv/lib/python3.10/site-packages/pip/_vendor/rich/region.py
1747595183|Leonardo|A|/venv/lib/python3.10/site-packages/pip/_vendor/rich/repr.py
1747595183|Leonardo|A|/venv/lib/python3.10/site-packages/pip/_vendor/rich/rule.py
1747595183|Leonardo|A|/venv/lib/python3.10/site-packages/pip/_vendor/rich/scope.py
1747595183|Leonardo|A|/venv/lib/python3.10/site-packages/pip/_vendor/rich/screen.py
1747595183|Leonardo|A|/venv/lib/python3.10/site-packages/pip/_vendor/rich/segment.py
1747595183|Leonardo|A|/venv/lib/python3.10/site-packages/pip/_vendor/rich/spinner.py
1747595183|Leonardo|A|/venv/lib/python3.10/site-packages/pip/_vendor/rich/status.py
1747595183|Leonardo|A|/venv/lib/python3.10/site-packages/pip/_vendor/rich/style.py
1747595183|Leonardo|A|/venv/lib/python3.10/site-packages/pip/_vendor/rich/styled.py
1747595183|Leonardo|A|/venv/lib/python3.10/site-packages/pip/_vendor/rich/syntax.py
1747595183|Leonardo|A|/venv/lib/python3.10/site-packages/pip/_vendor/rich/table.py
1747595183|Leonardo|A|/venv/lib/python3.10/site-packages/pip/_vendor/rich/tabulate.py
1747595183|Leonardo|A|/venv/lib/python3.10/site-packages/pip/_vendor/rich/terminal_theme.py
1747595183|Leonardo|A|/venv/lib/python3.10/site-packages/pip/_vendor/rich/text.py
1747595183|Leonardo|A|/venv/lib/python3.10/site-packages/pip/_vendor/rich/theme.py
1747595183|Leonardo|A|/venv/lib/python3.10/site-packages/pip/_vendor/rich/themes.py
1747595183|Leonardo|A|/venv/lib/python3.10/site-packages/pip/_vendor/rich/traceback.py
1747595183|Leonardo|A|/venv/lib/python3.10/site-packages/pip/_vendor/rich/tree.py
1747595183|Leonardo|A|/venv/lib/python3.10/site-packages/pip/_vendor/six.py
1747595183|Leonardo|A|/venv/lib/python3.10/site-packages/pip/_vendor/tenacity/__init__.py
1747595183|Leonardo|A|/venv/lib/python3.10/site-packages/pip/_vendor/tenacity/__pycache__/__init__.cpython-310.pyc
1747595183|Leonardo|A|/venv/lib/python3.10/site-packages/pip/_vendor/tenacity/__pycache__/_asyncio.cpython-310.pyc
1747595183|Leonardo|A|/venv/lib/python3.10/site-packages/pip/_vendor/tenacity/__pycache__/_utils.cpython-310.pyc
1747595183|Leonardo|A|/venv/lib/python3.10/site-packages/pip/_vendor/tenacity/__pycache__/after.cpython-310.pyc
1747595183|Leonardo|A|/venv/lib/python3.10/site-packages/pip/_vendor/tenacity/__pycache__/before.cpython-310.pyc
1747595183|Leonardo|A|/venv/lib/python3.10/site-packages/pip/_vendor/tenacity/__pycache__/before_sleep.cpython-310.pyc
1747595183|Leonardo|A|/venv/lib/python3.10/site-packages/pip/_vendor/tenacity/__pycache__/nap.cpython-310.pyc
1747595183|Leonardo|A|/venv/lib/python3.10/site-packages/pip/_vendor/tenacity/__pycache__/retry.cpython-310.pyc
1747595183|Leonardo|A|/venv/lib/python3.10/site-packages/pip/_vendor/tenacity/__pycache__/stop.cpython-310.pyc
1747595183|Leonardo|A|/venv/lib/python3.10/site-packages/pip/_vendor/tenacity/__pycache__/tornadoweb.cpython-310.pyc
1747595183|Leonardo|A|/venv/lib/python3.10/site-packages/pip/_vendor/tenacity/__pycache__/wait.cpython-310.pyc
1747595183|Leonardo|A|/venv/lib/python3.10/site-packages/pip/_vendor/tenacity/_asyncio.py
1747595183|Leonardo|A|/venv/lib/python3.10/site-packages/pip/_vendor/tenacity/_utils.py
1747595183|Leonardo|A|/venv/lib/python3.10/site-packages/pip/_vendor/tenacity/after.py
1747595183|Leonardo|A|/venv/lib/python3.10/site-packages/pip/_vendor/tenacity/before.py
1747595183|Leonardo|A|/venv/lib/python3.10/site-packages/pip/_vendor/tenacity/before_sleep.py
1747595183|Leonardo|A|/venv/lib/python3.10/site-packages/pip/_vendor/tenacity/nap.py
1747595183|Leonardo|A|/venv/lib/python3.10/site-packages/pip/_vendor/tenacity/retry.py
1747595183|Leonardo|A|/venv/lib/python3.10/site-packages/pip/_vendor/tenacity/stop.py
1747595183|Leonardo|A|/venv/lib/python3.10/site-packages/pip/_vendor/tenacity/tornadoweb.py
1747595183|Leonardo|A|/venv/lib/python3.10/site-packages/pip/_vendor/tenacity/wait.py
1747595183|Leonardo|A|/venv/lib/python3.10/site-packages/pip/_vendor/tomli/__init__.py
1747595183|Leonardo|A|/venv/lib/python3.10/site-packages/pip/_vendor/tomli/__pycache__/__init__.cpython-310.pyc
1747595183|Leonardo|A|/venv/lib/python3.10/site-packages/pip/_vendor/tomli/__pycache__/_parser.cpython-310.pyc
1747595183|Leonardo|A|/venv/lib/python3.10/site-packages/pip/_vendor/tomli/__pycache__/_re.cpython-310.pyc
1747595183|Leonardo|A|/venv/lib/python3.10/site-packages/pip/_vendor/tomli/_parser.py
1747595183|Leonardo|A|/venv/lib/python3.10/site-packages/pip/_vendor/tomli/_re.py
1747595183|Leonardo|A|/venv/lib/python3.10/site-packages/pip/_vendor/typing_extensions.py
1747595183|Leonardo|A|/venv/lib/python3.10/site-packages/pip/_vendor/urllib3/__init__.py
1747595183|Leonardo|A|/venv/lib/python3.10/site-packages/pip/_vendor/urllib3/__pycache__/__init__.cpython-310.pyc
1747595183|Leonardo|A|/venv/lib/python3.10/site-packages/pip/_vendor/urllib3/__pycache__/_collections.cpython-310.pyc
1747595183|Leonardo|A|/venv/lib/python3.10/site-packages/pip/_vendor/urllib3/__pycache__/_version.cpython-310.pyc
1747595183|Leonardo|A|/venv/lib/python3.10/site-packages/pip/_vendor/urllib3/__pycache__/connection.cpython-310.pyc
1747595183|Leonardo|A|/venv/lib/python3.10/site-packages/pip/_vendor/urllib3/__pycache__/connectionpool.cpython-310.pyc
1747595183|Leonardo|A|/venv/lib/python3.10/site-packages/pip/_vendor/urllib3/__pycache__/exceptions.cpython-310.pyc
1747595183|Leonardo|A|/venv/lib/python3.10/site-packages/pip/_vendor/urllib3/__pycache__/fields.cpython-310.pyc
1747595183|Leonardo|A|/venv/lib/python3.10/site-packages/pip/_vendor/urllib3/__pycache__/filepost.cpython-310.pyc
1747595183|Leonardo|A|/venv/lib/python3.10/site-packages/pip/_vendor/urllib3/__pycache__/poolmanager.cpython-310.pyc
1747595183|Leonardo|A|/venv/lib/python3.10/site-packages/pip/_vendor/urllib3/__pycache__/request.cpython-310.pyc
1747595183|Leonardo|A|/venv/lib/python3.10/site-packages/pip/_vendor/urllib3/__pycache__/response.cpython-310.pyc
1747595183|Leonardo|A|/venv/lib/python3.10/site-packages/pip/_vendor/urllib3/_collections.py
1747595183|Leonardo|A|/venv/lib/python3.10/site-packages/pip/_vendor/urllib3/_version.py
1747595183|Leonardo|A|/venv/lib/python3.10/site-packages/pip/_vendor/urllib3/connection.py
1747595183|Leonardo|A|/venv/lib/python3.10/site-packages/pip/_vendor/urllib3/connectionpool.py
1747595183|Leonardo|A|/venv/lib/python3.10/site-packages/pip/_vendor/urllib3/contrib/__init__.py
1747595183|Leonardo|A|/venv/lib/python3.10/site-packages/pip/_vendor/urllib3/contrib/__pycache__/__init__.cpython-310.pyc
1747595183|Leonardo|A|/venv/lib/python3.10/site-packages/pip/_vendor/urllib3/contrib/__pycache__/_appengine_environ.cpython-310.pyc
1747595183|Leonardo|A|/venv/lib/python3.10/site-packages/pip/_vendor/urllib3/contrib/__pycache__/appengine.cpython-310.pyc
1747595183|Leonardo|A|/venv/lib/python3.10/site-packages/pip/_vendor/urllib3/contrib/__pycache__/ntlmpool.cpython-310.pyc
1747595183|Leonardo|A|/venv/lib/python3.10/site-packages/pip/_vendor/urllib3/contrib/__pycache__/pyopenssl.cpython-310.pyc
1747595183|Leonardo|A|/venv/lib/python3.10/site-packages/pip/_vendor/urllib3/contrib/__pycache__/securetransport.cpython-310.pyc
1747595183|Leonardo|A|/venv/lib/python3.10/site-packages/pip/_vendor/urllib3/contrib/__pycache__/socks.cpython-310.pyc
1747595183|Leonardo|A|/venv/lib/python3.10/site-packages/pip/_vendor/urllib3/contrib/_appengine_environ.py
1747595183|Leonardo|A|/venv/lib/python3.10/site-packages/pip/_vendor/urllib3/contrib/_securetransport/__init__.py
1747595183|Leonardo|A|/venv/lib/python3.10/site-packages/pip/_vendor/urllib3/contrib/_securetransport/__pycache__/__init__.cpython-310.pyc
1747595183|Leonardo|A|/venv/lib/python3.10/site-packages/pip/_vendor/urllib3/contrib/_securetransport/__pycache__/bindings.cpython-310.pyc
1747595183|Leonardo|A|/venv/lib/python3.10/site-packages/pip/_vendor/urllib3/contrib/_securetransport/__pycache__/low_level.cpython-310.pyc
1747595183|Leonardo|A|/venv/lib/python3.10/site-packages/pip/_vendor/urllib3/contrib/_securetransport/bindings.py
1747595183|Leonardo|A|/venv/lib/python3.10/site-packages/pip/_vendor/urllib3/contrib/_securetransport/low_level.py
1747595183|Leonardo|A|/venv/lib/python3.10/site-packages/pip/_vendor/urllib3/contrib/appengine.py
1747595183|Leonardo|A|/venv/lib/python3.10/site-packages/pip/_vendor/urllib3/contrib/ntlmpool.py
1747595183|Leonardo|A|/venv/lib/python3.10/site-packages/pip/_vendor/urllib3/contrib/pyopenssl.py
1747595183|Leonardo|A|/venv/lib/python3.10/site-packages/pip/_vendor/urllib3/contrib/securetransport.py
1747595183|Leonardo|A|/venv/lib/python3.10/site-packages/pip/_vendor/urllib3/contrib/socks.py
1747595183|Leonardo|A|/venv/lib/python3.10/site-packages/pip/_vendor/urllib3/exceptions.py
1747595183|Leonardo|A|/venv/lib/python3.10/site-packages/pip/_vendor/urllib3/fields.py
1747595183|Leonardo|A|/venv/lib/python3.10/site-packages/pip/_vendor/urllib3/filepost.py
1747595183|Leonardo|A|/venv/lib/python3.10/site-packages/pip/_vendor/urllib3/packages/__init__.py
1747595183|Leonardo|A|/venv/lib/python3.10/site-packages/pip/_vendor/urllib3/packages/__pycache__/__init__.cpython-310.pyc
1747595183|Leonardo|A|/venv/lib/python3.10/site-packages/pip/_vendor/urllib3/packages/__pycache__/six.cpython-310.pyc
1747595183|Leonardo|A|/venv/lib/python3.10/site-packages/pip/_vendor/urllib3/packages/backports/__init__.py
1747595183|Leonardo|A|/venv/lib/python3.10/site-packages/pip/_vendor/urllib3/packages/backports/__pycache__/__init__.cpython-310.pyc
1747595183|Leonardo|A|/venv/lib/python3.10/site-packages/pip/_vendor/urllib3/packages/backports/__pycache__/makefile.cpython-310.pyc
1747595183|Leonardo|A|/venv/lib/python3.10/site-packages/pip/_vendor/urllib3/packages/backports/makefile.py
1747595183|Leonardo|A|/venv/lib/python3.10/site-packages/pip/_vendor/urllib3/packages/six.py
1747595183|Leonardo|A|/venv/lib/python3.10/site-packages/pip/_vendor/urllib3/poolmanager.py
1747595183|Leonardo|A|/venv/lib/python3.10/site-packages/pip/_vendor/urllib3/request.py
1747595183|Leonardo|A|/venv/lib/python3.10/site-packages/pip/_vendor/urllib3/response.py
1747595183|Leonardo|A|/venv/lib/python3.10/site-packages/pip/_vendor/urllib3/util/__init__.py
1747595183|Leonardo|A|/venv/lib/python3.10/site-packages/pip/_vendor/urllib3/util/__pycache__/__init__.cpython-310.pyc
1747595183|Leonardo|A|/venv/lib/python3.10/site-packages/pip/_vendor/urllib3/util/__pycache__/connection.cpython-310.pyc
1747595183|Leonardo|A|/venv/lib/python3.10/site-packages/pip/_vendor/urllib3/util/__pycache__/proxy.cpython-310.pyc
1747595183|Leonardo|A|/venv/lib/python3.10/site-packages/pip/_vendor/urllib3/util/__pycache__/queue.cpython-310.pyc
1747595183|Leonardo|A|/venv/lib/python3.10/site-packages/pip/_vendor/urllib3/util/__pycache__/request.cpython-310.pyc
1747595183|Leonardo|A|/venv/lib/python3.10/site-packages/pip/_vendor/urllib3/util/__pycache__/response.cpython-310.pyc
1747595183|Leonardo|A|/venv/lib/python3.10/site-packages/pip/_vendor/urllib3/util/__pycache__/retry.cpython-310.pyc
1747595183|Leonardo|A|/venv/lib/python3.10/site-packages/pip/_vendor/urllib3/util/__pycache__/ssl_.cpython-310.pyc
1747595183|Leonardo|A|/venv/lib/python3.10/site-packages/pip/_vendor/urllib3/util/__pycache__/ssl_match_hostname.cpython-310.pyc
1747595183|Leonardo|A|/venv/lib/python3.10/site-packages/pip/_vendor/urllib3/util/__pycache__/ssltransport.cpython-310.pyc
1747595183|Leonardo|A|/venv/lib/python3.10/site-packages/pip/_vendor/urllib3/util/__pycache__/timeout.cpython-310.pyc
1747595183|Leonardo|A|/venv/lib/python3.10/site-packages/pip/_vendor/urllib3/util/__pycache__/url.cpython-310.pyc
1747595183|Leonardo|A|/venv/lib/python3.10/site-packages/pip/_vendor/urllib3/util/__pycache__/wait.cpython-310.pyc
1747595183|Leonardo|A|/venv/lib/python3.10/site-packages/pip/_vendor/urllib3/util/connection.py
1747595183|Leonardo|A|/venv/lib/python3.10/site-packages/pip/_vendor/urllib3/util/proxy.py
1747595183|Leonardo|A|/venv/lib/python3.10/site-packages/pip/_vendor/urllib3/util/queue.py
1747595183|Leonardo|A|/venv/lib/python3.10/site-packages/pip/_vendor/urllib3/util/request.py
1747595183|Leonardo|A|/venv/lib/python3.10/site-packages/pip/_vendor/urllib3/util/response.py
1747595183|Leonardo|A|/venv/lib/python3.10/site-packages/pip/_vendor/urllib3/util/retry.py
1747595183|Leonardo|A|/venv/lib/python3.10/site-packages/pip/_vendor/urllib3/util/ssl_.py
1747595183|Leonardo|A|/venv/lib/python3.10/site-packages/pip/_vendor/urllib3/util/ssl_match_hostname.py
1747595183|Leonardo|A|/venv/lib/python3.10/site-packages/pip/_vendor/urllib3/util/ssltransport.py
1747595183|Leonardo|A|/venv/lib/python3.10/site-packages/pip/_vendor/urllib3/util/timeout.py
1747595183|Leonardo|A|/venv/lib/python3.10/site-packages/pip/_vendor/urllib3/util/url.py
1747595183|Leonardo|A|/venv/lib/python3.10/site-packages/pip/_vendor/urllib3/util/wait.py
1747595183|Leonardo|A|/venv/lib/python3.10/site-packages/pip/_vendor/vendor.txt
1747595183|Leonardo|A|/venv/lib/python3.10/site-packages/pip/_vendor/webencodings/__init__.py
1747595183|Leonardo|A|/venv/lib/python3.10/site-packages/pip/_vendor/webencodings/__pycache__/__init__.cpython-310.pyc
1747595183|Leonardo|A|/venv/lib/python3.10/site-packages/pip/_vendor/webencodings/__pycache__/labels.cpython-310.pyc
1747595183|Leonardo|A|/venv/lib/python3.10/site-packages/pip/_vendor/webencodings/__pycache__/mklabels.cpython-310.pyc
1747595183|Leonardo|A|/venv/lib/python3.10/site-packages/pip/_vendor/webencodings/__pycache__/tests.cpython-310.pyc
1747595183|Leonardo|A|/venv/lib/python3.10/site-packages/pip/_vendor/webencodings/__pycache__/x_user_defined.cpython-310.pyc
1747595183|Leonardo|A|/venv/lib/python3.10/site-packages/pip/_vendor/webencodings/labels.py
1747595183|Leonardo|A|/venv/lib/python3.10/site-packages/pip/_vendor/webencodings/mklabels.py
1747595183|Leonardo|A|/venv/lib/python3.10/site-packages/pip/_vendor/webencodings/tests.py
1747595183|Leonardo|A|/venv/lib/python3.10/site-packages/pip/_vendor/webencodings/x_user_defined.py
1747595183|Leonardo|A|/venv/lib/python3.10/site-packages/pip/py.typed
1747595183|Leonardo|A|/venv/lib/python3.10/site-packages/pkg_resources/__init__.py
1747595183|Leonardo|A|/venv/lib/python3.10/site-packages/pkg_resources/__pycache__/__init__.cpython-310.pyc
1747595183|Leonardo|A|/venv/lib/python3.10/site-packages/pkg_resources/_vendor/__init__.py
1747595183|Leonardo|A|/venv/lib/python3.10/site-packages/pkg_resources/_vendor/__pycache__/__init__.cpython-310.pyc
1747595183|Leonardo|A|/venv/lib/python3.10/site-packages/pkg_resources/_vendor/__pycache__/appdirs.cpython-310.pyc
1747595183|Leonardo|A|/venv/lib/python3.10/site-packages/pkg_resources/_vendor/__pycache__/pyparsing.cpython-310.pyc
1747595183|Leonardo|A|/venv/lib/python3.10/site-packages/pkg_resources/_vendor/appdirs.py
1747595183|Leonardo|A|/venv/lib/python3.10/site-packages/pkg_resources/_vendor/packaging/__about__.py
1747595183|Leonardo|A|/venv/lib/python3.10/site-packages/pkg_resources/_vendor/packaging/__init__.py
1747595183|Leonardo|A|/venv/lib/python3.10/site-packages/pkg_resources/_vendor/packaging/__pycache__/__about__.cpython-310.pyc
1747595183|Leonardo|A|/venv/lib/python3.10/site-packages/pkg_resources/_vendor/packaging/__pycache__/__init__.cpython-310.pyc
1747595183|Leonardo|A|/venv/lib/python3.10/site-packages/pkg_resources/_vendor/packaging/__pycache__/_manylinux.cpython-310.pyc
1747595183|Leonardo|A|/venv/lib/python3.10/site-packages/pkg_resources/_vendor/packaging/__pycache__/_musllinux.cpython-310.pyc
1747595183|Leonardo|A|/venv/lib/python3.10/site-packages/pkg_resources/_vendor/packaging/__pycache__/_structures.cpython-310.pyc
1747595183|Leonardo|A|/venv/lib/python3.10/site-packages/pkg_resources/_vendor/packaging/__pycache__/markers.cpython-310.pyc
1747595183|Leonardo|A|/venv/lib/python3.10/site-packages/pkg_resources/_vendor/packaging/__pycache__/requirements.cpython-310.pyc
1747595183|Leonardo|A|/venv/lib/python3.10/site-packages/pkg_resources/_vendor/packaging/__pycache__/specifiers.cpython-310.pyc
1747595183|Leonardo|A|/venv/lib/python3.10/site-packages/pkg_resources/_vendor/packaging/__pycache__/tags.cpython-310.pyc
1747595183|Leonardo|A|/venv/lib/python3.10/site-packages/pkg_resources/_vendor/packaging/__pycache__/utils.cpython-310.pyc
1747595183|Leonardo|A|/venv/lib/python3.10/site-packages/pkg_resources/_vendor/packaging/__pycache__/version.cpython-310.pyc
1747595183|Leonardo|A|/venv/lib/python3.10/site-packages/pkg_resources/_vendor/packaging/_manylinux.py
1747595183|Leonardo|A|/venv/lib/python3.10/site-packages/pkg_resources/_vendor/packaging/_musllinux.py
1747595183|Leonardo|A|/venv/lib/python3.10/site-packages/pkg_resources/_vendor/packaging/_structures.py
1747595183|Leonardo|A|/venv/lib/python3.10/site-packages/pkg_resources/_vendor/packaging/markers.py
1747595183|Leonardo|A|/venv/lib/python3.10/site-packages/pkg_resources/_vendor/packaging/requirements.py
1747595183|Leonardo|A|/venv/lib/python3.10/site-packages/pkg_resources/_vendor/packaging/specifiers.py
1747595183|Leonardo|A|/venv/lib/python3.10/site-packages/pkg_resources/_vendor/packaging/tags.py
1747595183|Leonardo|A|/venv/lib/python3.10/site-packages/pkg_resources/_vendor/packaging/utils.py
1747595183|Leonardo|A|/venv/lib/python3.10/site-packages/pkg_resources/_vendor/packaging/version.py
1747595183|Leonardo|A|/venv/lib/python3.10/site-packages/pkg_resources/_vendor/pyparsing.py
1747595183|Leonardo|A|/venv/lib/python3.10/site-packages/pkg_resources/extern/__init__.py
1747595183|Leonardo|A|/venv/lib/python3.10/site-packages/pkg_resources/extern/__pycache__/__init__.cpython-310.pyc
1747595183|Leonardo|A|/venv/lib/python3.10/site-packages/pkg_resources/tests/data/my-test-package-source/__pycache__/setup.cpython-310.pyc
1747595183|Leonardo|A|/venv/lib/python3.10/site-packages/pkg_resources/tests/data/my-test-package-source/setup.py
1747595183|Leonardo|A|/venv/lib/python3.10/site-packages/psycopg2/__init__.py
1747595183|Leonardo|A|/venv/lib/python3.10/site-packages/psycopg2/__pycache__/__init__.cpython-310.pyc
1747595183|Leonardo|A|/venv/lib/python3.10/site-packages/psycopg2/__pycache__/_ipaddress.cpython-310.pyc
1747595183|Leonardo|A|/venv/lib/python3.10/site-packages/psycopg2/__pycache__/_json.cpython-310.pyc
1747595183|Leonardo|A|/venv/lib/python3.10/site-packages/psycopg2/__pycache__/_range.cpython-310.pyc
1747595183|Leonardo|A|/venv/lib/python3.10/site-packages/psycopg2/__pycache__/errorcodes.cpython-310.pyc
1747595183|Leonardo|A|/venv/lib/python3.10/site-packages/psycopg2/__pycache__/errors.cpython-310.pyc
1747595183|Leonardo|A|/venv/lib/python3.10/site-packages/psycopg2/__pycache__/extensions.cpython-310.pyc
1747595183|Leonardo|A|/venv/lib/python3.10/site-packages/psycopg2/__pycache__/extras.cpython-310.pyc
1747595183|Leonardo|A|/venv/lib/python3.10/site-packages/psycopg2/__pycache__/pool.cpython-310.pyc
1747595183|Leonardo|A|/venv/lib/python3.10/site-packages/psycopg2/__pycache__/sql.cpython-310.pyc
1747595183|Leonardo|A|/venv/lib/python3.10/site-packages/psycopg2/__pycache__/tz.cpython-310.pyc
1747595183|Leonardo|A|/venv/lib/python3.10/site-packages/psycopg2/_ipaddress.py
1747595183|Leonardo|A|/venv/lib/python3.10/site-packages/psycopg2/_json.py
1747595183|Leonardo|A|/venv/lib/python3.10/site-packages/psycopg2/_psycopg.cpython-310-x86_64-linux-gnu.so
1747595183|Leonardo|A|/venv/lib/python3.10/site-packages/psycopg2/_range.py
1747595183|Leonardo|A|/venv/lib/python3.10/site-packages/psycopg2/errorcodes.py
1747595183|Leonardo|A|/venv/lib/python3.10/site-packages/psycopg2/errors.py
1747595183|Leonardo|A|/venv/lib/python3.10/site-packages/psycopg2/extensions.py
1747595183|Leonardo|A|/venv/lib/python3.10/site-packages/psycopg2/extras.py
1747595183|Leonardo|A|/venv/lib/python3.10/site-packages/psycopg2/pool.py
1747595183|Leonardo|A|/venv/lib/python3.10/site-packages/psycopg2/sql.py
1747595183|Leonardo|A|/venv/lib/python3.10/site-packages/psycopg2/tz.py
1747595183|Leonardo|A|/venv/lib/python3.10/site-packages/psycopg2_binary-2.9.10.dist-info/INSTALLER
1747595183|Leonardo|A|/venv/lib/python3.10/site-packages/psycopg2_binary-2.9.10.dist-info/LICENSE
1747595183|Leonardo|A|/venv/lib/python3.10/site-packages/psycopg2_binary-2.9.10.dist-info/METADATA
1747595183|Leonardo|A|/venv/lib/python3.10/site-packages/psycopg2_binary-2.9.10.dist-info/RECORD
1747595183|Leonardo|A|/venv/lib/python3.10/site-packages/psycopg2_binary-2.9.10.dist-info/REQUESTED
1747595183|Leonardo|A|/venv/lib/python3.10/site-packages/psycopg2_binary-2.9.10.dist-info/WHEEL
1747595183|Leonardo|A|/venv/lib/python3.10/site-packages/psycopg2_binary-2.9.10.dist-info/top_level.txt
1747595183|Leonardo|A|/venv/lib/python3.10/site-packages/psycopg2_binary.libs/libcom_err-2abe824b.so.2.1
1747595183|Leonardo|A|/venv/lib/python3.10/site-packages/psycopg2_binary.libs/libcrypto-ea28cefb.so.1.1
1747595183|Leonardo|A|/venv/lib/python3.10/site-packages/psycopg2_binary.libs/libgssapi_krb5-497db0c6.so.2.2
1747595183|Leonardo|A|/venv/lib/python3.10/site-packages/psycopg2_binary.libs/libk5crypto-b1f99d5c.so.3.1
1747595183|Leonardo|A|/venv/lib/python3.10/site-packages/psycopg2_binary.libs/libkeyutils-dfe70bd6.so.1.5
1747595183|Leonardo|A|/venv/lib/python3.10/site-packages/psycopg2_binary.libs/libkrb5-fcafa220.so.3.3
1747595183|Leonardo|A|/venv/lib/python3.10/site-packages/psycopg2_binary.libs/libkrb5support-d0bcff84.so.0.1
1747595183|Leonardo|A|/venv/lib/python3.10/site-packages/psycopg2_binary.libs/liblber-e0f57070.so.2.0.200
1747595183|Leonardo|A|/venv/lib/python3.10/site-packages/psycopg2_binary.libs/libldap-c37ed727.so.2.0.200
1747595183|Leonardo|A|/venv/lib/python3.10/site-packages/psycopg2_binary.libs/libpcre-9513aab5.so.1.2.0
1747595183|Leonardo|A|/venv/lib/python3.10/site-packages/psycopg2_binary.libs/libpq-e8a033dd.so.5.16
1747595183|Leonardo|A|/venv/lib/python3.10/site-packages/psycopg2_binary.libs/libsasl2-883649fd.so.3.0.0
1747595183|Leonardo|A|/venv/lib/python3.10/site-packages/psycopg2_binary.libs/libselinux-0922c95c.so.1
1747595183|Leonardo|A|/venv/lib/python3.10/site-packages/psycopg2_binary.libs/libssl-3e69114b.so.1.1
1747595183|Leonardo|A|/venv/lib/python3.10/site-packages/python_dotenv-1.1.0.dist-info/INSTALLER
1747595183|Leonardo|A|/venv/lib/python3.10/site-packages/python_dotenv-1.1.0.dist-info/METADATA
1747595183|Leonardo|A|/venv/lib/python3.10/site-packages/python_dotenv-1.1.0.dist-info/RECORD
1747595183|Leonardo|A|/venv/lib/python3.10/site-packages/python_dotenv-1.1.0.dist-info/REQUESTED
1747595183|Leonardo|A|/venv/lib/python3.10/site-packages/python_dotenv-1.1.0.dist-info/WHEEL
1747595183|Leonardo|A|/venv/lib/python3.10/site-packages/python_dotenv-1.1.0.dist-info/entry_points.txt
1747595183|Leonardo|A|/venv/lib/python3.10/site-packages/python_dotenv-1.1.0.dist-info/licenses/LICENSE
1747595183|Leonardo|A|/venv/lib/python3.10/site-packages/python_dotenv-1.1.0.dist-info/top_level.txt
1747595183|Leonardo|A|/venv/lib/python3.10/site-packages/setuptools-59.6.0.dist-info/INSTALLER
1747595183|Leonardo|A|/venv/lib/python3.10/site-packages/setuptools-59.6.0.dist-info/LICENSE
1747595183|Leonardo|A|/venv/lib/python3.10/site-packages/setuptools-59.6.0.dist-info/METADATA
1747595183|Leonardo|A|/venv/lib/python3.10/site-packages/setuptools-59.6.0.dist-info/RECORD
1747595183|Leonardo|A|/venv/lib/python3.10/site-packages/setuptools-59.6.0.dist-info/REQUESTED
1747595183|Leonardo|A|/venv/lib/python3.10/site-packages/setuptools-59.6.0.dist-info/WHEEL
1747595183|Leonardo|A|/venv/lib/python3.10/site-packages/setuptools-59.6.0.dist-info/entry_points.txt
1747595183|Leonardo|A|/venv/lib/python3.10/site-packages/setuptools-59.6.0.dist-info/top_level.txt
1747595183|Leonardo|A|/venv/lib/python3.10/site-packages/setuptools/__init__.py
1747595183|Leonardo|A|/venv/lib/python3.10/site-packages/setuptools/__pycache__/__init__.cpython-310.pyc
1747595183|Leonardo|A|/venv/lib/python3.10/site-packages/setuptools/__pycache__/_deprecation_warning.cpython-310.pyc
1747595183|Leonardo|A|/venv/lib/python3.10/site-packages/setuptools/__pycache__/_imp.cpython-310.pyc
1747595183|Leonardo|A|/venv/lib/python3.10/site-packages/setuptools/__pycache__/archive_util.cpython-310.pyc
1747595183|Leonardo|A|/venv/lib/python3.10/site-packages/setuptools/__pycache__/build_meta.cpython-310.pyc
1747595183|Leonardo|A|/venv/lib/python3.10/site-packages/setuptools/__pycache__/config.cpython-310.pyc
1747595183|Leonardo|A|/venv/lib/python3.10/site-packages/setuptools/__pycache__/dep_util.cpython-310.pyc
1747595183|Leonardo|A|/venv/lib/python3.10/site-packages/setuptools/__pycache__/depends.cpython-310.pyc
1747595183|Leonardo|A|/venv/lib/python3.10/site-packages/setuptools/__pycache__/dist.cpython-310.pyc
1747595183|Leonardo|A|/venv/lib/python3.10/site-packages/setuptools/__pycache__/errors.cpython-310.pyc
1747595183|Leonardo|A|/venv/lib/python3.10/site-packages/setuptools/__pycache__/extension.cpython-310.pyc
1747595183|Leonardo|A|/venv/lib/python3.10/site-packages/setuptools/__pycache__/glob.cpython-310.pyc
1747595183|Leonardo|A|/venv/lib/python3.10/site-packages/setuptools/__pycache__/installer.cpython-310.pyc
1747595183|Leonardo|A|/venv/lib/python3.10/site-packages/setuptools/__pycache__/launch.cpython-310.pyc
1747595183|Leonardo|A|/venv/lib/python3.10/site-packages/setuptools/__pycache__/monkey.cpython-310.pyc
1747595183|Leonardo|A|/venv/lib/python3.10/site-packages/setuptools/__pycache__/msvc.cpython-310.pyc
1747595183|Leonardo|A|/venv/lib/python3.10/site-packages/setuptools/__pycache__/namespaces.cpython-310.pyc
1747595183|Leonardo|A|/venv/lib/python3.10/site-packages/setuptools/__pycache__/package_index.cpython-310.pyc
1747595183|Leonardo|A|/venv/lib/python3.10/site-packages/setuptools/__pycache__/py34compat.cpython-310.pyc
1747595183|Leonardo|A|/venv/lib/python3.10/site-packages/setuptools/__pycache__/sandbox.cpython-310.pyc
1747595183|Leonardo|A|/venv/lib/python3.10/site-packages/setuptools/__pycache__/unicode_utils.cpython-310.pyc
1747595183|Leonardo|A|/venv/lib/python3.10/site-packages/setuptools/__pycache__/version.cpython-310.pyc
1747595183|Leonardo|A|/venv/lib/python3.10/site-packages/setuptools/__pycache__/wheel.cpython-310.pyc
1747595183|Leonardo|A|/venv/lib/python3.10/site-packages/setuptools/__pycache__/windows_support.cpython-310.pyc
1747595183|Leonardo|A|/venv/lib/python3.10/site-packages/setuptools/_deprecation_warning.py
1747595183|Leonardo|A|/venv/lib/python3.10/site-packages/setuptools/_distutils/__init__.py
1747595183|Leonardo|A|/venv/lib/python3.10/site-packages/setuptools/_distutils/__pycache__/__init__.cpython-310.pyc
1747595183|Leonardo|A|/venv/lib/python3.10/site-packages/setuptools/_distutils/__pycache__/_msvccompiler.cpython-310.pyc
1747595183|Leonardo|A|/venv/lib/python3.10/site-packages/setuptools/_distutils/__pycache__/archive_util.cpython-310.pyc
1747595183|Leonardo|A|/venv/lib/python3.10/site-packages/setuptools/_distutils/__pycache__/bcppcompiler.cpython-310.pyc
1747595183|Leonardo|A|/venv/lib/python3.10/site-packages/setuptools/_distutils/__pycache__/ccompiler.cpython-310.pyc
1747595183|Leonardo|A|/venv/lib/python3.10/site-packages/setuptools/_distutils/__pycache__/cmd.cpython-310.pyc
1747595183|Leonardo|A|/venv/lib/python3.10/site-packages/setuptools/_distutils/__pycache__/config.cpython-310.pyc
1747595183|Leonardo|A|/venv/lib/python3.10/site-packages/setuptools/_distutils/__pycache__/core.cpython-310.pyc
1747595183|Leonardo|A|/venv/lib/python3.10/site-packages/setuptools/_distutils/__pycache__/cygwinccompiler.cpython-310.pyc
1747595183|Leonardo|A|/venv/lib/python3.10/site-packages/setuptools/_distutils/__pycache__/debug.cpython-310.pyc
1747595183|Leonardo|A|/venv/lib/python3.10/site-packages/setuptools/_distutils/__pycache__/dep_util.cpython-310.pyc
1747595183|Leonardo|A|/venv/lib/python3.10/site-packages/setuptools/_distutils/__pycache__/dir_util.cpython-310.pyc
1747595183|Leonardo|A|/venv/lib/python3.10/site-packages/setuptools/_distutils/__pycache__/dist.cpython-310.pyc
1747595183|Leonardo|A|/venv/lib/python3.10/site-packages/setuptools/_distutils/__pycache__/errors.cpython-310.pyc
1747595183|Leonardo|A|/venv/lib/python3.10/site-packages/setuptools/_distutils/__pycache__/extension.cpython-310.pyc
1747595183|Leonardo|A|/venv/lib/python3.10/site-packages/setuptools/_distutils/__pycache__/fancy_getopt.cpython-310.pyc
1747595183|Leonardo|A|/venv/lib/python3.10/site-packages/setuptools/_distutils/__pycache__/file_util.cpython-310.pyc
1747595183|Leonardo|A|/venv/lib/python3.10/site-packages/setuptools/_distutils/__pycache__/filelist.cpython-310.pyc
1747595183|Leonardo|A|/venv/lib/python3.10/site-packages/setuptools/_distutils/__pycache__/log.cpython-310.pyc
1747595183|Leonardo|A|/venv/lib/python3.10/site-packages/setuptools/_distutils/__pycache__/msvc9compiler.cpython-310.pyc
1747595183|Leonardo|A|/venv/lib/python3.10/site-packages/setuptools/_distutils/__pycache__/msvccompiler.cpython-310.pyc
1747595183|Leonardo|A|/venv/lib/python3.10/site-packages/setuptools/_distutils/__pycache__/py35compat.cpython-310.pyc
1747595183|Leonardo|A|/venv/lib/python3.10/site-packages/setuptools/_distutils/__pycache__/py38compat.cpython-310.pyc
1747595183|Leonardo|A|/venv/lib/python3.10/site-packages/setuptools/_distutils/__pycache__/spawn.cpython-310.pyc
1747595183|Leonardo|A|/venv/lib/python3.10/site-packages/setuptools/_distutils/__pycache__/sysconfig.cpython-310.pyc
1747595183|Leonardo|A|/venv/lib/python3.10/site-packages/setuptools/_distutils/__pycache__/text_file.cpython-310.pyc
1747595183|Leonardo|A|/venv/lib/python3.10/site-packages/setuptools/_distutils/__pycache__/unixccompiler.cpython-310.pyc
1747595183|Leonardo|A|/venv/lib/python3.10/site-packages/setuptools/_distutils/__pycache__/util.cpython-310.pyc
1747595183|Leonardo|A|/venv/lib/python3.10/site-packages/setuptools/_distutils/__pycache__/version.cpython-310.pyc
1747595183|Leonardo|A|/venv/lib/python3.10/site-packages/setuptools/_distutils/__pycache__/versionpredicate.cpython-310.pyc
1747595183|Leonardo|A|/venv/lib/python3.10/site-packages/setuptools/_distutils/_msvccompiler.py
1747595183|Leonardo|A|/venv/lib/python3.10/site-packages/setuptools/_distutils/archive_util.py
1747595183|Leonardo|A|/venv/lib/python3.10/site-packages/setuptools/_distutils/bcppcompiler.py
1747595183|Leonardo|A|/venv/lib/python3.10/site-packages/setuptools/_distutils/ccompiler.py
1747595183|Leonardo|A|/venv/lib/python3.10/site-packages/setuptools/_distutils/cmd.py
1747595183|Leonardo|A|/venv/lib/python3.10/site-packages/setuptools/_distutils/command/__init__.py
1747595183|Leonardo|A|/venv/lib/python3.10/site-packages/setuptools/_distutils/command/__pycache__/__init__.cpython-310.pyc
1747595183|Leonardo|A|/venv/lib/python3.10/site-packages/setuptools/_distutils/command/__pycache__/bdist.cpython-310.pyc
1747595183|Leonardo|A|/venv/lib/python3.10/site-packages/setuptools/_distutils/command/__pycache__/bdist_dumb.cpython-310.pyc
1747595183|Leonardo|A|/venv/lib/python3.10/site-packages/setuptools/_distutils/command/__pycache__/bdist_msi.cpython-310.pyc
1747595183|Leonardo|A|/venv/lib/python3.10/site-packages/setuptools/_distutils/command/__pycache__/bdist_rpm.cpython-310.pyc
1747595183|Leonardo|A|/venv/lib/python3.10/site-packages/setuptools/_distutils/command/__pycache__/bdist_wininst.cpython-310.pyc
1747595183|Leonardo|A|/venv/lib/python3.10/site-packages/setuptools/_distutils/command/__pycache__/build.cpython-310.pyc
1747595183|Leonardo|A|/venv/lib/python3.10/site-packages/setuptools/_distutils/command/__pycache__/build_clib.cpython-310.pyc
1747595183|Leonardo|A|/venv/lib/python3.10/site-packages/setuptools/_distutils/command/__pycache__/build_ext.cpython-310.pyc
1747595183|Leonardo|A|/venv/lib/python3.10/site-packages/setuptools/_distutils/command/__pycache__/build_py.cpython-310.pyc
1747595183|Leonardo|A|/venv/lib/python3.10/site-packages/setuptools/_distutils/command/__pycache__/build_scripts.cpython-310.pyc
1747595183|Leonardo|A|/venv/lib/python3.10/site-packages/setuptools/_distutils/command/__pycache__/check.cpython-310.pyc
1747595183|Leonardo|A|/venv/lib/python3.10/site-packages/setuptools/_distutils/command/__pycache__/clean.cpython-310.pyc
1747595183|Leonardo|A|/venv/lib/python3.10/site-packages/setuptools/_distutils/command/__pycache__/config.cpython-310.pyc
1747595183|Leonardo|A|/venv/lib/python3.10/site-packages/setuptools/_distutils/command/__pycache__/install.cpython-310.pyc
1747595183|Leonardo|A|/venv/lib/python3.10/site-packages/setuptools/_distutils/command/__pycache__/install_data.cpython-310.pyc
1747595183|Leonardo|A|/venv/lib/python3.10/site-packages/setuptools/_distutils/command/__pycache__/install_egg_info.cpython-310.pyc
1747595183|Leonardo|A|/venv/lib/python3.10/site-packages/setuptools/_distutils/command/__pycache__/install_headers.cpython-310.pyc
1747595183|Leonardo|A|/venv/lib/python3.10/site-packages/setuptools/_distutils/command/__pycache__/install_lib.cpython-310.pyc
1747595183|Leonardo|A|/venv/lib/python3.10/site-packages/setuptools/_distutils/command/__pycache__/install_scripts.cpython-310.pyc
1747595183|Leonardo|A|/venv/lib/python3.10/site-packages/setuptools/_distutils/command/__pycache__/py37compat.cpython-310.pyc
1747595183|Leonardo|A|/venv/lib/python3.10/site-packages/setuptools/_distutils/command/__pycache__/register.cpython-310.pyc
1747595183|Leonardo|A|/venv/lib/python3.10/site-packages/setuptools/_distutils/command/__pycache__/sdist.cpython-310.pyc
1747595183|Leonardo|A|/venv/lib/python3.10/site-packages/setuptools/_distutils/command/__pycache__/upload.cpython-310.pyc
1747595183|Leonardo|A|/venv/lib/python3.10/site-packages/setuptools/_distutils/command/bdist.py
1747595183|Leonardo|A|/venv/lib/python3.10/site-packages/setuptools/_distutils/command/bdist_dumb.py
1747595183|Leonardo|A|/venv/lib/python3.10/site-packages/setuptools/_distutils/command/bdist_msi.py
1747595183|Leonardo|A|/venv/lib/python3.10/site-packages/setuptools/_distutils/command/bdist_rpm.py
1747595183|Leonardo|A|/venv/lib/python3.10/site-packages/setuptools/_distutils/command/bdist_wininst.py
1747595183|Leonardo|A|/venv/lib/python3.10/site-packages/setuptools/_distutils/command/build.py
1747595183|Leonardo|A|/venv/lib/python3.10/site-packages/setuptools/_distutils/command/build_clib.py
1747595183|Leonardo|A|/venv/lib/python3.10/site-packages/setuptools/_distutils/command/build_ext.py
1747595183|Leonardo|A|/venv/lib/python3.10/site-packages/setuptools/_distutils/command/build_py.py
1747595183|Leonardo|A|/venv/lib/python3.10/site-packages/setuptools/_distutils/command/build_scripts.py
1747595183|Leonardo|A|/venv/lib/python3.10/site-packages/setuptools/_distutils/command/check.py
1747595183|Leonardo|A|/venv/lib/python3.10/site-packages/setuptools/_distutils/command/clean.py
1747595183|Leonardo|A|/venv/lib/python3.10/site-packages/setuptools/_distutils/command/config.py
1747595183|Leonardo|A|/venv/lib/python3.10/site-packages/setuptools/_distutils/command/install.py
1747595183|Leonardo|A|/venv/lib/python3.10/site-packages/setuptools/_distutils/command/install_data.py
1747595183|Leonardo|A|/venv/lib/python3.10/site-packages/setuptools/_distutils/command/install_egg_info.py
1747595183|Leonardo|A|/venv/lib/python3.10/site-packages/setuptools/_distutils/command/install_headers.py
1747595183|Leonardo|A|/venv/lib/python3.10/site-packages/setuptools/_distutils/command/install_lib.py
1747595183|Leonardo|A|/venv/lib/python3.10/site-packages/setuptools/_distutils/command/install_scripts.py
1747595183|Leonardo|A|/venv/lib/python3.10/site-packages/setuptools/_distutils/command/py37compat.py
1747595183|Leonardo|A|/venv/lib/python3.10/site-packages/setuptools/_distutils/command/register.py
1747595183|Leonardo|A|/venv/lib/python3.10/site-packages/setuptools/_distutils/command/sdist.py
1747595183|Leonardo|A|/venv/lib/python3.10/site-packages/setuptools/_distutils/command/upload.py
1747595183|Leonardo|A|/venv/lib/python3.10/site-packages/setuptools/_distutils/config.py
1747595183|Leonardo|A|/venv/lib/python3.10/site-packages/setuptools/_distutils/core.py
1747595183|Leonardo|A|/venv/lib/python3.10/site-packages/setuptools/_distutils/cygwinccompiler.py
1747595183|Leonardo|A|/venv/lib/python3.10/site-packages/setuptools/_distutils/debug.py
1747595183|Leonardo|A|/venv/lib/python3.10/site-packages/setuptools/_distutils/dep_util.py
1747595183|Leonardo|A|/venv/lib/python3.10/site-packages/setuptools/_distutils/dir_util.py
1747595183|Leonardo|A|/venv/lib/python3.10/site-packages/setuptools/_distutils/dist.py
1747595183|Leonardo|A|/venv/lib/python3.10/site-packages/setuptools/_distutils/errors.py
1747595183|Leonardo|A|/venv/lib/python3.10/site-packages/setuptools/_distutils/extension.py
1747595183|Leonardo|A|/venv/lib/python3.10/site-packages/setuptools/_distutils/fancy_getopt.py
1747595183|Leonardo|A|/venv/lib/python3.10/site-packages/setuptools/_distutils/file_util.py
1747595183|Leonardo|A|/venv/lib/python3.10/site-packages/setuptools/_distutils/filelist.py
1747595183|Leonardo|A|/venv/lib/python3.10/site-packages/setuptools/_distutils/log.py
1747595183|Leonardo|A|/venv/lib/python3.10/site-packages/setuptools/_distutils/msvc9compiler.py
1747595183|Leonardo|A|/venv/lib/python3.10/site-packages/setuptools/_distutils/msvccompiler.py
1747595183|Leonardo|A|/venv/lib/python3.10/site-packages/setuptools/_distutils/py35compat.py
1747595183|Leonardo|A|/venv/lib/python3.10/site-packages/setuptools/_distutils/py38compat.py
1747595183|Leonardo|A|/venv/lib/python3.10/site-packages/setuptools/_distutils/spawn.py
1747595183|Leonardo|A|/venv/lib/python3.10/site-packages/setuptools/_distutils/sysconfig.py
1747595183|Leonardo|A|/venv/lib/python3.10/site-packages/setuptools/_distutils/text_file.py
1747595183|Leonardo|A|/venv/lib/python3.10/site-packages/setuptools/_distutils/unixccompiler.py
1747595183|Leonardo|A|/venv/lib/python3.10/site-packages/setuptools/_distutils/util.py
1747595183|Leonardo|A|/venv/lib/python3.10/site-packages/setuptools/_distutils/version.py
1747595183|Leonardo|A|/venv/lib/python3.10/site-packages/setuptools/_distutils/versionpredicate.py
1747595183|Leonardo|A|/venv/lib/python3.10/site-packages/setuptools/_imp.py
1747595183|Leonardo|A|/venv/lib/python3.10/site-packages/setuptools/_vendor/__init__.py
1747595183|Leonardo|A|/venv/lib/python3.10/site-packages/setuptools/_vendor/__pycache__/__init__.cpython-310.pyc
1747595183|Leonardo|A|/venv/lib/python3.10/site-packages/setuptools/_vendor/__pycache__/ordered_set.cpython-310.pyc
1747595183|Leonardo|A|/venv/lib/python3.10/site-packages/setuptools/_vendor/__pycache__/pyparsing.cpython-310.pyc
1747595183|Leonardo|A|/venv/lib/python3.10/site-packages/setuptools/_vendor/more_itertools/__init__.py
1747595183|Leonardo|A|/venv/lib/python3.10/site-packages/setuptools/_vendor/more_itertools/__pycache__/__init__.cpython-310.pyc
1747595183|Leonardo|A|/venv/lib/python3.10/site-packages/setuptools/_vendor/more_itertools/__pycache__/more.cpython-310.pyc
1747595183|Leonardo|A|/venv/lib/python3.10/site-packages/setuptools/_vendor/more_itertools/__pycache__/recipes.cpython-310.pyc
1747595183|Leonardo|A|/venv/lib/python3.10/site-packages/setuptools/_vendor/more_itertools/more.py
1747595183|Leonardo|A|/venv/lib/python3.10/site-packages/setuptools/_vendor/more_itertools/recipes.py
1747595183|Leonardo|A|/venv/lib/python3.10/site-packages/setuptools/_vendor/ordered_set.py
1747595183|Leonardo|A|/venv/lib/python3.10/site-packages/setuptools/_vendor/packaging/__about__.py
1747595183|Leonardo|A|/venv/lib/python3.10/site-packages/setuptools/_vendor/packaging/__init__.py
1747595183|Leonardo|A|/venv/lib/python3.10/site-packages/setuptools/_vendor/packaging/__pycache__/__about__.cpython-310.pyc
1747595183|Leonardo|A|/venv/lib/python3.10/site-packages/setuptools/_vendor/packaging/__pycache__/__init__.cpython-310.pyc
1747595183|Leonardo|A|/venv/lib/python3.10/site-packages/setuptools/_vendor/packaging/__pycache__/_manylinux.cpython-310.pyc
1747595183|Leonardo|A|/venv/lib/python3.10/site-packages/setuptools/_vendor/packaging/__pycache__/_musllinux.cpython-310.pyc
1747595183|Leonardo|A|/venv/lib/python3.10/site-packages/setuptools/_vendor/packaging/__pycache__/_structures.cpython-310.pyc
1747595183|Leonardo|A|/venv/lib/python3.10/site-packages/setuptools/_vendor/packaging/__pycache__/markers.cpython-310.pyc
1747595183|Leonardo|A|/venv/lib/python3.10/site-packages/setuptools/_vendor/packaging/__pycache__/requirements.cpython-310.pyc
1747595183|Leonardo|A|/venv/lib/python3.10/site-packages/setuptools/_vendor/packaging/__pycache__/specifiers.cpython-310.pyc
1747595183|Leonardo|A|/venv/lib/python3.10/site-packages/setuptools/_vendor/packaging/__pycache__/tags.cpython-310.pyc
1747595183|Leonardo|A|/venv/lib/python3.10/site-packages/setuptools/_vendor/packaging/__pycache__/utils.cpython-310.pyc
1747595183|Leonardo|A|/venv/lib/python3.10/site-packages/setuptools/_vendor/packaging/__pycache__/version.cpython-310.pyc
1747595183|Leonardo|A|/venv/lib/python3.10/site-packages/setuptools/_vendor/packaging/_manylinux.py
1747595183|Leonardo|A|/venv/lib/python3.10/site-packages/setuptools/_vendor/packaging/_musllinux.py
1747595183|Leonardo|A|/venv/lib/python3.10/site-packages/setuptools/_vendor/packaging/_structures.py
1747595183|Leonardo|A|/venv/lib/python3.10/site-packages/setuptools/_vendor/packaging/markers.py
1747595183|Leonardo|A|/venv/lib/python3.10/site-packages/setuptools/_vendor/packaging/requirements.py
1747595183|Leonardo|A|/venv/lib/python3.10/site-packages/setuptools/_vendor/packaging/specifiers.py
1747595183|Leonardo|A|/venv/lib/python3.10/site-packages/setuptools/_vendor/packaging/tags.py
1747595183|Leonardo|A|/venv/lib/python3.10/site-packages/setuptools/_vendor/packaging/utils.py
1747595183|Leonardo|A|/venv/lib/python3.10/site-packages/setuptools/_vendor/packaging/version.py
1747595183|Leonardo|A|/venv/lib/python3.10/site-packages/setuptools/_vendor/pyparsing.py
1747595183|Leonardo|A|/venv/lib/python3.10/site-packages/setuptools/archive_util.py
1747595183|Leonardo|A|/venv/lib/python3.10/site-packages/setuptools/build_meta.py
1747595183|Leonardo|A|/venv/lib/python3.10/site-packages/setuptools/cli-32.exe
1747595183|Leonardo|A|/venv/lib/python3.10/site-packages/setuptools/cli-64.exe
1747595183|Leonardo|A|/venv/lib/python3.10/site-packages/setuptools/cli-arm64.exe
1747595183|Leonardo|A|/venv/lib/python3.10/site-packages/setuptools/cli.exe
1747595183|Leonardo|A|/venv/lib/python3.10/site-packages/setuptools/command/__init__.py
1747595183|Leonardo|A|/venv/lib/python3.10/site-packages/setuptools/command/__pycache__/__init__.cpython-310.pyc
1747595183|Leonardo|A|/venv/lib/python3.10/site-packages/setuptools/command/__pycache__/alias.cpython-310.pyc
1747595183|Leonardo|A|/venv/lib/python3.10/site-packages/setuptools/command/__pycache__/bdist_egg.cpython-310.pyc
1747595183|Leonardo|A|/venv/lib/python3.10/site-packages/setuptools/command/__pycache__/bdist_rpm.cpython-310.pyc
1747595183|Leonardo|A|/venv/lib/python3.10/site-packages/setuptools/command/__pycache__/build_clib.cpython-310.pyc
1747595183|Leonardo|A|/venv/lib/python3.10/site-packages/setuptools/command/__pycache__/build_ext.cpython-310.pyc
1747595183|Leonardo|A|/venv/lib/python3.10/site-packages/setuptools/command/__pycache__/build_py.cpython-310.pyc
1747595183|Leonardo|A|/venv/lib/python3.10/site-packages/setuptools/command/__pycache__/develop.cpython-310.pyc
1747595183|Leonardo|A|/venv/lib/python3.10/site-packages/setuptools/command/__pycache__/dist_info.cpython-310.pyc
1747595183|Leonardo|A|/venv/lib/python3.10/site-packages/setuptools/command/__pycache__/easy_install.cpython-310.pyc
1747595183|Leonardo|A|/venv/lib/python3.10/site-packages/setuptools/command/__pycache__/egg_info.cpython-310.pyc
1747595183|Leonardo|A|/venv/lib/python3.10/site-packages/setuptools/command/__pycache__/install.cpython-310.pyc
1747595183|Leonardo|A|/venv/lib/python3.10/site-packages/setuptools/command/__pycache__/install_egg_info.cpython-310.pyc
1747595183|Leonardo|A|/venv/lib/python3.10/site-packages/setuptools/command/__pycache__/install_lib.cpython-310.pyc
1747595183|Leonardo|A|/venv/lib/python3.10/site-packages/setuptools/command/__pycache__/install_scripts.cpython-310.pyc
1747595183|Leonardo|A|/venv/lib/python3.10/site-packages/setuptools/command/__pycache__/py36compat.cpython-310.pyc
1747595183|Leonardo|A|/venv/lib/python3.10/site-packages/setuptools/command/__pycache__/register.cpython-310.pyc
1747595183|Leonardo|A|/venv/lib/python3.10/site-packages/setuptools/command/__pycache__/rotate.cpython-310.pyc
1747595183|Leonardo|A|/venv/lib/python3.10/site-packages/setuptools/command/__pycache__/saveopts.cpython-310.pyc
1747595183|Leonardo|A|/venv/lib/python3.10/site-packages/setuptools/command/__pycache__/sdist.cpython-310.pyc
1747595183|Leonardo|A|/venv/lib/python3.10/site-packages/setuptools/command/__pycache__/setopt.cpython-310.pyc
1747595183|Leonardo|A|/venv/lib/python3.10/site-packages/setuptools/command/__pycache__/test.cpython-310.pyc
1747595183|Leonardo|A|/venv/lib/python3.10/site-packages/setuptools/command/__pycache__/upload.cpython-310.pyc
1747595183|Leonardo|A|/venv/lib/python3.10/site-packages/setuptools/command/__pycache__/upload_docs.cpython-310.pyc
1747595183|Leonardo|A|/venv/lib/python3.10/site-packages/setuptools/command/alias.py
1747595183|Leonardo|A|/venv/lib/python3.10/site-packages/setuptools/command/bdist_egg.py
1747595183|Leonardo|A|/venv/lib/python3.10/site-packages/setuptools/command/bdist_rpm.py
1747595183|Leonardo|A|/venv/lib/python3.10/site-packages/setuptools/command/build_clib.py
1747595183|Leonardo|A|/venv/lib/python3.10/site-packages/setuptools/command/build_ext.py
1747595183|Leonardo|A|/venv/lib/python3.10/site-packages/setuptools/command/build_py.py
1747595183|Leonardo|A|/venv/lib/python3.10/site-packages/setuptools/command/develop.py
1747595183|Leonardo|A|/venv/lib/python3.10/site-packages/setuptools/command/dist_info.py
1747595183|Leonardo|A|/venv/lib/python3.10/site-packages/setuptools/command/easy_install.py
1747595183|Leonardo|A|/venv/lib/python3.10/site-packages/setuptools/command/egg_info.py
1747595183|Leonardo|A|/venv/lib/python3.10/site-packages/setuptools/command/install.py
1747595183|Leonardo|A|/venv/lib/python3.10/site-packages/setuptools/command/install_egg_info.py
1747595183|Leonardo|A|/venv/lib/python3.10/site-packages/setuptools/command/install_lib.py
1747595183|Leonardo|A|/venv/lib/python3.10/site-packages/setuptools/command/install_scripts.py
1747595183|Leonardo|A|/venv/lib/python3.10/site-packages/setuptools/command/launcher manifest.xml
1747595183|Leonardo|A|/venv/lib/python3.10/site-packages/setuptools/command/py36compat.py
1747595183|Leonardo|A|/venv/lib/python3.10/site-packages/setuptools/command/register.py
1747595183|Leonardo|A|/venv/lib/python3.10/site-packages/setuptools/command/rotate.py
1747595183|Leonardo|A|/venv/lib/python3.10/site-packages/setuptools/command/saveopts.py
1747595183|Leonardo|A|/venv/lib/python3.10/site-packages/setuptools/command/sdist.py
1747595183|Leonardo|A|/venv/lib/python3.10/site-packages/setuptools/command/setopt.py
1747595183|Leonardo|A|/venv/lib/python3.10/site-packages/setuptools/command/test.py
1747595183|Leonardo|A|/venv/lib/python3.10/site-packages/setuptools/command/upload.py
1747595183|Leonardo|A|/venv/lib/python3.10/site-packages/setuptools/command/upload_docs.py
1747595183|Leonardo|A|/venv/lib/python3.10/site-packages/setuptools/config.py
1747595183|Leonardo|A|/venv/lib/python3.10/site-packages/setuptools/dep_util.py
1747595183|Leonardo|A|/venv/lib/python3.10/site-packages/setuptools/depends.py
1747595183|Leonardo|A|/venv/lib/python3.10/site-packages/setuptools/dist.py
1747595183|Leonardo|A|/venv/lib/python3.10/site-packages/setuptools/errors.py
1747595183|Leonardo|A|/venv/lib/python3.10/site-packages/setuptools/extension.py
1747595183|Leonardo|A|/venv/lib/python3.10/site-packages/setuptools/extern/__init__.py
1747595183|Leonardo|A|/venv/lib/python3.10/site-packages/setuptools/extern/__pycache__/__init__.cpython-310.pyc
1747595183|Leonardo|A|/venv/lib/python3.10/site-packages/setuptools/glob.py
1747595183|Leonardo|A|/venv/lib/python3.10/site-packages/setuptools/gui-32.exe
1747595183|Leonardo|A|/venv/lib/python3.10/site-packages/setuptools/gui-64.exe
1747595183|Leonardo|A|/venv/lib/python3.10/site-packages/setuptools/gui-arm64.exe
1747595183|Leonardo|A|/venv/lib/python3.10/site-packages/setuptools/gui.exe
1747595183|Leonardo|A|/venv/lib/python3.10/site-packages/setuptools/installer.py
1747595183|Leonardo|A|/venv/lib/python3.10/site-packages/setuptools/launch.py
1747595183|Leonardo|A|/venv/lib/python3.10/site-packages/setuptools/monkey.py
1747595183|Leonardo|A|/venv/lib/python3.10/site-packages/setuptools/msvc.py
1747595183|Leonardo|A|/venv/lib/python3.10/site-packages/setuptools/namespaces.py
1747595183|Leonardo|A|/venv/lib/python3.10/site-packages/setuptools/package_index.py
1747595183|Leonardo|A|/venv/lib/python3.10/site-packages/setuptools/py34compat.py
1747595183|Leonardo|A|/venv/lib/python3.10/site-packages/setuptools/sandbox.py
1747595183|Leonardo|A|/venv/lib/python3.10/site-packages/setuptools/script (dev).tmpl
1747595183|Leonardo|A|/venv/lib/python3.10/site-packages/setuptools/script.tmpl
1747595183|Leonardo|A|/venv/lib/python3.10/site-packages/setuptools/unicode_utils.py
1747595183|Leonardo|A|/venv/lib/python3.10/site-packages/setuptools/version.py
1747595183|Leonardo|A|/venv/lib/python3.10/site-packages/setuptools/wheel.py
1747595183|Leonardo|A|/venv/lib/python3.10/site-packages/setuptools/windows_support.py
1747595183|Leonardo|A|/venv/lib/python3.10/site-packages/sqlalchemy-2.0.41.dist-info/INSTALLER
1747595183|Leonardo|A|/venv/lib/python3.10/site-packages/sqlalchemy-2.0.41.dist-info/METADATA
1747595183|Leonardo|A|/venv/lib/python3.10/site-packages/sqlalchemy-2.0.41.dist-info/RECORD
1747595183|Leonardo|A|/venv/lib/python3.10/site-packages/sqlalchemy-2.0.41.dist-info/WHEEL
1747595183|Leonardo|A|/venv/lib/python3.10/site-packages/sqlalchemy-2.0.41.dist-info/licenses/LICENSE
1747595183|Leonardo|A|/venv/lib/python3.10/site-packages/sqlalchemy-2.0.41.dist-info/top_level.txt
1747595183|Leonardo|A|/venv/lib/python3.10/site-packages/sqlalchemy/__init__.py
1747595183|Leonardo|A|/venv/lib/python3.10/site-packages/sqlalchemy/__pycache__/__init__.cpython-310.pyc
1747595183|Leonardo|A|/venv/lib/python3.10/site-packages/sqlalchemy/__pycache__/events.cpython-310.pyc
1747595183|Leonardo|A|/venv/lib/python3.10/site-packages/sqlalchemy/__pycache__/exc.cpython-310.pyc
1747595183|Leonardo|A|/venv/lib/python3.10/site-packages/sqlalchemy/__pycache__/inspection.cpython-310.pyc
1747595183|Leonardo|A|/venv/lib/python3.10/site-packages/sqlalchemy/__pycache__/log.cpython-310.pyc
1747595183|Leonardo|A|/venv/lib/python3.10/site-packages/sqlalchemy/__pycache__/schema.cpython-310.pyc
1747595183|Leonardo|A|/venv/lib/python3.10/site-packages/sqlalchemy/__pycache__/types.cpython-310.pyc
1747595183|Leonardo|A|/venv/lib/python3.10/site-packages/sqlalchemy/connectors/__init__.py
1747595183|Leonardo|A|/venv/lib/python3.10/site-packages/sqlalchemy/connectors/__pycache__/__init__.cpython-310.pyc
1747595183|Leonardo|A|/venv/lib/python3.10/site-packages/sqlalchemy/connectors/__pycache__/aioodbc.cpython-310.pyc
1747595183|Leonardo|A|/venv/lib/python3.10/site-packages/sqlalchemy/connectors/__pycache__/asyncio.cpython-310.pyc
1747595183|Leonardo|A|/venv/lib/python3.10/site-packages/sqlalchemy/connectors/__pycache__/pyodbc.cpython-310.pyc
1747595183|Leonardo|A|/venv/lib/python3.10/site-packages/sqlalchemy/connectors/aioodbc.py
1747595183|Leonardo|A|/venv/lib/python3.10/site-packages/sqlalchemy/connectors/asyncio.py
1747595183|Leonardo|A|/venv/lib/python3.10/site-packages/sqlalchemy/connectors/pyodbc.py
1747595183|Leonardo|A|/venv/lib/python3.10/site-packages/sqlalchemy/cyextension/__init__.py
1747595183|Leonardo|A|/venv/lib/python3.10/site-packages/sqlalchemy/cyextension/__pycache__/__init__.cpython-310.pyc
1747595183|Leonardo|A|/venv/lib/python3.10/site-packages/sqlalchemy/cyextension/collections.cpython-310-x86_64-linux-gnu.so
1747595183|Leonardo|A|/venv/lib/python3.10/site-packages/sqlalchemy/cyextension/collections.pyx
1747595183|Leonardo|A|/venv/lib/python3.10/site-packages/sqlalchemy/cyextension/immutabledict.cpython-310-x86_64-linux-gnu.so
1747595183|Leonardo|A|/venv/lib/python3.10/site-packages/sqlalchemy/cyextension/immutabledict.pxd
1747595183|Leonardo|A|/venv/lib/python3.10/site-packages/sqlalchemy/cyextension/immutabledict.pyx
1747595183|Leonardo|A|/venv/lib/python3.10/site-packages/sqlalchemy/cyextension/processors.cpython-310-x86_64-linux-gnu.so
1747595183|Leonardo|A|/venv/lib/python3.10/site-packages/sqlalchemy/cyextension/processors.pyx
1747595183|Leonardo|A|/venv/lib/python3.10/site-packages/sqlalchemy/cyextension/resultproxy.cpython-310-x86_64-linux-gnu.so
1747595183|Leonardo|A|/venv/lib/python3.10/site-packages/sqlalchemy/cyextension/resultproxy.pyx
1747595183|Leonardo|A|/venv/lib/python3.10/site-packages/sqlalchemy/cyextension/util.cpython-310-x86_64-linux-gnu.so
1747595183|Leonardo|A|/venv/lib/python3.10/site-packages/sqlalchemy/cyextension/util.pyx
1747595183|Leonardo|A|/venv/lib/python3.10/site-packages/sqlalchemy/dialects/__init__.py
1747595183|Leonardo|A|/venv/lib/python3.10/site-packages/sqlalchemy/dialects/__pycache__/__init__.cpython-310.pyc
1747595183|Leonardo|A|/venv/lib/python3.10/site-packages/sqlalchemy/dialects/__pycache__/_typing.cpython-310.pyc
1747595183|Leonardo|A|/venv/lib/python3.10/site-packages/sqlalchemy/dialects/_typing.py
1747595183|Leonardo|A|/venv/lib/python3.10/site-packages/sqlalchemy/dialects/mssql/__init__.py
1747595183|Leonardo|A|/venv/lib/python3.10/site-packages/sqlalchemy/dialects/mssql/__pycache__/__init__.cpython-310.pyc
1747595183|Leonardo|A|/venv/lib/python3.10/site-packages/sqlalchemy/dialects/mssql/__pycache__/aioodbc.cpython-310.pyc
1747595183|Leonardo|A|/venv/lib/python3.10/site-packages/sqlalchemy/dialects/mssql/__pycache__/base.cpython-310.pyc
1747595183|Leonardo|A|/venv/lib/python3.10/site-packages/sqlalchemy/dialects/mssql/__pycache__/information_schema.cpython-310.pyc
1747595183|Leonardo|A|/venv/lib/python3.10/site-packages/sqlalchemy/dialects/mssql/__pycache__/json.cpython-310.pyc
1747595183|Leonardo|A|/venv/lib/python3.10/site-packages/sqlalchemy/dialects/mssql/__pycache__/provision.cpython-310.pyc
1747595183|Leonardo|A|/venv/lib/python3.10/site-packages/sqlalchemy/dialects/mssql/__pycache__/pymssql.cpython-310.pyc
1747595183|Leonardo|A|/venv/lib/python3.10/site-packages/sqlalchemy/dialects/mssql/__pycache__/pyodbc.cpython-310.pyc
1747595183|Leonardo|A|/venv/lib/python3.10/site-packages/sqlalchemy/dialects/mssql/aioodbc.py
1747595183|Leonardo|A|/venv/lib/python3.10/site-packages/sqlalchemy/dialects/mssql/base.py
1747595183|Leonardo|A|/venv/lib/python3.10/site-packages/sqlalchemy/dialects/mssql/information_schema.py
1747595183|Leonardo|A|/venv/lib/python3.10/site-packages/sqlalchemy/dialects/mssql/json.py
1747595183|Leonardo|A|/venv/lib/python3.10/site-packages/sqlalchemy/dialects/mssql/provision.py
1747595183|Leonardo|A|/venv/lib/python3.10/site-packages/sqlalchemy/dialects/mssql/pymssql.py
1747595183|Leonardo|A|/venv/lib/python3.10/site-packages/sqlalchemy/dialects/mssql/pyodbc.py
1747595183|Leonardo|A|/venv/lib/python3.10/site-packages/sqlalchemy/dialects/mysql/__init__.py
1747595183|Leonardo|A|/venv/lib/python3.10/site-packages/sqlalchemy/dialects/mysql/__pycache__/__init__.cpython-310.pyc
1747595183|Leonardo|A|/venv/lib/python3.10/site-packages/sqlalchemy/dialects/mysql/__pycache__/aiomysql.cpython-310.pyc
1747595183|Leonardo|A|/venv/lib/python3.10/site-packages/sqlalchemy/dialects/mysql/__pycache__/asyncmy.cpython-310.pyc
1747595183|Leonardo|A|/venv/lib/python3.10/site-packages/sqlalchemy/dialects/mysql/__pycache__/base.cpython-310.pyc
1747595183|Leonardo|A|/venv/lib/python3.10/site-packages/sqlalchemy/dialects/mysql/__pycache__/cymysql.cpython-310.pyc
1747595183|Leonardo|A|/venv/lib/python3.10/site-packages/sqlalchemy/dialects/mysql/__pycache__/dml.cpython-310.pyc
1747595183|Leonardo|A|/venv/lib/python3.10/site-packages/sqlalchemy/dialects/mysql/__pycache__/enumerated.cpython-310.pyc
1747595183|Leonardo|A|/venv/lib/python3.10/site-packages/sqlalchemy/dialects/mysql/__pycache__/expression.cpython-310.pyc
1747595183|Leonardo|A|/venv/lib/python3.10/site-packages/sqlalchemy/dialects/mysql/__pycache__/json.cpython-310.pyc
1747595183|Leonardo|A|/venv/lib/python3.10/site-packages/sqlalchemy/dialects/mysql/__pycache__/mariadb.cpython-310.pyc
1747595183|Leonardo|A|/venv/lib/python3.10/site-packages/sqlalchemy/dialects/mysql/__pycache__/mariadbconnector.cpython-310.pyc
1747595183|Leonardo|A|/venv/lib/python3.10/site-packages/sqlalchemy/dialects/mysql/__pycache__/mysqlconnector.cpython-310.pyc
1747595183|Leonardo|A|/venv/lib/python3.10/site-packages/sqlalchemy/dialects/mysql/__pycache__/mysqldb.cpython-310.pyc
1747595183|Leonardo|A|/venv/lib/python3.10/site-packages/sqlalchemy/dialects/mysql/__pycache__/provision.cpython-310.pyc
1747595183|Leonardo|A|/venv/lib/python3.10/site-packages/sqlalchemy/dialects/mysql/__pycache__/pymysql.cpython-310.pyc
1747595183|Leonardo|A|/venv/lib/python3.10/site-packages/sqlalchemy/dialects/mysql/__pycache__/pyodbc.cpython-310.pyc
1747595183|Leonardo|A|/venv/lib/python3.10/site-packages/sqlalchemy/dialects/mysql/__pycache__/reflection.cpython-310.pyc
1747595183|Leonardo|A|/venv/lib/python3.10/site-packages/sqlalchemy/dialects/mysql/__pycache__/reserved_words.cpython-310.pyc
1747595183|Leonardo|A|/venv/lib/python3.10/site-packages/sqlalchemy/dialects/mysql/__pycache__/types.cpython-310.pyc
1747595183|Leonardo|A|/venv/lib/python3.10/site-packages/sqlalchemy/dialects/mysql/aiomysql.py
1747595183|Leonardo|A|/venv/lib/python3.10/site-packages/sqlalchemy/dialects/mysql/asyncmy.py
1747595183|Leonardo|A|/venv/lib/python3.10/site-packages/sqlalchemy/dialects/mysql/base.py
1747595183|Leonardo|A|/venv/lib/python3.10/site-packages/sqlalchemy/dialects/mysql/cymysql.py
1747595183|Leonardo|A|/venv/lib/python3.10/site-packages/sqlalchemy/dialects/mysql/dml.py
1747595183|Leonardo|A|/venv/lib/python3.10/site-packages/sqlalchemy/dialects/mysql/enumerated.py
1747595183|Leonardo|A|/venv/lib/python3.10/site-packages/sqlalchemy/dialects/mysql/expression.py
1747595183|Leonardo|A|/venv/lib/python3.10/site-packages/sqlalchemy/dialects/mysql/json.py
1747595183|Leonardo|A|/venv/lib/python3.10/site-packages/sqlalchemy/dialects/mysql/mariadb.py
1747595183|Leonardo|A|/venv/lib/python3.10/site-packages/sqlalchemy/dialects/mysql/mariadbconnector.py
1747595183|Leonardo|A|/venv/lib/python3.10/site-packages/sqlalchemy/dialects/mysql/mysqlconnector.py
1747595183|Leonardo|A|/venv/lib/python3.10/site-packages/sqlalchemy/dialects/mysql/mysqldb.py
1747595183|Leonardo|A|/venv/lib/python3.10/site-packages/sqlalchemy/dialects/mysql/provision.py
1747595183|Leonardo|A|/venv/lib/python3.10/site-packages/sqlalchemy/dialects/mysql/pymysql.py
1747595183|Leonardo|A|/venv/lib/python3.10/site-packages/sqlalchemy/dialects/mysql/pyodbc.py
1747595183|Leonardo|A|/venv/lib/python3.10/site-packages/sqlalchemy/dialects/mysql/reflection.py
1747595183|Leonardo|A|/venv/lib/python3.10/site-packages/sqlalchemy/dialects/mysql/reserved_words.py
1747595183|Leonardo|A|/venv/lib/python3.10/site-packages/sqlalchemy/dialects/mysql/types.py
1747595183|Leonardo|A|/venv/lib/python3.10/site-packages/sqlalchemy/dialects/oracle/__init__.py
1747595183|Leonardo|A|/venv/lib/python3.10/site-packages/sqlalchemy/dialects/oracle/__pycache__/__init__.cpython-310.pyc
1747595183|Leonardo|A|/venv/lib/python3.10/site-packages/sqlalchemy/dialects/oracle/__pycache__/base.cpython-310.pyc
1747595183|Leonardo|A|/venv/lib/python3.10/site-packages/sqlalchemy/dialects/oracle/__pycache__/cx_oracle.cpython-310.pyc
1747595183|Leonardo|A|/venv/lib/python3.10/site-packages/sqlalchemy/dialects/oracle/__pycache__/dictionary.cpython-310.pyc
1747595183|Leonardo|A|/venv/lib/python3.10/site-packages/sqlalchemy/dialects/oracle/__pycache__/oracledb.cpython-310.pyc
1747595183|Leonardo|A|/venv/lib/python3.10/site-packages/sqlalchemy/dialects/oracle/__pycache__/provision.cpython-310.pyc
1747595183|Leonardo|A|/venv/lib/python3.10/site-packages/sqlalchemy/dialects/oracle/__pycache__/types.cpython-310.pyc
1747595183|Leonardo|A|/venv/lib/python3.10/site-packages/sqlalchemy/dialects/oracle/__pycache__/vector.cpython-310.pyc
1747595183|Leonardo|A|/venv/lib/python3.10/site-packages/sqlalchemy/dialects/oracle/base.py
1747595183|Leonardo|A|/venv/lib/python3.10/site-packages/sqlalchemy/dialects/oracle/cx_oracle.py
1747595183|Leonardo|A|/venv/lib/python3.10/site-packages/sqlalchemy/dialects/oracle/dictionary.py
1747595183|Leonardo|A|/venv/lib/python3.10/site-packages/sqlalchemy/dialects/oracle/oracledb.py
1747595183|Leonardo|A|/venv/lib/python3.10/site-packages/sqlalchemy/dialects/oracle/provision.py
1747595183|Leonardo|A|/venv/lib/python3.10/site-packages/sqlalchemy/dialects/oracle/types.py
1747595183|Leonardo|A|/venv/lib/python3.10/site-packages/sqlalchemy/dialects/oracle/vector.py
1747595183|Leonardo|A|/venv/lib/python3.10/site-packages/sqlalchemy/dialects/postgresql/__init__.py
1747595183|Leonardo|A|/venv/lib/python3.10/site-packages/sqlalchemy/dialects/postgresql/__pycache__/__init__.cpython-310.pyc
1747595183|Leonardo|A|/venv/lib/python3.10/site-packages/sqlalchemy/dialects/postgresql/__pycache__/_psycopg_common.cpython-310.pyc
1747595183|Leonardo|A|/venv/lib/python3.10/site-packages/sqlalchemy/dialects/postgresql/__pycache__/array.cpython-310.pyc
1747595183|Leonardo|A|/venv/lib/python3.10/site-packages/sqlalchemy/dialects/postgresql/__pycache__/asyncpg.cpython-310.pyc
1747595183|Leonardo|A|/venv/lib/python3.10/site-packages/sqlalchemy/dialects/postgresql/__pycache__/base.cpython-310.pyc
1747595183|Leonardo|A|/venv/lib/python3.10/site-packages/sqlalchemy/dialects/postgresql/__pycache__/dml.cpython-310.pyc
1747595183|Leonardo|A|/venv/lib/python3.10/site-packages/sqlalchemy/dialects/postgresql/__pycache__/ext.cpython-310.pyc
1747595183|Leonardo|A|/venv/lib/python3.10/site-packages/sqlalchemy/dialects/postgresql/__pycache__/hstore.cpython-310.pyc
1747595183|Leonardo|A|/venv/lib/python3.10/site-packages/sqlalchemy/dialects/postgresql/__pycache__/json.cpython-310.pyc
1747595183|Leonardo|A|/venv/lib/python3.10/site-packages/sqlalchemy/dialects/postgresql/__pycache__/named_types.cpython-310.pyc
1747595183|Leonardo|A|/venv/lib/python3.10/site-packages/sqlalchemy/dialects/postgresql/__pycache__/operators.cpython-310.pyc
1747595183|Leonardo|A|/venv/lib/python3.10/site-packages/sqlalchemy/dialects/postgresql/__pycache__/pg8000.cpython-310.pyc
1747595183|Leonardo|A|/venv/lib/python3.10/site-packages/sqlalchemy/dialects/postgresql/__pycache__/pg_catalog.cpython-310.pyc
1747595183|Leonardo|A|/venv/lib/python3.10/site-packages/sqlalchemy/dialects/postgresql/__pycache__/provision.cpython-310.pyc
1747595183|Leonardo|A|/venv/lib/python3.10/site-packages/sqlalchemy/dialects/postgresql/__pycache__/psycopg.cpython-310.pyc
1747595183|Leonardo|A|/venv/lib/python3.10/site-packages/sqlalchemy/dialects/postgresql/__pycache__/psycopg2.cpython-310.pyc
1747595183|Leonardo|A|/venv/lib/python3.10/site-packages/sqlalchemy/dialects/postgresql/__pycache__/psycopg2cffi.cpython-310.pyc
1747595183|Leonardo|A|/venv/lib/python3.10/site-packages/sqlalchemy/dialects/postgresql/__pycache__/ranges.cpython-310.pyc
1747595183|Leonardo|A|/venv/lib/python3.10/site-packages/sqlalchemy/dialects/postgresql/__pycache__/types.cpython-310.pyc
1747595183|Leonardo|A|/venv/lib/python3.10/site-packages/sqlalchemy/dialects/postgresql/_psycopg_common.py
1747595183|Leonardo|A|/venv/lib/python3.10/site-packages/sqlalchemy/dialects/postgresql/array.py
1747595183|Leonardo|A|/venv/lib/python3.10/site-packages/sqlalchemy/dialects/postgresql/asyncpg.py
1747595183|Leonardo|A|/venv/lib/python3.10/site-packages/sqlalchemy/dialects/postgresql/base.py
1747595183|Leonardo|A|/venv/lib/python3.10/site-packages/sqlalchemy/dialects/postgresql/dml.py
1747595183|Leonardo|A|/venv/lib/python3.10/site-packages/sqlalchemy/dialects/postgresql/ext.py
1747595183|Leonardo|A|/venv/lib/python3.10/site-packages/sqlalchemy/dialects/postgresql/hstore.py
1747595183|Leonardo|A|/venv/lib/python3.10/site-packages/sqlalchemy/dialects/postgresql/json.py
1747595183|Leonardo|A|/venv/lib/python3.10/site-packages/sqlalchemy/dialects/postgresql/named_types.py
1747595183|Leonardo|A|/venv/lib/python3.10/site-packages/sqlalchemy/dialects/postgresql/operators.py
1747595183|Leonardo|A|/venv/lib/python3.10/site-packages/sqlalchemy/dialects/postgresql/pg8000.py
1747595183|Leonardo|A|/venv/lib/python3.10/site-packages/sqlalchemy/dialects/postgresql/pg_catalog.py
1747595183|Leonardo|A|/venv/lib/python3.10/site-packages/sqlalchemy/dialects/postgresql/provision.py
1747595183|Leonardo|A|/venv/lib/python3.10/site-packages/sqlalchemy/dialects/postgresql/psycopg.py
1747595183|Leonardo|A|/venv/lib/python3.10/site-packages/sqlalchemy/dialects/postgresql/psycopg2.py
1747595183|Leonardo|A|/venv/lib/python3.10/site-packages/sqlalchemy/dialects/postgresql/psycopg2cffi.py
1747595183|Leonardo|A|/venv/lib/python3.10/site-packages/sqlalchemy/dialects/postgresql/ranges.py
1747595183|Leonardo|A|/venv/lib/python3.10/site-packages/sqlalchemy/dialects/postgresql/types.py
1747595183|Leonardo|A|/venv/lib/python3.10/site-packages/sqlalchemy/dialects/sqlite/__init__.py
1747595183|Leonardo|A|/venv/lib/python3.10/site-packages/sqlalchemy/dialects/sqlite/__pycache__/__init__.cpython-310.pyc
1747595183|Leonardo|A|/venv/lib/python3.10/site-packages/sqlalchemy/dialects/sqlite/__pycache__/aiosqlite.cpython-310.pyc
1747595183|Leonardo|A|/venv/lib/python3.10/site-packages/sqlalchemy/dialects/sqlite/__pycache__/base.cpython-310.pyc
1747595183|Leonardo|A|/venv/lib/python3.10/site-packages/sqlalchemy/dialects/sqlite/__pycache__/dml.cpython-310.pyc
1747595183|Leonardo|A|/venv/lib/python3.10/site-packages/sqlalchemy/dialects/sqlite/__pycache__/json.cpython-310.pyc
1747595183|Leonardo|A|/venv/lib/python3.10/site-packages/sqlalchemy/dialects/sqlite/__pycache__/provision.cpython-310.pyc
1747595183|Leonardo|A|/venv/lib/python3.10/site-packages/sqlalchemy/dialects/sqlite/__pycache__/pysqlcipher.cpython-310.pyc
1747595183|Leonardo|A|/venv/lib/python3.10/site-packages/sqlalchemy/dialects/sqlite/__pycache__/pysqlite.cpython-310.pyc
1747595183|Leonardo|A|/venv/lib/python3.10/site-packages/sqlalchemy/dialects/sqlite/aiosqlite.py
1747595183|Leonardo|A|/venv/lib/python3.10/site-packages/sqlalchemy/dialects/sqlite/base.py
1747595183|Leonardo|A|/venv/lib/python3.10/site-packages/sqlalchemy/dialects/sqlite/dml.py
1747595183|Leonardo|A|/venv/lib/python3.10/site-packages/sqlalchemy/dialects/sqlite/json.py
1747595183|Leonardo|A|/venv/lib/python3.10/site-packages/sqlalchemy/dialects/sqlite/provision.py
1747595183|Leonardo|A|/venv/lib/python3.10/site-packages/sqlalchemy/dialects/sqlite/pysqlcipher.py
1747595183|Leonardo|A|/venv/lib/python3.10/site-packages/sqlalchemy/dialects/sqlite/pysqlite.py
1747595183|Leonardo|A|/venv/lib/python3.10/site-packages/sqlalchemy/dialects/type_migration_guidelines.txt
1747595183|Leonardo|A|/venv/lib/python3.10/site-packages/sqlalchemy/engine/__init__.py
1747595183|Leonardo|A|/venv/lib/python3.10/site-packages/sqlalchemy/engine/__pycache__/__init__.cpython-310.pyc
1747595183|Leonardo|A|/venv/lib/python3.10/site-packages/sqlalchemy/engine/__pycache__/_py_processors.cpython-310.pyc
1747595183|Leonardo|A|/venv/lib/python3.10/site-packages/sqlalchemy/engine/__pycache__/_py_row.cpython-310.pyc
1747595183|Leonardo|A|/venv/lib/python3.10/site-packages/sqlalchemy/engine/__pycache__/_py_util.cpython-310.pyc
1747595183|Leonardo|A|/venv/lib/python3.10/site-packages/sqlalchemy/engine/__pycache__/base.cpython-310.pyc
1747595183|Leonardo|A|/venv/lib/python3.10/site-packages/sqlalchemy/engine/__pycache__/characteristics.cpython-310.pyc
1747595183|Leonardo|A|/venv/lib/python3.10/site-packages/sqlalchemy/engine/__pycache__/create.cpython-310.pyc
1747595183|Leonardo|A|/venv/lib/python3.10/site-packages/sqlalchemy/engine/__pycache__/cursor.cpython-310.pyc
1747595183|Leonardo|A|/venv/lib/python3.10/site-packages/sqlalchemy/engine/__pycache__/default.cpython-310.pyc
1747595183|Leonardo|A|/venv/lib/python3.10/site-packages/sqlalchemy/engine/__pycache__/events.cpython-310.pyc
1747595183|Leonardo|A|/venv/lib/python3.10/site-packages/sqlalchemy/engine/__pycache__/interfaces.cpython-310.pyc
1747595183|Leonardo|A|/venv/lib/python3.10/site-packages/sqlalchemy/engine/__pycache__/mock.cpython-310.pyc
1747595183|Leonardo|A|/venv/lib/python3.10/site-packages/sqlalchemy/engine/__pycache__/processors.cpython-310.pyc
1747595183|Leonardo|A|/venv/lib/python3.10/site-packages/sqlalchemy/engine/__pycache__/reflection.cpython-310.pyc
1747595183|Leonardo|A|/venv/lib/python3.10/site-packages/sqlalchemy/engine/__pycache__/result.cpython-310.pyc
1747595183|Leonardo|A|/venv/lib/python3.10/site-packages/sqlalchemy/engine/__pycache__/row.cpython-310.pyc
1747595183|Leonardo|A|/venv/lib/python3.10/site-packages/sqlalchemy/engine/__pycache__/strategies.cpython-310.pyc
1747595183|Leonardo|A|/venv/lib/python3.10/site-packages/sqlalchemy/engine/__pycache__/url.cpython-310.pyc
1747595183|Leonardo|A|/venv/lib/python3.10/site-packages/sqlalchemy/engine/__pycache__/util.cpython-310.pyc
1747595183|Leonardo|A|/venv/lib/python3.10/site-packages/sqlalchemy/engine/_py_processors.py
1747595183|Leonardo|A|/venv/lib/python3.10/site-packages/sqlalchemy/engine/_py_row.py
1747595183|Leonardo|A|/venv/lib/python3.10/site-packages/sqlalchemy/engine/_py_util.py
1747595183|Leonardo|A|/venv/lib/python3.10/site-packages/sqlalchemy/engine/base.py
1747595183|Leonardo|A|/venv/lib/python3.10/site-packages/sqlalchemy/engine/characteristics.py
1747595183|Leonardo|A|/venv/lib/python3.10/site-packages/sqlalchemy/engine/create.py
1747595183|Leonardo|A|/venv/lib/python3.10/site-packages/sqlalchemy/engine/cursor.py
1747595183|Leonardo|A|/venv/lib/python3.10/site-packages/sqlalchemy/engine/default.py
1747595183|Leonardo|A|/venv/lib/python3.10/site-packages/sqlalchemy/engine/events.py
1747595183|Leonardo|A|/venv/lib/python3.10/site-packages/sqlalchemy/engine/interfaces.py
1747595183|Leonardo|A|/venv/lib/python3.10/site-packages/sqlalchemy/engine/mock.py
1747595183|Leonardo|A|/venv/lib/python3.10/site-packages/sqlalchemy/engine/processors.py
1747595183|Leonardo|A|/venv/lib/python3.10/site-packages/sqlalchemy/engine/reflection.py
1747595183|Leonardo|A|/venv/lib/python3.10/site-packages/sqlalchemy/engine/result.py
1747595183|Leonardo|A|/venv/lib/python3.10/site-packages/sqlalchemy/engine/row.py
1747595183|Leonardo|A|/venv/lib/python3.10/site-packages/sqlalchemy/engine/strategies.py
1747595183|Leonardo|A|/venv/lib/python3.10/site-packages/sqlalchemy/engine/url.py
1747595183|Leonardo|A|/venv/lib/python3.10/site-packages/sqlalchemy/engine/util.py
1747595183|Leonardo|A|/venv/lib/python3.10/site-packages/sqlalchemy/event/__init__.py
1747595183|Leonardo|A|/venv/lib/python3.10/site-packages/sqlalchemy/event/__pycache__/__init__.cpython-310.pyc
1747595183|Leonardo|A|/venv/lib/python3.10/site-packages/sqlalchemy/event/__pycache__/api.cpython-310.pyc
1747595183|Leonardo|A|/venv/lib/python3.10/site-packages/sqlalchemy/event/__pycache__/attr.cpython-310.pyc
1747595183|Leonardo|A|/venv/lib/python3.10/site-packages/sqlalchemy/event/__pycache__/base.cpython-310.pyc
1747595183|Leonardo|A|/venv/lib/python3.10/site-packages/sqlalchemy/event/__pycache__/legacy.cpython-310.pyc
1747595183|Leonardo|A|/venv/lib/python3.10/site-packages/sqlalchemy/event/__pycache__/registry.cpython-310.pyc
1747595183|Leonardo|A|/venv/lib/python3.10/site-packages/sqlalchemy/event/api.py
1747595183|Leonardo|A|/venv/lib/python3.10/site-packages/sqlalchemy/event/attr.py
1747595183|Leonardo|A|/venv/lib/python3.10/site-packages/sqlalchemy/event/base.py
1747595183|Leonardo|A|/venv/lib/python3.10/site-packages/sqlalchemy/event/legacy.py
1747595183|Leonardo|A|/venv/lib/python3.10/site-packages/sqlalchemy/event/registry.py
1747595183|Leonardo|A|/venv/lib/python3.10/site-packages/sqlalchemy/events.py
1747595183|Leonardo|A|/venv/lib/python3.10/site-packages/sqlalchemy/exc.py
1747595183|Leonardo|A|/venv/lib/python3.10/site-packages/sqlalchemy/ext/__init__.py
1747595183|Leonardo|A|/venv/lib/python3.10/site-packages/sqlalchemy/ext/__pycache__/__init__.cpython-310.pyc
1747595183|Leonardo|A|/venv/lib/python3.10/site-packages/sqlalchemy/ext/__pycache__/associationproxy.cpython-310.pyc
1747595183|Leonardo|A|/venv/lib/python3.10/site-packages/sqlalchemy/ext/__pycache__/automap.cpython-310.pyc
1747595183|Leonardo|A|/venv/lib/python3.10/site-packages/sqlalchemy/ext/__pycache__/baked.cpython-310.pyc
1747595183|Leonardo|A|/venv/lib/python3.10/site-packages/sqlalchemy/ext/__pycache__/compiler.cpython-310.pyc
1747595183|Leonardo|A|/venv/lib/python3.10/site-packages/sqlalchemy/ext/__pycache__/horizontal_shard.cpython-310.pyc
1747595183|Leonardo|A|/venv/lib/python3.10/site-packages/sqlalchemy/ext/__pycache__/hybrid.cpython-310.pyc
1747595183|Leonardo|A|/venv/lib/python3.10/site-packages/sqlalchemy/ext/__pycache__/indexable.cpython-310.pyc
1747595183|Leonardo|A|/venv/lib/python3.10/site-packages/sqlalchemy/ext/__pycache__/instrumentation.cpython-310.pyc
1747595183|Leonardo|A|/venv/lib/python3.10/site-packages/sqlalchemy/ext/__pycache__/mutable.cpython-310.pyc
1747595183|Leonardo|A|/venv/lib/python3.10/site-packages/sqlalchemy/ext/__pycache__/orderinglist.cpython-310.pyc
1747595183|Leonardo|A|/venv/lib/python3.10/site-packages/sqlalchemy/ext/__pycache__/serializer.cpython-310.pyc
1747595183|Leonardo|A|/venv/lib/python3.10/site-packages/sqlalchemy/ext/associationproxy.py
1747595183|Leonardo|A|/venv/lib/python3.10/site-packages/sqlalchemy/ext/asyncio/__init__.py
1747595183|Leonardo|A|/venv/lib/python3.10/site-packages/sqlalchemy/ext/asyncio/__pycache__/__init__.cpython-310.pyc
1747595183|Leonardo|A|/venv/lib/python3.10/site-packages/sqlalchemy/ext/asyncio/__pycache__/base.cpython-310.pyc
1747595183|Leonardo|A|/venv/lib/python3.10/site-packages/sqlalchemy/ext/asyncio/__pycache__/engine.cpython-310.pyc
1747595183|Leonardo|A|/venv/lib/python3.10/site-packages/sqlalchemy/ext/asyncio/__pycache__/exc.cpython-310.pyc
1747595183|Leonardo|A|/venv/lib/python3.10/site-packages/sqlalchemy/ext/asyncio/__pycache__/result.cpython-310.pyc
1747595183|Leonardo|A|/venv/lib/python3.10/site-packages/sqlalchemy/ext/asyncio/__pycache__/scoping.cpython-310.pyc
1747595183|Leonardo|A|/venv/lib/python3.10/site-packages/sqlalchemy/ext/asyncio/__pycache__/session.cpython-310.pyc
1747595183|Leonardo|A|/venv/lib/python3.10/site-packages/sqlalchemy/ext/asyncio/base.py
1747595183|Leonardo|A|/venv/lib/python3.10/site-packages/sqlalchemy/ext/asyncio/engine.py
1747595183|Leonardo|A|/venv/lib/python3.10/site-packages/sqlalchemy/ext/asyncio/exc.py
1747595183|Leonardo|A|/venv/lib/python3.10/site-packages/sqlalchemy/ext/asyncio/result.py
1747595183|Leonardo|A|/venv/lib/python3.10/site-packages/sqlalchemy/ext/asyncio/scoping.py
1747595183|Leonardo|A|/venv/lib/python3.10/site-packages/sqlalchemy/ext/asyncio/session.py
1747595183|Leonardo|A|/venv/lib/python3.10/site-packages/sqlalchemy/ext/automap.py
1747595183|Leonardo|A|/venv/lib/python3.10/site-packages/sqlalchemy/ext/baked.py
1747595183|Leonardo|A|/venv/lib/python3.10/site-packages/sqlalchemy/ext/compiler.py
1747595183|Leonardo|A|/venv/lib/python3.10/site-packages/sqlalchemy/ext/declarative/__init__.py
1747595183|Leonardo|A|/venv/lib/python3.10/site-packages/sqlalchemy/ext/declarative/__pycache__/__init__.cpython-310.pyc
1747595183|Leonardo|A|/venv/lib/python3.10/site-packages/sqlalchemy/ext/declarative/__pycache__/extensions.cpython-310.pyc
1747595183|Leonardo|A|/venv/lib/python3.10/site-packages/sqlalchemy/ext/declarative/extensions.py
1747595183|Leonardo|A|/venv/lib/python3.10/site-packages/sqlalchemy/ext/horizontal_shard.py
1747595183|Leonardo|A|/venv/lib/python3.10/site-packages/sqlalchemy/ext/hybrid.py
1747595183|Leonardo|A|/venv/lib/python3.10/site-packages/sqlalchemy/ext/indexable.py
1747595183|Leonardo|A|/venv/lib/python3.10/site-packages/sqlalchemy/ext/instrumentation.py
1747595183|Leonardo|A|/venv/lib/python3.10/site-packages/sqlalchemy/ext/mutable.py
1747595183|Leonardo|A|/venv/lib/python3.10/site-packages/sqlalchemy/ext/mypy/__init__.py
1747595183|Leonardo|A|/venv/lib/python3.10/site-packages/sqlalchemy/ext/mypy/__pycache__/__init__.cpython-310.pyc
1747595183|Leonardo|A|/venv/lib/python3.10/site-packages/sqlalchemy/ext/mypy/__pycache__/apply.cpython-310.pyc
1747595183|Leonardo|A|/venv/lib/python3.10/site-packages/sqlalchemy/ext/mypy/__pycache__/decl_class.cpython-310.pyc
1747595183|Leonardo|A|/venv/lib/python3.10/site-packages/sqlalchemy/ext/mypy/__pycache__/infer.cpython-310.pyc
1747595183|Leonardo|A|/venv/lib/python3.10/site-packages/sqlalchemy/ext/mypy/__pycache__/names.cpython-310.pyc
1747595183|Leonardo|A|/venv/lib/python3.10/site-packages/sqlalchemy/ext/mypy/__pycache__/plugin.cpython-310.pyc
1747595183|Leonardo|A|/venv/lib/python3.10/site-packages/sqlalchemy/ext/mypy/__pycache__/util.cpython-310.pyc
1747595183|Leonardo|A|/venv/lib/python3.10/site-packages/sqlalchemy/ext/mypy/apply.py
1747595183|Leonardo|A|/venv/lib/python3.10/site-packages/sqlalchemy/ext/mypy/decl_class.py
1747595183|Leonardo|A|/venv/lib/python3.10/site-packages/sqlalchemy/ext/mypy/infer.py
1747595183|Leonardo|A|/venv/lib/python3.10/site-packages/sqlalchemy/ext/mypy/names.py
1747595183|Leonardo|A|/venv/lib/python3.10/site-packages/sqlalchemy/ext/mypy/plugin.py
1747595183|Leonardo|A|/venv/lib/python3.10/site-packages/sqlalchemy/ext/mypy/util.py
1747595183|Leonardo|A|/venv/lib/python3.10/site-packages/sqlalchemy/ext/orderinglist.py
1747595183|Leonardo|A|/venv/lib/python3.10/site-packages/sqlalchemy/ext/serializer.py
1747595183|Leonardo|A|/venv/lib/python3.10/site-packages/sqlalchemy/future/__init__.py
1747595183|Leonardo|A|/venv/lib/python3.10/site-packages/sqlalchemy/future/__pycache__/__init__.cpython-310.pyc
1747595183|Leonardo|A|/venv/lib/python3.10/site-packages/sqlalchemy/future/__pycache__/engine.cpython-310.pyc
1747595183|Leonardo|A|/venv/lib/python3.10/site-packages/sqlalchemy/future/engine.py
1747595183|Leonardo|A|/venv/lib/python3.10/site-packages/sqlalchemy/inspection.py
1747595183|Leonardo|A|/venv/lib/python3.10/site-packages/sqlalchemy/log.py
1747595183|Leonardo|A|/venv/lib/python3.10/site-packages/sqlalchemy/orm/__init__.py
1747595183|Leonardo|A|/venv/lib/python3.10/site-packages/sqlalchemy/orm/__pycache__/__init__.cpython-310.pyc
1747595183|Leonardo|A|/venv/lib/python3.10/site-packages/sqlalchemy/orm/__pycache__/_orm_constructors.cpython-310.pyc
1747595183|Leonardo|A|/venv/lib/python3.10/site-packages/sqlalchemy/orm/__pycache__/_typing.cpython-310.pyc
1747595183|Leonardo|A|/venv/lib/python3.10/site-packages/sqlalchemy/orm/__pycache__/attributes.cpython-310.pyc
1747595183|Leonardo|A|/venv/lib/python3.10/site-packages/sqlalchemy/orm/__pycache__/base.cpython-310.pyc
1747595183|Leonardo|A|/venv/lib/python3.10/site-packages/sqlalchemy/orm/__pycache__/bulk_persistence.cpython-310.pyc
1747595183|Leonardo|A|/venv/lib/python3.10/site-packages/sqlalchemy/orm/__pycache__/clsregistry.cpython-310.pyc
1747595183|Leonardo|A|/venv/lib/python3.10/site-packages/sqlalchemy/orm/__pycache__/collections.cpython-310.pyc
1747595183|Leonardo|A|/venv/lib/python3.10/site-packages/sqlalchemy/orm/__pycache__/context.cpython-310.pyc
1747595183|Leonardo|A|/venv/lib/python3.10/site-packages/sqlalchemy/orm/__pycache__/decl_api.cpython-310.pyc
1747595183|Leonardo|A|/venv/lib/python3.10/site-packages/sqlalchemy/orm/__pycache__/decl_base.cpython-310.pyc
1747595183|Leonardo|A|/venv/lib/python3.10/site-packages/sqlalchemy/orm/__pycache__/dependency.cpython-310.pyc
1747595183|Leonardo|A|/venv/lib/python3.10/site-packages/sqlalchemy/orm/__pycache__/descriptor_props.cpython-310.pyc
1747595183|Leonardo|A|/venv/lib/python3.10/site-packages/sqlalchemy/orm/__pycache__/dynamic.cpython-310.pyc
1747595183|Leonardo|A|/venv/lib/python3.10/site-packages/sqlalchemy/orm/__pycache__/evaluator.cpython-310.pyc
1747595183|Leonardo|A|/venv/lib/python3.10/site-packages/sqlalchemy/orm/__pycache__/events.cpython-310.pyc
1747595183|Leonardo|A|/venv/lib/python3.10/site-packages/sqlalchemy/orm/__pycache__/exc.cpython-310.pyc
1747595183|Leonardo|A|/venv/lib/python3.10/site-packages/sqlalchemy/orm/__pycache__/identity.cpython-310.pyc
1747595183|Leonardo|A|/venv/lib/python3.10/site-packages/sqlalchemy/orm/__pycache__/instrumentation.cpython-310.pyc
1747595183|Leonardo|A|/venv/lib/python3.10/site-packages/sqlalchemy/orm/__pycache__/interfaces.cpython-310.pyc
1747595183|Leonardo|A|/venv/lib/python3.10/site-packages/sqlalchemy/orm/__pycache__/loading.cpython-310.pyc
1747595183|Leonardo|A|/venv/lib/python3.10/site-packages/sqlalchemy/orm/__pycache__/mapped_collection.cpython-310.pyc
1747595183|Leonardo|A|/venv/lib/python3.10/site-packages/sqlalchemy/orm/__pycache__/mapper.cpython-310.pyc
1747595183|Leonardo|A|/venv/lib/python3.10/site-packages/sqlalchemy/orm/__pycache__/path_registry.cpython-310.pyc
1747595183|Leonardo|A|/venv/lib/python3.10/site-packages/sqlalchemy/orm/__pycache__/persistence.cpython-310.pyc
1747595183|Leonardo|A|/venv/lib/python3.10/site-packages/sqlalchemy/orm/__pycache__/properties.cpython-310.pyc
1747595183|Leonardo|A|/venv/lib/python3.10/site-packages/sqlalchemy/orm/__pycache__/query.cpython-310.pyc
1747595183|Leonardo|A|/venv/lib/python3.10/site-packages/sqlalchemy/orm/__pycache__/relationships.cpython-310.pyc
1747595183|Leonardo|A|/venv/lib/python3.10/site-packages/sqlalchemy/orm/__pycache__/scoping.cpython-310.pyc
1747595183|Leonardo|A|/venv/lib/python3.10/site-packages/sqlalchemy/orm/__pycache__/session.cpython-310.pyc
1747595183|Leonardo|A|/venv/lib/python3.10/site-packages/sqlalchemy/orm/__pycache__/state.cpython-310.pyc
1747595183|Leonardo|A|/venv/lib/python3.10/site-packages/sqlalchemy/orm/__pycache__/state_changes.cpython-310.pyc
1747595183|Leonardo|A|/venv/lib/python3.10/site-packages/sqlalchemy/orm/__pycache__/strategies.cpython-310.pyc
1747595183|Leonardo|A|/venv/lib/python3.10/site-packages/sqlalchemy/orm/__pycache__/strategy_options.cpython-310.pyc
1747595183|Leonardo|A|/venv/lib/python3.10/site-packages/sqlalchemy/orm/__pycache__/sync.cpython-310.pyc
1747595183|Leonardo|A|/venv/lib/python3.10/site-packages/sqlalchemy/orm/__pycache__/unitofwork.cpython-310.pyc
1747595183|Leonardo|A|/venv/lib/python3.10/site-packages/sqlalchemy/orm/__pycache__/util.cpython-310.pyc
1747595183|Leonardo|A|/venv/lib/python3.10/site-packages/sqlalchemy/orm/__pycache__/writeonly.cpython-310.pyc
1747595183|Leonardo|A|/venv/lib/python3.10/site-packages/sqlalchemy/orm/_orm_constructors.py
1747595183|Leonardo|A|/venv/lib/python3.10/site-packages/sqlalchemy/orm/_typing.py
1747595183|Leonardo|A|/venv/lib/python3.10/site-packages/sqlalchemy/orm/attributes.py
1747595183|Leonardo|A|/venv/lib/python3.10/site-packages/sqlalchemy/orm/base.py
1747595183|Leonardo|A|/venv/lib/python3.10/site-packages/sqlalchemy/orm/bulk_persistence.py
1747595183|Leonardo|A|/venv/lib/python3.10/site-packages/sqlalchemy/orm/clsregistry.py
1747595183|Leonardo|A|/venv/lib/python3.10/site-packages/sqlalchemy/orm/collections.py
1747595183|Leonardo|A|/venv/lib/python3.10/site-packages/sqlalchemy/orm/context.py
1747595183|Leonardo|A|/venv/lib/python3.10/site-packages/sqlalchemy/orm/decl_api.py
1747595183|Leonardo|A|/venv/lib/python3.10/site-packages/sqlalchemy/orm/decl_base.py
1747595183|Leonardo|A|/venv/lib/python3.10/site-packages/sqlalchemy/orm/dependency.py
1747595183|Leonardo|A|/venv/lib/python3.10/site-packages/sqlalchemy/orm/descriptor_props.py
1747595183|Leonardo|A|/venv/lib/python3.10/site-packages/sqlalchemy/orm/dynamic.py
1747595183|Leonardo|A|/venv/lib/python3.10/site-packages/sqlalchemy/orm/evaluator.py
1747595183|Leonardo|A|/venv/lib/python3.10/site-packages/sqlalchemy/orm/events.py
1747595183|Leonardo|A|/venv/lib/python3.10/site-packages/sqlalchemy/orm/exc.py
1747595183|Leonardo|A|/venv/lib/python3.10/site-packages/sqlalchemy/orm/identity.py
1747595183|Leonardo|A|/venv/lib/python3.10/site-packages/sqlalchemy/orm/instrumentation.py
1747595183|Leonardo|A|/venv/lib/python3.10/site-packages/sqlalchemy/orm/interfaces.py
1747595183|Leonardo|A|/venv/lib/python3.10/site-packages/sqlalchemy/orm/loading.py
1747595183|Leonardo|A|/venv/lib/python3.10/site-packages/sqlalchemy/orm/mapped_collection.py
1747595183|Leonardo|A|/venv/lib/python3.10/site-packages/sqlalchemy/orm/mapper.py
1747595183|Leonardo|A|/venv/lib/python3.10/site-packages/sqlalchemy/orm/path_registry.py
1747595183|Leonardo|A|/venv/lib/python3.10/site-packages/sqlalchemy/orm/persistence.py
1747595183|Leonardo|A|/venv/lib/python3.10/site-packages/sqlalchemy/orm/properties.py
1747595183|Leonardo|A|/venv/lib/python3.10/site-packages/sqlalchemy/orm/query.py
1747595183|Leonardo|A|/venv/lib/python3.10/site-packages/sqlalchemy/orm/relationships.py
1747595183|Leonardo|A|/venv/lib/python3.10/site-packages/sqlalchemy/orm/scoping.py
1747595183|Leonardo|A|/venv/lib/python3.10/site-packages/sqlalchemy/orm/session.py
1747595183|Leonardo|A|/venv/lib/python3.10/site-packages/sqlalchemy/orm/state.py
1747595183|Leonardo|A|/venv/lib/python3.10/site-packages/sqlalchemy/orm/state_changes.py
1747595183|Leonardo|A|/venv/lib/python3.10/site-packages/sqlalchemy/orm/strategies.py
1747595183|Leonardo|A|/venv/lib/python3.10/site-packages/sqlalchemy/orm/strategy_options.py
1747595183|Leonardo|A|/venv/lib/python3.10/site-packages/sqlalchemy/orm/sync.py
1747595183|Leonardo|A|/venv/lib/python3.10/site-packages/sqlalchemy/orm/unitofwork.py
1747595183|Leonardo|A|/venv/lib/python3.10/site-packages/sqlalchemy/orm/util.py
1747595183|Leonardo|A|/venv/lib/python3.10/site-packages/sqlalchemy/orm/writeonly.py
1747595183|Leonardo|A|/venv/lib/python3.10/site-packages/sqlalchemy/pool/__init__.py
1747595183|Leonardo|A|/venv/lib/python3.10/site-packages/sqlalchemy/pool/__pycache__/__init__.cpython-310.pyc
1747595183|Leonardo|A|/venv/lib/python3.10/site-packages/sqlalchemy/pool/__pycache__/base.cpython-310.pyc
1747595183|Leonardo|A|/venv/lib/python3.10/site-packages/sqlalchemy/pool/__pycache__/events.cpython-310.pyc
1747595183|Leonardo|A|/venv/lib/python3.10/site-packages/sqlalchemy/pool/__pycache__/impl.cpython-310.pyc
1747595183|Leonardo|A|/venv/lib/python3.10/site-packages/sqlalchemy/pool/base.py
1747595183|Leonardo|A|/venv/lib/python3.10/site-packages/sqlalchemy/pool/events.py
1747595183|Leonardo|A|/venv/lib/python3.10/site-packages/sqlalchemy/pool/impl.py
1747595183|Leonardo|A|/venv/lib/python3.10/site-packages/sqlalchemy/py.typed
1747595183|Leonardo|A|/venv/lib/python3.10/site-packages/sqlalchemy/schema.py
1747595183|Leonardo|A|/venv/lib/python3.10/site-packages/sqlalchemy/sql/__init__.py
1747595183|Leonardo|A|/venv/lib/python3.10/site-packages/sqlalchemy/sql/__pycache__/__init__.cpython-310.pyc
1747595183|Leonardo|A|/venv/lib/python3.10/site-packages/sqlalchemy/sql/__pycache__/_dml_constructors.cpython-310.pyc
1747595183|Leonardo|A|/venv/lib/python3.10/site-packages/sqlalchemy/sql/__pycache__/_elements_constructors.cpython-310.pyc
1747595183|Leonardo|A|/venv/lib/python3.10/site-packages/sqlalchemy/sql/__pycache__/_orm_types.cpython-310.pyc
1747595183|Leonardo|A|/venv/lib/python3.10/site-packages/sqlalchemy/sql/__pycache__/_py_util.cpython-310.pyc
1747595183|Leonardo|A|/venv/lib/python3.10/site-packages/sqlalchemy/sql/__pycache__/_selectable_constructors.cpython-310.pyc
1747595183|Leonardo|A|/venv/lib/python3.10/site-packages/sqlalchemy/sql/__pycache__/_typing.cpython-310.pyc
1747595183|Leonardo|A|/venv/lib/python3.10/site-packages/sqlalchemy/sql/__pycache__/annotation.cpython-310.pyc
1747595183|Leonardo|A|/venv/lib/python3.10/site-packages/sqlalchemy/sql/__pycache__/base.cpython-310.pyc
1747595183|Leonardo|A|/venv/lib/python3.10/site-packages/sqlalchemy/sql/__pycache__/cache_key.cpython-310.pyc
1747595183|Leonardo|A|/venv/lib/python3.10/site-packages/sqlalchemy/sql/__pycache__/coercions.cpython-310.pyc
1747595183|Leonardo|A|/venv/lib/python3.10/site-packages/sqlalchemy/sql/__pycache__/compiler.cpython-310.pyc
1747595183|Leonardo|A|/venv/lib/python3.10/site-packages/sqlalchemy/sql/__pycache__/crud.cpython-310.pyc
1747595183|Leonardo|A|/venv/lib/python3.10/site-packages/sqlalchemy/sql/__pycache__/ddl.cpython-310.pyc
1747595183|Leonardo|A|/venv/lib/python3.10/site-packages/sqlalchemy/sql/__pycache__/default_comparator.cpython-310.pyc
1747595183|Leonardo|A|/venv/lib/python3.10/site-packages/sqlalchemy/sql/__pycache__/dml.cpython-310.pyc
1747595183|Leonardo|A|/venv/lib/python3.10/site-packages/sqlalchemy/sql/__pycache__/elements.cpython-310.pyc
1747595183|Leonardo|A|/venv/lib/python3.10/site-packages/sqlalchemy/sql/__pycache__/events.cpython-310.pyc
1747595183|Leonardo|A|/venv/lib/python3.10/site-packages/sqlalchemy/sql/__pycache__/expression.cpython-310.pyc
1747595183|Leonardo|A|/venv/lib/python3.10/site-packages/sqlalchemy/sql/__pycache__/functions.cpython-310.pyc
1747595183|Leonardo|A|/venv/lib/python3.10/site-packages/sqlalchemy/sql/__pycache__/lambdas.cpython-310.pyc
1747595183|Leonardo|A|/venv/lib/python3.10/site-packages/sqlalchemy/sql/__pycache__/naming.cpython-310.pyc
1747595183|Leonardo|A|/venv/lib/python3.10/site-packages/sqlalchemy/sql/__pycache__/operators.cpython-310.pyc
1747595183|Leonardo|A|/venv/lib/python3.10/site-packages/sqlalchemy/sql/__pycache__/roles.cpython-310.pyc
1747595183|Leonardo|A|/venv/lib/python3.10/site-packages/sqlalchemy/sql/__pycache__/schema.cpython-310.pyc
1747595183|Leonardo|A|/venv/lib/python3.10/site-packages/sqlalchemy/sql/__pycache__/selectable.cpython-310.pyc
1747595183|Leonardo|A|/venv/lib/python3.10/site-packages/sqlalchemy/sql/__pycache__/sqltypes.cpython-310.pyc
1747595183|Leonardo|A|/venv/lib/python3.10/site-packages/sqlalchemy/sql/__pycache__/traversals.cpython-310.pyc
1747595183|Leonardo|A|/venv/lib/python3.10/site-packages/sqlalchemy/sql/__pycache__/type_api.cpython-310.pyc
1747595183|Leonardo|A|/venv/lib/python3.10/site-packages/sqlalchemy/sql/__pycache__/util.cpython-310.pyc
1747595183|Leonardo|A|/venv/lib/python3.10/site-packages/sqlalchemy/sql/__pycache__/visitors.cpython-310.pyc
1747595183|Leonardo|A|/venv/lib/python3.10/site-packages/sqlalchemy/sql/_dml_constructors.py
1747595183|Leonardo|A|/venv/lib/python3.10/site-packages/sqlalchemy/sql/_elements_constructors.py
1747595183|Leonardo|A|/venv/lib/python3.10/site-packages/sqlalchemy/sql/_orm_types.py
1747595183|Leonardo|A|/venv/lib/python3.10/site-packages/sqlalchemy/sql/_py_util.py
1747595183|Leonardo|A|/venv/lib/python3.10/site-packages/sqlalchemy/sql/_selectable_constructors.py
1747595183|Leonardo|A|/venv/lib/python3.10/site-packages/sqlalchemy/sql/_typing.py
1747595183|Leonardo|A|/venv/lib/python3.10/site-packages/sqlalchemy/sql/annotation.py
1747595183|Leonardo|A|/venv/lib/python3.10/site-packages/sqlalchemy/sql/base.py
1747595183|Leonardo|A|/venv/lib/python3.10/site-packages/sqlalchemy/sql/cache_key.py
1747595183|Leonardo|A|/venv/lib/python3.10/site-packages/sqlalchemy/sql/coercions.py
1747595183|Leonardo|A|/venv/lib/python3.10/site-packages/sqlalchemy/sql/compiler.py
1747595183|Leonardo|A|/venv/lib/python3.10/site-packages/sqlalchemy/sql/crud.py
1747595183|Leonardo|A|/venv/lib/python3.10/site-packages/sqlalchemy/sql/ddl.py
1747595183|Leonardo|A|/venv/lib/python3.10/site-packages/sqlalchemy/sql/default_comparator.py
1747595183|Leonardo|A|/venv/lib/python3.10/site-packages/sqlalchemy/sql/dml.py
1747595183|Leonardo|A|/venv/lib/python3.10/site-packages/sqlalchemy/sql/elements.py
1747595183|Leonardo|A|/venv/lib/python3.10/site-packages/sqlalchemy/sql/events.py
1747595183|Leonardo|A|/venv/lib/python3.10/site-packages/sqlalchemy/sql/expression.py
1747595183|Leonardo|A|/venv/lib/python3.10/site-packages/sqlalchemy/sql/functions.py
1747595183|Leonardo|A|/venv/lib/python3.10/site-packages/sqlalchemy/sql/lambdas.py
1747595183|Leonardo|A|/venv/lib/python3.10/site-packages/sqlalchemy/sql/naming.py
1747595183|Leonardo|A|/venv/lib/python3.10/site-packages/sqlalchemy/sql/operators.py
1747595183|Leonardo|A|/venv/lib/python3.10/site-packages/sqlalchemy/sql/roles.py
1747595183|Leonardo|A|/venv/lib/python3.10/site-packages/sqlalchemy/sql/schema.py
1747595183|Leonardo|A|/venv/lib/python3.10/site-packages/sqlalchemy/sql/selectable.py
1747595183|Leonardo|A|/venv/lib/python3.10/site-packages/sqlalchemy/sql/sqltypes.py
1747595183|Leonardo|A|/venv/lib/python3.10/site-packages/sqlalchemy/sql/traversals.py
1747595183|Leonardo|A|/venv/lib/python3.10/site-packages/sqlalchemy/sql/type_api.py
1747595183|Leonardo|A|/venv/lib/python3.10/site-packages/sqlalchemy/sql/util.py
1747595183|Leonardo|A|/venv/lib/python3.10/site-packages/sqlalchemy/sql/visitors.py
1747595183|Leonardo|A|/venv/lib/python3.10/site-packages/sqlalchemy/testing/__init__.py
1747595183|Leonardo|A|/venv/lib/python3.10/site-packages/sqlalchemy/testing/__pycache__/__init__.cpython-310.pyc
1747595183|Leonardo|A|/venv/lib/python3.10/site-packages/sqlalchemy/testing/__pycache__/assertions.cpython-310.pyc
1747595183|Leonardo|A|/venv/lib/python3.10/site-packages/sqlalchemy/testing/__pycache__/assertsql.cpython-310.pyc
1747595183|Leonardo|A|/venv/lib/python3.10/site-packages/sqlalchemy/testing/__pycache__/asyncio.cpython-310.pyc
1747595183|Leonardo|A|/venv/lib/python3.10/site-packages/sqlalchemy/testing/__pycache__/config.cpython-310.pyc
1747595183|Leonardo|A|/venv/lib/python3.10/site-packages/sqlalchemy/testing/__pycache__/engines.cpython-310.pyc
1747595183|Leonardo|A|/venv/lib/python3.10/site-packages/sqlalchemy/testing/__pycache__/entities.cpython-310.pyc
1747595183|Leonardo|A|/venv/lib/python3.10/site-packages/sqlalchemy/testing/__pycache__/exclusions.cpython-310.pyc
1747595183|Leonardo|A|/venv/lib/python3.10/site-packages/sqlalchemy/testing/__pycache__/pickleable.cpython-310.pyc
1747595183|Leonardo|A|/venv/lib/python3.10/site-packages/sqlalchemy/testing/__pycache__/profiling.cpython-310.pyc
1747595183|Leonardo|A|/venv/lib/python3.10/site-packages/sqlalchemy/testing/__pycache__/provision.cpython-310.pyc
1747595183|Leonardo|A|/venv/lib/python3.10/site-packages/sqlalchemy/testing/__pycache__/requirements.cpython-310.pyc
1747595183|Leonardo|A|/venv/lib/python3.10/site-packages/sqlalchemy/testing/__pycache__/schema.cpython-310.pyc
1747595183|Leonardo|A|/venv/lib/python3.10/site-packages/sqlalchemy/testing/__pycache__/util.cpython-310.pyc
1747595183|Leonardo|A|/venv/lib/python3.10/site-packages/sqlalchemy/testing/__pycache__/warnings.cpython-310.pyc
1747595183|Leonardo|A|/venv/lib/python3.10/site-packages/sqlalchemy/testing/assertions.py
1747595183|Leonardo|A|/venv/lib/python3.10/site-packages/sqlalchemy/testing/assertsql.py
1747595183|Leonardo|A|/venv/lib/python3.10/site-packages/sqlalchemy/testing/asyncio.py
1747595183|Leonardo|A|/venv/lib/python3.10/site-packages/sqlalchemy/testing/config.py
1747595183|Leonardo|A|/venv/lib/python3.10/site-packages/sqlalchemy/testing/engines.py
1747595183|Leonardo|A|/venv/lib/python3.10/site-packages/sqlalchemy/testing/entities.py
1747595183|Leonardo|A|/venv/lib/python3.10/site-packages/sqlalchemy/testing/exclusions.py
1747595183|Leonardo|A|/venv/lib/python3.10/site-packages/sqlalchemy/testing/fixtures/__init__.py
1747595183|Leonardo|A|/venv/lib/python3.10/site-packages/sqlalchemy/testing/fixtures/__pycache__/__init__.cpython-310.pyc
1747595183|Leonardo|A|/venv/lib/python3.10/site-packages/sqlalchemy/testing/fixtures/__pycache__/base.cpython-310.pyc
1747595183|Leonardo|A|/venv/lib/python3.10/site-packages/sqlalchemy/testing/fixtures/__pycache__/mypy.cpython-310.pyc
1747595183|Leonardo|A|/venv/lib/python3.10/site-packages/sqlalchemy/testing/fixtures/__pycache__/orm.cpython-310.pyc
1747595183|Leonardo|A|/venv/lib/python3.10/site-packages/sqlalchemy/testing/fixtures/__pycache__/sql.cpython-310.pyc
1747595183|Leonardo|A|/venv/lib/python3.10/site-packages/sqlalchemy/testing/fixtures/base.py
1747595183|Leonardo|A|/venv/lib/python3.10/site-packages/sqlalchemy/testing/fixtures/mypy.py
1747595183|Leonardo|A|/venv/lib/python3.10/site-packages/sqlalchemy/testing/fixtures/orm.py
1747595183|Leonardo|A|/venv/lib/python3.10/site-packages/sqlalchemy/testing/fixtures/sql.py
1747595183|Leonardo|A|/venv/lib/python3.10/site-packages/sqlalchemy/testing/pickleable.py
1747595183|Leonardo|A|/venv/lib/python3.10/site-packages/sqlalchemy/testing/plugin/__init__.py
1747595183|Leonardo|A|/venv/lib/python3.10/site-packages/sqlalchemy/testing/plugin/__pycache__/__init__.cpython-310.pyc
1747595183|Leonardo|A|/venv/lib/python3.10/site-packages/sqlalchemy/testing/plugin/__pycache__/bootstrap.cpython-310.pyc
1747595183|Leonardo|A|/venv/lib/python3.10/site-packages/sqlalchemy/testing/plugin/__pycache__/plugin_base.cpython-310.pyc
1747595183|Leonardo|A|/venv/lib/python3.10/site-packages/sqlalchemy/testing/plugin/__pycache__/pytestplugin.cpython-310.pyc
1747595183|Leonardo|A|/venv/lib/python3.10/site-packages/sqlalchemy/testing/plugin/bootstrap.py
1747595183|Leonardo|A|/venv/lib/python3.10/site-packages/sqlalchemy/testing/plugin/plugin_base.py
1747595183|Leonardo|A|/venv/lib/python3.10/site-packages/sqlalchemy/testing/plugin/pytestplugin.py
1747595183|Leonardo|A|/venv/lib/python3.10/site-packages/sqlalchemy/testing/profiling.py
1747595183|Leonardo|A|/venv/lib/python3.10/site-packages/sqlalchemy/testing/provision.py
1747595183|Leonardo|A|/venv/lib/python3.10/site-packages/sqlalchemy/testing/requirements.py
1747595183|Leonardo|A|/venv/lib/python3.10/site-packages/sqlalchemy/testing/schema.py
1747595183|Leonardo|A|/venv/lib/python3.10/site-packages/sqlalchemy/testing/suite/__init__.py
1747595183|Leonardo|A|/venv/lib/python3.10/site-packages/sqlalchemy/testing/suite/__pycache__/__init__.cpython-310.pyc
1747595183|Leonardo|A|/venv/lib/python3.10/site-packages/sqlalchemy/testing/suite/__pycache__/test_cte.cpython-310.pyc
1747595183|Leonardo|A|/venv/lib/python3.10/site-packages/sqlalchemy/testing/suite/__pycache__/test_ddl.cpython-310.pyc
1747595183|Leonardo|A|/venv/lib/python3.10/site-packages/sqlalchemy/testing/suite/__pycache__/test_deprecations.cpython-310.pyc
1747595183|Leonardo|A|/venv/lib/python3.10/site-packages/sqlalchemy/testing/suite/__pycache__/test_dialect.cpython-310.pyc
1747595183|Leonardo|A|/venv/lib/python3.10/site-packages/sqlalchemy/testing/suite/__pycache__/test_insert.cpython-310.pyc
1747595183|Leonardo|A|/venv/lib/python3.10/site-packages/sqlalchemy/testing/suite/__pycache__/test_reflection.cpython-310.pyc
1747595183|Leonardo|A|/venv/lib/python3.10/site-packages/sqlalchemy/testing/suite/__pycache__/test_results.cpython-310.pyc
1747595183|Leonardo|A|/venv/lib/python3.10/site-packages/sqlalchemy/testing/suite/__pycache__/test_rowcount.cpython-310.pyc
1747595183|Leonardo|A|/venv/lib/python3.10/site-packages/sqlalchemy/testing/suite/__pycache__/test_select.cpython-310.pyc
1747595183|Leonardo|A|/venv/lib/python3.10/site-packages/sqlalchemy/testing/suite/__pycache__/test_sequence.cpython-310.pyc
1747595183|Leonardo|A|/venv/lib/python3.10/site-packages/sqlalchemy/testing/suite/__pycache__/test_types.cpython-310.pyc
1747595183|Leonardo|A|/venv/lib/python3.10/site-packages/sqlalchemy/testing/suite/__pycache__/test_unicode_ddl.cpython-310.pyc
1747595183|Leonardo|A|/venv/lib/python3.10/site-packages/sqlalchemy/testing/suite/__pycache__/test_update_delete.cpython-310.pyc
1747595183|Leonardo|A|/venv/lib/python3.10/site-packages/sqlalchemy/testing/suite/test_cte.py
1747595183|Leonardo|A|/venv/lib/python3.10/site-packages/sqlalchemy/testing/suite/test_ddl.py
1747595183|Leonardo|A|/venv/lib/python3.10/site-packages/sqlalchemy/testing/suite/test_deprecations.py
1747595183|Leonardo|A|/venv/lib/python3.10/site-packages/sqlalchemy/testing/suite/test_dialect.py
1747595183|Leonardo|A|/venv/lib/python3.10/site-packages/sqlalchemy/testing/suite/test_insert.py
1747595183|Leonardo|A|/venv/lib/python3.10/site-packages/sqlalchemy/testing/suite/test_reflection.py
1747595183|Leonardo|A|/venv/lib/python3.10/site-packages/sqlalchemy/testing/suite/test_results.py
1747595183|Leonardo|A|/venv/lib/python3.10/site-packages/sqlalchemy/testing/suite/test_rowcount.py
1747595183|Leonardo|A|/venv/lib/python3.10/site-packages/sqlalchemy/testing/suite/test_select.py
1747595183|Leonardo|A|/venv/lib/python3.10/site-packages/sqlalchemy/testing/suite/test_sequence.py
1747595183|Leonardo|A|/venv/lib/python3.10/site-packages/sqlalchemy/testing/suite/test_types.py
1747595183|Leonardo|A|/venv/lib/python3.10/site-packages/sqlalchemy/testing/suite/test_unicode_ddl.py
1747595183|Leonardo|A|/venv/lib/python3.10/site-packages/sqlalchemy/testing/suite/test_update_delete.py
1747595183|Leonardo|A|/venv/lib/python3.10/site-packages/sqlalchemy/testing/util.py
1747595183|Leonardo|A|/venv/lib/python3.10/site-packages/sqlalchemy/testing/warnings.py
1747595183|Leonardo|A|/venv/lib/python3.10/site-packages/sqlalchemy/types.py
1747595183|Leonardo|A|/venv/lib/python3.10/site-packages/sqlalchemy/util/__init__.py
1747595183|Leonardo|A|/venv/lib/python3.10/site-packages/sqlalchemy/util/__pycache__/__init__.cpython-310.pyc
1747595183|Leonardo|A|/venv/lib/python3.10/site-packages/sqlalchemy/util/__pycache__/_collections.cpython-310.pyc
1747595183|Leonardo|A|/venv/lib/python3.10/site-packages/sqlalchemy/util/__pycache__/_concurrency_py3k.cpython-310.pyc
1747595183|Leonardo|A|/venv/lib/python3.10/site-packages/sqlalchemy/util/__pycache__/_has_cy.cpython-310.pyc
1747595183|Leonardo|A|/venv/lib/python3.10/site-packages/sqlalchemy/util/__pycache__/_py_collections.cpython-310.pyc
1747595183|Leonardo|A|/venv/lib/python3.10/site-packages/sqlalchemy/util/__pycache__/compat.cpython-310.pyc
1747595183|Leonardo|A|/venv/lib/python3.10/site-packages/sqlalchemy/util/__pycache__/concurrency.cpython-310.pyc
1747595183|Leonardo|A|/venv/lib/python3.10/site-packages/sqlalchemy/util/__pycache__/deprecations.cpython-310.pyc
1747595183|Leonardo|A|/venv/lib/python3.10/site-packages/sqlalchemy/util/__pycache__/langhelpers.cpython-310.pyc
1747595183|Leonardo|A|/venv/lib/python3.10/site-packages/sqlalchemy/util/__pycache__/preloaded.cpython-310.pyc
1747595183|Leonardo|A|/venv/lib/python3.10/site-packages/sqlalchemy/util/__pycache__/queue.cpython-310.pyc
1747595183|Leonardo|A|/venv/lib/python3.10/site-packages/sqlalchemy/util/__pycache__/tool_support.cpython-310.pyc
1747595183|Leonardo|A|/venv/lib/python3.10/site-packages/sqlalchemy/util/__pycache__/topological.cpython-310.pyc
1747595183|Leonardo|A|/venv/lib/python3.10/site-packages/sqlalchemy/util/__pycache__/typing.cpython-310.pyc
1747595183|Leonardo|A|/venv/lib/python3.10/site-packages/sqlalchemy/util/_collections.py
1747595183|Leonardo|A|/venv/lib/python3.10/site-packages/sqlalchemy/util/_concurrency_py3k.py
1747595183|Leonardo|A|/venv/lib/python3.10/site-packages/sqlalchemy/util/_has_cy.py
1747595183|Leonardo|A|/venv/lib/python3.10/site-packages/sqlalchemy/util/_py_collections.py
1747595183|Leonardo|A|/venv/lib/python3.10/site-packages/sqlalchemy/util/compat.py
1747595183|Leonardo|A|/venv/lib/python3.10/site-packages/sqlalchemy/util/concurrency.py
1747595183|Leonardo|A|/venv/lib/python3.10/site-packages/sqlalchemy/util/deprecations.py
1747595183|Leonardo|A|/venv/lib/python3.10/site-packages/sqlalchemy/util/langhelpers.py
1747595183|Leonardo|A|/venv/lib/python3.10/site-packages/sqlalchemy/util/preloaded.py
1747595183|Leonardo|A|/venv/lib/python3.10/site-packages/sqlalchemy/util/queue.py
1747595183|Leonardo|A|/venv/lib/python3.10/site-packages/sqlalchemy/util/tool_support.py
1747595183|Leonardo|A|/venv/lib/python3.10/site-packages/sqlalchemy/util/topological.py
1747595183|Leonardo|A|/venv/lib/python3.10/site-packages/sqlalchemy/util/typing.py
1747595183|Leonardo|A|/venv/lib/python3.10/site-packages/typing_extensions-4.13.2.dist-info/INSTALLER
1747595183|Leonardo|A|/venv/lib/python3.10/site-packages/typing_extensions-4.13.2.dist-info/METADATA
1747595183|Leonardo|A|/venv/lib/python3.10/site-packages/typing_extensions-4.13.2.dist-info/RECORD
1747595183|Leonardo|A|/venv/lib/python3.10/site-packages/typing_extensions-4.13.2.dist-info/WHEEL
1747595183|Leonardo|A|/venv/lib/python3.10/site-packages/typing_extensions-4.13.2.dist-info/licenses/LICENSE
1747595183|Leonardo|A|/venv/lib/python3.10/site-packages/typing_extensions.py
1747595183|Leonardo|A|/venv/lib/python3.10/site-packages/werkzeug-3.1.3.dist-info/INSTALLER
1747595183|Leonardo|A|/venv/lib/python3.10/site-packages/werkzeug-3.1.3.dist-info/LICENSE.txt
1747595183|Leonardo|A|/venv/lib/python3.10/site-packages/werkzeug-3.1.3.dist-info/METADATA
1747595183|Leonardo|A|/venv/lib/python3.10/site-packages/werkzeug-3.1.3.dist-info/RECORD
1747595183|Leonardo|A|/venv/lib/python3.10/site-packages/werkzeug-3.1.3.dist-info/WHEEL
1747595183|Leonardo|A|/venv/lib/python3.10/site-packages/werkzeug/__init__.py
1747595183|Leonardo|A|/venv/lib/python3.10/site-packages/werkzeug/__pycache__/__init__.cpython-310.pyc
1747595183|Leonardo|A|/venv/lib/python3.10/site-packages/werkzeug/__pycache__/_internal.cpython-310.pyc
1747595183|Leonardo|A|/venv/lib/python3.10/site-packages/werkzeug/__pycache__/_reloader.cpython-310.pyc
1747595183|Leonardo|A|/venv/lib/python3.10/site-packages/werkzeug/__pycache__/exceptions.cpython-310.pyc
1747595183|Leonardo|A|/venv/lib/python3.10/site-packages/werkzeug/__pycache__/formparser.cpython-310.pyc
1747595183|Leonardo|A|/venv/lib/python3.10/site-packages/werkzeug/__pycache__/http.cpython-310.pyc
1747595183|Leonardo|A|/venv/lib/python3.10/site-packages/werkzeug/__pycache__/local.cpython-310.pyc
1747595183|Leonardo|A|/venv/lib/python3.10/site-packages/werkzeug/__pycache__/security.cpython-310.pyc
1747595183|Leonardo|A|/venv/lib/python3.10/site-packages/werkzeug/__pycache__/serving.cpython-310.pyc
1747595183|Leonardo|A|/venv/lib/python3.10/site-packages/werkzeug/__pycache__/test.cpython-310.pyc
1747595183|Leonardo|A|/venv/lib/python3.10/site-packages/werkzeug/__pycache__/testapp.cpython-310.pyc
1747595183|Leonardo|A|/venv/lib/python3.10/site-packages/werkzeug/__pycache__/urls.cpython-310.pyc
1747595183|Leonardo|A|/venv/lib/python3.10/site-packages/werkzeug/__pycache__/user_agent.cpython-310.pyc
1747595183|Leonardo|A|/venv/lib/python3.10/site-packages/werkzeug/__pycache__/utils.cpython-310.pyc
1747595183|Leonardo|A|/venv/lib/python3.10/site-packages/werkzeug/__pycache__/wsgi.cpython-310.pyc
1747595183|Leonardo|A|/venv/lib/python3.10/site-packages/werkzeug/_internal.py
1747595183|Leonardo|A|/venv/lib/python3.10/site-packages/werkzeug/_reloader.py
1747595183|Leonardo|A|/venv/lib/python3.10/site-packages/werkzeug/datastructures/__init__.py
1747595183|Leonardo|A|/venv/lib/python3.10/site-packages/werkzeug/datastructures/__pycache__/__init__.cpython-310.pyc
1747595183|Leonardo|A|/venv/lib/python3.10/site-packages/werkzeug/datastructures/__pycache__/accept.cpython-310.pyc
1747595183|Leonardo|A|/venv/lib/python3.10/site-packages/werkzeug/datastructures/__pycache__/auth.cpython-310.pyc
1747595183|Leonardo|A|/venv/lib/python3.10/site-packages/werkzeug/datastructures/__pycache__/cache_control.cpython-310.pyc
1747595183|Leonardo|A|/venv/lib/python3.10/site-packages/werkzeug/datastructures/__pycache__/csp.cpython-310.pyc
1747595183|Leonardo|A|/venv/lib/python3.10/site-packages/werkzeug/datastructures/__pycache__/etag.cpython-310.pyc
1747595183|Leonardo|A|/venv/lib/python3.10/site-packages/werkzeug/datastructures/__pycache__/file_storage.cpython-310.pyc
1747595183|Leonardo|A|/venv/lib/python3.10/site-packages/werkzeug/datastructures/__pycache__/headers.cpython-310.pyc
1747595183|Leonardo|A|/venv/lib/python3.10/site-packages/werkzeug/datastructures/__pycache__/mixins.cpython-310.pyc
1747595183|Leonardo|A|/venv/lib/python3.10/site-packages/werkzeug/datastructures/__pycache__/range.cpython-310.pyc
1747595183|Leonardo|A|/venv/lib/python3.10/site-packages/werkzeug/datastructures/__pycache__/structures.cpython-310.pyc
1747595183|Leonardo|A|/venv/lib/python3.10/site-packages/werkzeug/datastructures/accept.py
1747595183|Leonardo|A|/venv/lib/python3.10/site-packages/werkzeug/datastructures/auth.py
1747595183|Leonardo|A|/venv/lib/python3.10/site-packages/werkzeug/datastructures/cache_control.py
1747595183|Leonardo|A|/venv/lib/python3.10/site-packages/werkzeug/datastructures/csp.py
1747595183|Leonardo|A|/venv/lib/python3.10/site-packages/werkzeug/datastructures/etag.py
1747595183|Leonardo|A|/venv/lib/python3.10/site-packages/werkzeug/datastructures/file_storage.py
1747595183|Leonardo|A|/venv/lib/python3.10/site-packages/werkzeug/datastructures/headers.py
1747595183|Leonardo|A|/venv/lib/python3.10/site-packages/werkzeug/datastructures/mixins.py
1747595183|Leonardo|A|/venv/lib/python3.10/site-packages/werkzeug/datastructures/range.py
1747595183|Leonardo|A|/venv/lib/python3.10/site-packages/werkzeug/datastructures/structures.py
1747595183|Leonardo|A|/venv/lib/python3.10/site-packages/werkzeug/debug/__init__.py
1747595183|Leonardo|A|/venv/lib/python3.10/site-packages/werkzeug/debug/__pycache__/__init__.cpython-310.pyc
1747595183|Leonardo|A|/venv/lib/python3.10/site-packages/werkzeug/debug/__pycache__/console.cpython-310.pyc
1747595183|Leonardo|A|/venv/lib/python3.10/site-packages/werkzeug/debug/__pycache__/repr.cpython-310.pyc
1747595183|Leonardo|A|/venv/lib/python3.10/site-packages/werkzeug/debug/__pycache__/tbtools.cpython-310.pyc
1747595183|Leonardo|A|/venv/lib/python3.10/site-packages/werkzeug/debug/console.py
1747595183|Leonardo|A|/venv/lib/python3.10/site-packages/werkzeug/debug/repr.py
1747595183|Leonardo|A|/venv/lib/python3.10/site-packages/werkzeug/debug/shared/ICON_LICENSE.md
1747595183|Leonardo|A|/venv/lib/python3.10/site-packages/werkzeug/debug/shared/console.png
1747595183|Leonardo|A|/venv/lib/python3.10/site-packages/werkzeug/debug/shared/debugger.js
1747595183|Leonardo|A|/venv/lib/python3.10/site-packages/werkzeug/debug/shared/less.png
1747595183|Leonardo|A|/venv/lib/python3.10/site-packages/werkzeug/debug/shared/more.png
1747595183|Leonardo|A|/venv/lib/python3.10/site-packages/werkzeug/debug/shared/style.css
1747595183|Leonardo|A|/venv/lib/python3.10/site-packages/werkzeug/debug/tbtools.py
1747595183|Leonardo|A|/venv/lib/python3.10/site-packages/werkzeug/exceptions.py
1747595183|Leonardo|A|/venv/lib/python3.10/site-packages/werkzeug/formparser.py
1747595183|Leonardo|A|/venv/lib/python3.10/site-packages/werkzeug/http.py
1747595183|Leonardo|A|/venv/lib/python3.10/site-packages/werkzeug/local.py
1747595183|Leonardo|A|/venv/lib/python3.10/site-packages/werkzeug/middleware/__init__.py
1747595183|Leonardo|A|/venv/lib/python3.10/site-packages/werkzeug/middleware/__pycache__/__init__.cpython-310.pyc
1747595183|Leonardo|A|/venv/lib/python3.10/site-packages/werkzeug/middleware/__pycache__/dispatcher.cpython-310.pyc
1747595183|Leonardo|A|/venv/lib/python3.10/site-packages/werkzeug/middleware/__pycache__/http_proxy.cpython-310.pyc
1747595183|Leonardo|A|/venv/lib/python3.10/site-packages/werkzeug/middleware/__pycache__/lint.cpython-310.pyc
1747595183|Leonardo|A|/venv/lib/python3.10/site-packages/werkzeug/middleware/__pycache__/profiler.cpython-310.pyc
1747595183|Leonardo|A|/venv/lib/python3.10/site-packages/werkzeug/middleware/__pycache__/proxy_fix.cpython-310.pyc
1747595183|Leonardo|A|/venv/lib/python3.10/site-packages/werkzeug/middleware/__pycache__/shared_data.cpython-310.pyc
1747595183|Leonardo|A|/venv/lib/python3.10/site-packages/werkzeug/middleware/dispatcher.py
1747595183|Leonardo|A|/venv/lib/python3.10/site-packages/werkzeug/middleware/http_proxy.py
1747595183|Leonardo|A|/venv/lib/python3.10/site-packages/werkzeug/middleware/lint.py
1747595183|Leonardo|A|/venv/lib/python3.10/site-packages/werkzeug/middleware/profiler.py
1747595183|Leonardo|A|/venv/lib/python3.10/site-packages/werkzeug/middleware/proxy_fix.py
1747595183|Leonardo|A|/venv/lib/python3.10/site-packages/werkzeug/middleware/shared_data.py
1747595183|Leonardo|A|/venv/lib/python3.10/site-packages/werkzeug/py.typed
1747595183|Leonardo|A|/venv/lib/python3.10/site-packages/werkzeug/routing/__init__.py
1747595183|Leonardo|A|/venv/lib/python3.10/site-packages/werkzeug/routing/__pycache__/__init__.cpython-310.pyc
1747595183|Leonardo|A|/venv/lib/python3.10/site-packages/werkzeug/routing/__pycache__/converters.cpython-310.pyc
1747595183|Leonardo|A|/venv/lib/python3.10/site-packages/werkzeug/routing/__pycache__/exceptions.cpython-310.pyc
1747595183|Leonardo|A|/venv/lib/python3.10/site-packages/werkzeug/routing/__pycache__/map.cpython-310.pyc
1747595183|Leonardo|A|/venv/lib/python3.10/site-packages/werkzeug/routing/__pycache__/matcher.cpython-310.pyc
1747595183|Leonardo|A|/venv/lib/python3.10/site-packages/werkzeug/routing/__pycache__/rules.cpython-310.pyc
1747595183|Leonardo|A|/venv/lib/python3.10/site-packages/werkzeug/routing/converters.py
1747595183|Leonardo|A|/venv/lib/python3.10/site-packages/werkzeug/routing/exceptions.py
1747595183|Leonardo|A|/venv/lib/python3.10/site-packages/werkzeug/routing/map.py
1747595183|Leonardo|A|/venv/lib/python3.10/site-packages/werkzeug/routing/matcher.py
1747595183|Leonardo|A|/venv/lib/python3.10/site-packages/werkzeug/routing/rules.py
1747595183|Leonardo|A|/venv/lib/python3.10/site-packages/werkzeug/sansio/__init__.py
1747595183|Leonardo|A|/venv/lib/python3.10/site-packages/werkzeug/sansio/__pycache__/__init__.cpython-310.pyc
1747595183|Leonardo|A|/venv/lib/python3.10/site-packages/werkzeug/sansio/__pycache__/http.cpython-310.pyc
1747595183|Leonardo|A|/venv/lib/python3.10/site-packages/werkzeug/sansio/__pycache__/multipart.cpython-310.pyc
1747595183|Leonardo|A|/venv/lib/python3.10/site-packages/werkzeug/sansio/__pycache__/request.cpython-310.pyc
1747595183|Leonardo|A|/venv/lib/python3.10/site-packages/werkzeug/sansio/__pycache__/response.cpython-310.pyc
1747595183|Leonardo|A|/venv/lib/python3.10/site-packages/werkzeug/sansio/__pycache__/utils.cpython-310.pyc
1747595183|Leonardo|A|/venv/lib/python3.10/site-packages/werkzeug/sansio/http.py
1747595183|Leonardo|A|/venv/lib/python3.10/site-packages/werkzeug/sansio/multipart.py
1747595183|Leonardo|A|/venv/lib/python3.10/site-packages/werkzeug/sansio/request.py
1747595183|Leonardo|A|/venv/lib/python3.10/site-packages/werkzeug/sansio/response.py
1747595183|Leonardo|A|/venv/lib/python3.10/site-packages/werkzeug/sansio/utils.py
1747595183|Leonardo|A|/venv/lib/python3.10/site-packages/werkzeug/security.py
1747595183|Leonardo|A|/venv/lib/python3.10/site-packages/werkzeug/serving.py
1747595183|Leonardo|A|/venv/lib/python3.10/site-packages/werkzeug/test.py
1747595183|Leonardo|A|/venv/lib/python3.10/site-packages/werkzeug/testapp.py
1747595183|Leonardo|A|/venv/lib/python3.10/site-packages/werkzeug/urls.py
1747595183|Leonardo|A|/venv/lib/python3.10/site-packages/werkzeug/user_agent.py
1747595183|Leonardo|A|/venv/lib/python3.10/site-packages/werkzeug/utils.py
1747595183|Leonardo|A|/venv/lib/python3.10/site-packages/werkzeug/wrappers/__init__.py
1747595183|Leonardo|A|/venv/lib/python3.10/site-packages/werkzeug/wrappers/__pycache__/__init__.cpython-310.pyc
1747595183|Leonardo|A|/venv/lib/python3.10/site-packages/werkzeug/wrappers/__pycache__/request.cpython-310.pyc
1747595183|Leonardo|A|/venv/lib/python3.10/site-packages/werkzeug/wrappers/__pycache__/response.cpython-310.pyc
1747595183|Leonardo|A|/venv/lib/python3.10/site-packages/werkzeug/wrappers/request.py
1747595183|Leonardo|A|/venv/lib/python3.10/site-packages/werkzeug/wrappers/response.py
1747595183|Leonardo|A|/venv/lib/python3.10/site-packages/werkzeug/wsgi.py
1747595183|Leonardo|A|/venv/lib64
1747595183|Leonardo|A|/venv/pyvenv.cfg
1747595462|Leonardo Souza|M|/README.md
1747595787|Leonardo Souza|M|/README.md
1747596604|Leonardo Souza|M|/README.md
1747596678|Leonardo Souza|M|/README.md
1747596795|Leonardo Souza|M|/README.md
1747596945|Leonardo Souza|M|/README.md
1747596995|Leonardo Souza|M|/README.md
1747597047|Leonardo Souza|M|/README.md
1747597090|Leonardo Souza|M|/README.md
1748229801|Leonardo|M|/.env
1748229801|Leonardo|A|/__pycache__/app.cpython-310.pyc
1748229801|Leonardo|A|/__pycache__/config.cpython-310.pyc
1748229801|Leonardo|A|/__pycache__/models.cpython-310.pyc
1748229801|Leonardo|M|/app.py
1748229801|Leonardo|M|/config.py
1748229801|Leonardo|M|/models.py
1748229801|Leonardo|A|/render.yaml
1748229801|Leonardo|M|/requirements.txt
1748229801|Leonardo|A|/static/imagens/logo-shemoves.png
1748229801|Leonardo|A|/static/styles.css
1748229801|Leonardo|A|/static/uploads/cliente_3/documento.png
1748229801|Leonardo|A|/static/uploads/cliente_3/selfie.png
1748229801|Leonardo|A|/static/uploads/cliente_4/documento.png
1748229801|Leonardo|A|/static/uploads/cliente_4/selfie.png
1748229801|Leonardo|A|/static/uploads/cliente_5/documento.png
1748229801|Leonardo|A|/static/uploads/cliente_5/selfie.png
1748229801|Leonardo|A|/static/uploads/profissional_1/documento.png
1748229801|Leonardo|A|/static/uploads/profissional_1/selfie.png
1748229801|Leonardo|A|/templates/agenda.html
1748229801|Leonardo|A|/templates/aguardando.html
1748229801|Leonardo|A|/templates/cadastro-cliente.html
1748229801|Leonardo|A|/templates/cadastro-profissional.html
1748229801|Leonardo|A|/templates/envio-documentos.html
1748229801|Leonardo|A|/templates/login.html
1748229801|Leonardo|A|/templates/painel-master.html
1748229801|Leonardo|A|/uploads/cliente_2/documento.png
1748229801|Leonardo|A|/uploads/cliente_2/selfie.png
1748230333|Leonardo Souza|M|/requirements.txt
1748230687|Leonardo Souza|M|/requirements.txt
1748230747|Leonardo Souza|M|/requirements.txt
1748230866|Leonardo Souza|M|/requirements.txt
1748487196|Leonardo|M|/.env
1748487196|Leonardo|M|/__pycache__/app.cpython-310.pyc
1748487196|Leonardo|M|/__pycache__/config.cpython-310.pyc
1748487196|Leonardo|M|/__pycache__/models.cpython-310.pyc
1748487196|Leonardo|M|/app.py
1748487196|Leonardo|M|/config.py
1748487196|Leonardo|M|/render.yaml
1748487196|Leonardo|A|/static/imagens/aluna.png
1748487196|Leonardo|A|/static/imagens/avatar.png
1748487196|Leonardo|A|/static/imagens/profissional.png
1748487196|Leonardo|A|/static/login.js
1748487196|Leonardo|A|/static/modalidade_local.css
1748487196|Leonardo|A|/static/styles_escolha.css
1748487196|Leonardo|A|/static/styles_login.css
1748487196|Leonardo|A|/static/uploads/cliente_6/documento.png
1748487196|Leonardo|A|/static/uploads/cliente_6/selfie.png
1748487196|Leonardo|A|/static/uploads/profissional_2/documento.png
1748487196|Leonardo|A|/static/uploads/profissional_2/selfie.png
1748487196|Leonardo|A|/templates/cadastro-escolha.html
1748487196|Leonardo|A|/templates/esqueceu-senha.html
1748487196|Leonardo|M|/templates/login.html
1748487196|Leonardo|A|/templates/modalidade-local.html
1748487196|Leonardo|A|/venv/bin/doesitcache
1748487196|Leonardo|A|/venv/bin/keyring
1748487196|Leonardo|A|/venv/bin/normalizer
1748487196|Leonardo|A|/venv/bin/pkginfo
1748487196|Leonardo|A|/venv/bin/poetry
1748487196|Leonardo|A|/venv/bin/virtualenv
1748487196|Leonardo|A|/venv/lib/python3.10/site-packages/CacheControl-0.12.14.dist-info/INSTALLER
1748487196|Leonardo|A|/venv/lib/python3.10/site-packages/CacheControl-0.12.14.dist-info/LICENSE.txt
1748487196|Leonardo|A|/venv/lib/python3.10/site-packages/CacheControl-0.12.14.dist-info/METADATA
1748487196|Leonardo|A|/venv/lib/python3.10/site-packages/CacheControl-0.12.14.dist-info/RECORD
1748487196|Leonardo|A|/venv/lib/python3.10/site-packages/CacheControl-0.12.14.dist-info/WHEEL
1748487196|Leonardo|A|/venv/lib/python3.10/site-packages/CacheControl-0.12.14.dist-info/entry_points.txt
1748487196|Leonardo|A|/venv/lib/python3.10/site-packages/CacheControl-0.12.14.dist-info/top_level.txt
1748487196|Leonardo|A|/venv/lib/python3.10/site-packages/SecretStorage-3.3.3.dist-info/INSTALLER
1748487196|Leonardo|A|/venv/lib/python3.10/site-packages/SecretStorage-3.3.3.dist-info/LICENSE
1748487196|Leonardo|A|/venv/lib/python3.10/site-packages/SecretStorage-3.3.3.dist-info/METADATA
1748487196|Leonardo|A|/venv/lib/python3.10/site-packages/SecretStorage-3.3.3.dist-info/RECORD
1748487196|Leonardo|A|/venv/lib/python3.10/site-packages/SecretStorage-3.3.3.dist-info/WHEEL
1748487196|Leonardo|A|/venv/lib/python3.10/site-packages/SecretStorage-3.3.3.dist-info/top_level.txt
1748487196|Leonardo|A|/venv/lib/python3.10/site-packages/__pycache__/six.cpython-310.pyc
1748487196|Leonardo|M|/venv/lib/python3.10/site-packages/__pycache__/typing_extensions.cpython-310.pyc
1748487196|Leonardo|A|/venv/lib/python3.10/site-packages/__pycache__/zipp.cpython-310.pyc
1748487196|Leonardo|A|/venv/lib/python3.10/site-packages/_cffi_backend.cpython-310-x86_64-linux-gnu.so
1748487196|Leonardo|M|/venv/lib/python3.10/site-packages/blinker/__pycache__/__init__.cpython-310.pyc
1748487196|Leonardo|M|/venv/lib/python3.10/site-packages/blinker/__pycache__/_utilities.cpython-310.pyc
1748487196|Leonardo|M|/venv/lib/python3.10/site-packages/blinker/__pycache__/base.cpython-310.pyc
1748487196|Leonardo|A|/venv/lib/python3.10/site-packages/cachecontrol/__init__.py
1748487196|Leonardo|A|/venv/lib/python3.10/site-packages/cachecontrol/__pycache__/__init__.cpython-310.pyc
1748487196|Leonardo|A|/venv/lib/python3.10/site-packages/cachecontrol/__pycache__/_cmd.cpython-310.pyc
1748487196|Leonardo|A|/venv/lib/python3.10/site-packages/cachecontrol/__pycache__/adapter.cpython-310.pyc
1748487196|Leonardo|A|/venv/lib/python3.10/site-packages/cachecontrol/__pycache__/cache.cpython-310.pyc
1748487196|Leonardo|A|/venv/lib/python3.10/site-packages/cachecontrol/__pycache__/compat.cpython-310.pyc
1748487196|Leonardo|A|/venv/lib/python3.10/site-packages/cachecontrol/__pycache__/controller.cpython-310.pyc
1748487196|Leonardo|A|/venv/lib/python3.10/site-packages/cachecontrol/__pycache__/filewrapper.cpython-310.pyc
1748487196|Leonardo|A|/venv/lib/python3.10/site-packages/cachecontrol/__pycache__/heuristics.cpython-310.pyc
1748487196|Leonardo|A|/venv/lib/python3.10/site-packages/cachecontrol/__pycache__/serialize.cpython-310.pyc
1748487196|Leonardo|A|/venv/lib/python3.10/site-packages/cachecontrol/__pycache__/wrapper.cpython-310.pyc
1748487196|Leonardo|A|/venv/lib/python3.10/site-packages/cachecontrol/_cmd.py
1748487196|Leonardo|A|/venv/lib/python3.10/site-packages/cachecontrol/adapter.py
1748487196|Leonardo|A|/venv/lib/python3.10/site-packages/cachecontrol/cache.py
1748487196|Leonardo|A|/venv/lib/python3.10/site-packages/cachecontrol/caches/__init__.py
1748487196|Leonardo|A|/venv/lib/python3.10/site-packages/cachecontrol/caches/__pycache__/__init__.cpython-310.pyc
1748487196|Leonardo|A|/venv/lib/python3.10/site-packages/cachecontrol/caches/__pycache__/file_cache.cpython-310.pyc
1748487196|Leonardo|A|/venv/lib/python3.10/site-packages/cachecontrol/caches/__pycache__/redis_cache.cpython-310.pyc
1748487196|Leonardo|A|/venv/lib/python3.10/site-packages/cachecontrol/caches/file_cache.py
1748487196|Leonardo|A|/venv/lib/python3.10/site-packages/cachecontrol/caches/redis_cache.py
1748487196|Leonardo|A|/venv/lib/python3.10/site-packages/cachecontrol/compat.py
1748487196|Leonardo|A|/venv/lib/python3.10/site-packages/cachecontrol/controller.py
1748487196|Leonardo|A|/venv/lib/python3.10/site-packages/cachecontrol/filewrapper.py
1748487196|Leonardo|A|/venv/lib/python3.10/site-packages/cachecontrol/heuristics.py
1748487196|Leonardo|A|/venv/lib/python3.10/site-packages/cachecontrol/serialize.py
1748487196|Leonardo|A|/venv/lib/python3.10/site-packages/cachecontrol/wrapper.py
1748487196|Leonardo|A|/venv/lib/python3.10/site-packages/cachy-0.3.0.dist-info/INSTALLER
1748487196|Leonardo|A|/venv/lib/python3.10/site-packages/cachy-0.3.0.dist-info/LICENSE
1748487196|Leonardo|A|/venv/lib/python3.10/site-packages/cachy-0.3.0.dist-info/METADATA
1748487196|Leonardo|A|/venv/lib/python3.10/site-packages/cachy-0.3.0.dist-info/RECORD
1748487196|Leonardo|A|/venv/lib/python3.10/site-packages/cachy-0.3.0.dist-info/WHEEL
1748487196|Leonardo|A|/venv/lib/python3.10/site-packages/cachy/__init__.py
1748487196|Leonardo|A|/venv/lib/python3.10/site-packages/cachy/__pycache__/__init__.cpython-310.pyc
1748487196|Leonardo|A|/venv/lib/python3.10/site-packages/cachy/__pycache__/cache_manager.cpython-310.pyc
1748487196|Leonardo|A|/venv/lib/python3.10/site-packages/cachy/__pycache__/helpers.cpython-310.pyc
1748487196|Leonardo|A|/venv/lib/python3.10/site-packages/cachy/__pycache__/redis_tagged_cache.cpython-310.pyc
1748487196|Leonardo|A|/venv/lib/python3.10/site-packages/cachy/__pycache__/repository.cpython-310.pyc
1748487196|Leonardo|A|/venv/lib/python3.10/site-packages/cachy/__pycache__/tag_set.cpython-310.pyc
1748487196|Leonardo|A|/venv/lib/python3.10/site-packages/cachy/__pycache__/tagged_cache.cpython-310.pyc
1748487196|Leonardo|A|/venv/lib/python3.10/site-packages/cachy/__pycache__/utils.cpython-310.pyc
1748487196|Leonardo|A|/venv/lib/python3.10/site-packages/cachy/cache_manager.py
1748487196|Leonardo|A|/venv/lib/python3.10/site-packages/cachy/contracts/__init__.py
1748487196|Leonardo|A|/venv/lib/python3.10/site-packages/cachy/contracts/__pycache__/__init__.cpython-310.pyc
1748487196|Leonardo|A|/venv/lib/python3.10/site-packages/cachy/contracts/__pycache__/factory.cpython-310.pyc
1748487196|Leonardo|A|/venv/lib/python3.10/site-packages/cachy/contracts/__pycache__/repository.cpython-310.pyc
1748487196|Leonardo|A|/venv/lib/python3.10/site-packages/cachy/contracts/__pycache__/store.cpython-310.pyc
1748487196|Leonardo|A|/venv/lib/python3.10/site-packages/cachy/contracts/__pycache__/taggable_store.cpython-310.pyc
1748487196|Leonardo|A|/venv/lib/python3.10/site-packages/cachy/contracts/factory.py
1748487196|Leonardo|A|/venv/lib/python3.10/site-packages/cachy/contracts/repository.py
1748487196|Leonardo|A|/venv/lib/python3.10/site-packages/cachy/contracts/store.py
1748487196|Leonardo|A|/venv/lib/python3.10/site-packages/cachy/contracts/taggable_store.py
1748487196|Leonardo|A|/venv/lib/python3.10/site-packages/cachy/helpers.py
1748487196|Leonardo|A|/venv/lib/python3.10/site-packages/cachy/redis_tagged_cache.py
1748487196|Leonardo|A|/venv/lib/python3.10/site-packages/cachy/repository.py
1748487196|Leonardo|A|/venv/lib/python3.10/site-packages/cachy/serializers/__init__.py
1748487196|Leonardo|A|/venv/lib/python3.10/site-packages/cachy/serializers/__pycache__/__init__.cpython-310.pyc
1748487196|Leonardo|A|/venv/lib/python3.10/site-packages/cachy/serializers/__pycache__/json_serializer.cpython-310.pyc
1748487196|Leonardo|A|/venv/lib/python3.10/site-packages/cachy/serializers/__pycache__/msgpack_serializer.cpython-310.pyc
1748487196|Leonardo|A|/venv/lib/python3.10/site-packages/cachy/serializers/__pycache__/pickle_serializer.cpython-310.pyc
1748487196|Leonardo|A|/venv/lib/python3.10/site-packages/cachy/serializers/__pycache__/serializer.cpython-310.pyc
1748487196|Leonardo|A|/venv/lib/python3.10/site-packages/cachy/serializers/json_serializer.py
1748487196|Leonardo|A|/venv/lib/python3.10/site-packages/cachy/serializers/msgpack_serializer.py
1748487196|Leonardo|A|/venv/lib/python3.10/site-packages/cachy/serializers/pickle_serializer.py
1748487196|Leonardo|A|/venv/lib/python3.10/site-packages/cachy/serializers/serializer.py
1748487196|Leonardo|A|/venv/lib/python3.10/site-packages/cachy/stores/__init__.py
1748487196|Leonardo|A|/venv/lib/python3.10/site-packages/cachy/stores/__pycache__/__init__.cpython-310.pyc
1748487196|Leonardo|A|/venv/lib/python3.10/site-packages/cachy/stores/__pycache__/dict_store.cpython-310.pyc
1748487196|Leonardo|A|/venv/lib/python3.10/site-packages/cachy/stores/__pycache__/file_store.cpython-310.pyc
1748487196|Leonardo|A|/venv/lib/python3.10/site-packages/cachy/stores/__pycache__/memcached_store.cpython-310.pyc
1748487196|Leonardo|A|/venv/lib/python3.10/site-packages/cachy/stores/__pycache__/null_store.cpython-310.pyc
1748487196|Leonardo|A|/venv/lib/python3.10/site-packages/cachy/stores/__pycache__/redis_store.cpython-310.pyc
1748487196|Leonardo|A|/venv/lib/python3.10/site-packages/cachy/stores/dict_store.py
1748487196|Leonardo|A|/venv/lib/python3.10/site-packages/cachy/stores/file_store.py
1748487196|Leonardo|A|/venv/lib/python3.10/site-packages/cachy/stores/memcached_store.py
1748487196|Leonardo|A|/venv/lib/python3.10/site-packages/cachy/stores/null_store.py
1748487196|Leonardo|A|/venv/lib/python3.10/site-packages/cachy/stores/redis_store.py
1748487196|Leonardo|A|/venv/lib/python3.10/site-packages/cachy/tag_set.py
1748487196|Leonardo|A|/venv/lib/python3.10/site-packages/cachy/tagged_cache.py
1748487196|Leonardo|A|/venv/lib/python3.10/site-packages/cachy/utils.py
1748487196|Leonardo|A|/venv/lib/python3.10/site-packages/certifi-2025.4.26.dist-info/INSTALLER
1748487196|Leonardo|A|/venv/lib/python3.10/site-packages/certifi-2025.4.26.dist-info/METADATA
1748487196|Leonardo|A|/venv/lib/python3.10/site-packages/certifi-2025.4.26.dist-info/RECORD
1748487196|Leonardo|A|/venv/lib/python3.10/site-packages/certifi-2025.4.26.dist-info/WHEEL
1748487196|Leonardo|A|/venv/lib/python3.10/site-packages/certifi-2025.4.26.dist-info/licenses/LICENSE
1748487196|Leonardo|A|/venv/lib/python3.10/site-packages/certifi-2025.4.26.dist-info/top_level.txt
1748487196|Leonardo|A|/venv/lib/python3.10/site-packages/certifi/__init__.py
1748487196|Leonardo|A|/venv/lib/python3.10/site-packages/certifi/__main__.py
1748487196|Leonardo|A|/venv/lib/python3.10/site-packages/certifi/__pycache__/__init__.cpython-310.pyc
1748487196|Leonardo|A|/venv/lib/python3.10/site-packages/certifi/__pycache__/__main__.cpython-310.pyc
1748487196|Leonardo|A|/venv/lib/python3.10/site-packages/certifi/__pycache__/core.cpython-310.pyc
1748487196|Leonardo|A|/venv/lib/python3.10/site-packages/certifi/cacert.pem
1748487196|Leonardo|A|/venv/lib/python3.10/site-packages/certifi/core.py
1748487196|Leonardo|A|/venv/lib/python3.10/site-packages/certifi/py.typed
1748487196|Leonardo|A|/venv/lib/python3.10/site-packages/cffi-1.17.1.dist-info/INSTALLER
1748487196|Leonardo|A|/venv/lib/python3.10/site-packages/cffi-1.17.1.dist-info/LICENSE
1748487196|Leonardo|A|/venv/lib/python3.10/site-packages/cffi-1.17.1.dist-info/METADATA
1748487196|Leonardo|A|/venv/lib/python3.10/site-packages/cffi-1.17.1.dist-info/RECORD
1748487196|Leonardo|A|/venv/lib/python3.10/site-packages/cffi-1.17.1.dist-info/WHEEL
1748487196|Leonardo|A|/venv/lib/python3.10/site-packages/cffi-1.17.1.dist-info/entry_points.txt
1748487196|Leonardo|A|/venv/lib/python3.10/site-packages/cffi-1.17.1.dist-info/top_level.txt
1748487196|Leonardo|A|/venv/lib/python3.10/site-packages/cffi/__init__.py
1748487196|Leonardo|A|/venv/lib/python3.10/site-packages/cffi/__pycache__/__init__.cpython-310.pyc
1748487196|Leonardo|A|/venv/lib/python3.10/site-packages/cffi/__pycache__/_imp_emulation.cpython-310.pyc
1748487196|Leonardo|A|/venv/lib/python3.10/site-packages/cffi/__pycache__/_shimmed_dist_utils.cpython-310.pyc
1748487196|Leonardo|A|/venv/lib/python3.10/site-packages/cffi/__pycache__/api.cpython-310.pyc
1748487196|Leonardo|A|/venv/lib/python3.10/site-packages/cffi/__pycache__/backend_ctypes.cpython-310.pyc
1748487196|Leonardo|A|/venv/lib/python3.10/site-packages/cffi/__pycache__/cffi_opcode.cpython-310.pyc
1748487196|Leonardo|A|/venv/lib/python3.10/site-packages/cffi/__pycache__/commontypes.cpython-310.pyc
1748487196|Leonardo|A|/venv/lib/python3.10/site-packages/cffi/__pycache__/cparser.cpython-310.pyc
1748487196|Leonardo|A|/venv/lib/python3.10/site-packages/cffi/__pycache__/error.cpython-310.pyc
1748487196|Leonardo|A|/venv/lib/python3.10/site-packages/cffi/__pycache__/ffiplatform.cpython-310.pyc
1748487196|Leonardo|A|/venv/lib/python3.10/site-packages/cffi/__pycache__/lock.cpython-310.pyc
1748487196|Leonardo|A|/venv/lib/python3.10/site-packages/cffi/__pycache__/model.cpython-310.pyc
1748487196|Leonardo|A|/venv/lib/python3.10/site-packages/cffi/__pycache__/pkgconfig.cpython-310.pyc
1748487196|Leonardo|A|/venv/lib/python3.10/site-packages/cffi/__pycache__/recompiler.cpython-310.pyc
1748487196|Leonardo|A|/venv/lib/python3.10/site-packages/cffi/__pycache__/setuptools_ext.cpython-310.pyc
1748487196|Leonardo|A|/venv/lib/python3.10/site-packages/cffi/__pycache__/vengine_cpy.cpython-310.pyc
1748487196|Leonardo|A|/venv/lib/python3.10/site-packages/cffi/__pycache__/vengine_gen.cpython-310.pyc
1748487196|Leonardo|A|/venv/lib/python3.10/site-packages/cffi/__pycache__/verifier.cpython-310.pyc
1748487196|Leonardo|A|/venv/lib/python3.10/site-packages/cffi/_cffi_errors.h
1748487196|Leonardo|A|/venv/lib/python3.10/site-packages/cffi/_cffi_include.h
1748487196|Leonardo|A|/venv/lib/python3.10/site-packages/cffi/_embedding.h
1748487196|Leonardo|A|/venv/lib/python3.10/site-packages/cffi/_imp_emulation.py
1748487196|Leonardo|A|/venv/lib/python3.10/site-packages/cffi/_shimmed_dist_utils.py
1748487196|Leonardo|A|/venv/lib/python3.10/site-packages/cffi/api.py
1748487196|Leonardo|A|/venv/lib/python3.10/site-packages/cffi/backend_ctypes.py
1748487196|Leonardo|A|/venv/lib/python3.10/site-packages/cffi/cffi_opcode.py
1748487196|Leonardo|A|/venv/lib/python3.10/site-packages/cffi/commontypes.py
1748487196|Leonardo|A|/venv/lib/python3.10/site-packages/cffi/cparser.py
1748487196|Leonardo|A|/venv/lib/python3.10/site-packages/cffi/error.py
1748487196|Leonardo|A|/venv/lib/python3.10/site-packages/cffi/ffiplatform.py
1748487196|Leonardo|A|/venv/lib/python3.10/site-packages/cffi/lock.py
1748487196|Leonardo|A|/venv/lib/python3.10/site-packages/cffi/model.py
1748487196|Leonardo|A|/venv/lib/python3.10/site-packages/cffi/parse_c_type.h
1748487196|Leonardo|A|/venv/lib/python3.10/site-packages/cffi/pkgconfig.py
1748487196|Leonardo|A|/venv/lib/python3.10/site-packages/cffi/recompiler.py
1748487196|Leonardo|A|/venv/lib/python3.10/site-packages/cffi/setuptools_ext.py
1748487196|Leonardo|A|/venv/lib/python3.10/site-packages/cffi/vengine_cpy.py
1748487196|Leonardo|A|/venv/lib/python3.10/site-packages/cffi/vengine_gen.py
1748487196|Leonardo|A|/venv/lib/python3.10/site-packages/cffi/verifier.py
1748487196|Leonardo|A|/venv/lib/python3.10/site-packages/charset_normalizer-3.4.2.dist-info/INSTALLER
1748487196|Leonardo|A|/venv/lib/python3.10/site-packages/charset_normalizer-3.4.2.dist-info/METADATA
1748487196|Leonardo|A|/venv/lib/python3.10/site-packages/charset_normalizer-3.4.2.dist-info/RECORD
1748487196|Leonardo|A|/venv/lib/python3.10/site-packages/charset_normalizer-3.4.2.dist-info/WHEEL
1748487196|Leonardo|A|/venv/lib/python3.10/site-packages/charset_normalizer-3.4.2.dist-info/entry_points.txt
1748487196|Leonardo|A|/venv/lib/python3.10/site-packages/charset_normalizer-3.4.2.dist-info/licenses/LICENSE
1748487196|Leonardo|A|/venv/lib/python3.10/site-packages/charset_normalizer-3.4.2.dist-info/top_level.txt
1748487196|Leonardo|A|/venv/lib/python3.10/site-packages/charset_normalizer/__init__.py
1748487196|Leonardo|A|/venv/lib/python3.10/site-packages/charset_normalizer/__main__.py
1748487196|Leonardo|A|/venv/lib/python3.10/site-packages/charset_normalizer/__pycache__/__init__.cpython-310.pyc
1748487196|Leonardo|A|/venv/lib/python3.10/site-packages/charset_normalizer/__pycache__/__main__.cpython-310.pyc
1748487196|Leonardo|A|/venv/lib/python3.10/site-packages/charset_normalizer/__pycache__/api.cpython-310.pyc
1748487196|Leonardo|A|/venv/lib/python3.10/site-packages/charset_normalizer/__pycache__/cd.cpython-310.pyc
1748487196|Leonardo|A|/venv/lib/python3.10/site-packages/charset_normalizer/__pycache__/constant.cpython-310.pyc
1748487196|Leonardo|A|/venv/lib/python3.10/site-packages/charset_normalizer/__pycache__/legacy.cpython-310.pyc
1748487196|Leonardo|A|/venv/lib/python3.10/site-packages/charset_normalizer/__pycache__/md.cpython-310.pyc
1748487196|Leonardo|A|/venv/lib/python3.10/site-packages/charset_normalizer/__pycache__/models.cpython-310.pyc
1748487196|Leonardo|A|/venv/lib/python3.10/site-packages/charset_normalizer/__pycache__/utils.cpython-310.pyc
1748487196|Leonardo|A|/venv/lib/python3.10/site-packages/charset_normalizer/__pycache__/version.cpython-310.pyc
1748487196|Leonardo|A|/venv/lib/python3.10/site-packages/charset_normalizer/api.py
1748487196|Leonardo|A|/venv/lib/python3.10/site-packages/charset_normalizer/cd.py
1748487196|Leonardo|A|/venv/lib/python3.10/site-packages/charset_normalizer/cli/__init__.py
1748487196|Leonardo|A|/venv/lib/python3.10/site-packages/charset_normalizer/cli/__main__.py
1748487196|Leonardo|A|/venv/lib/python3.10/site-packages/charset_normalizer/cli/__pycache__/__init__.cpython-310.pyc
1748487196|Leonardo|A|/venv/lib/python3.10/site-packages/charset_normalizer/cli/__pycache__/__main__.cpython-310.pyc
1748487196|Leonardo|A|/venv/lib/python3.10/site-packages/charset_normalizer/constant.py
1748487196|Leonardo|A|/venv/lib/python3.10/site-packages/charset_normalizer/legacy.py
1748487196|Leonardo|A|/venv/lib/python3.10/site-packages/charset_normalizer/md.cpython-310-x86_64-linux-gnu.so
1748487196|Leonardo|A|/venv/lib/python3.10/site-packages/charset_normalizer/md.py
1748487196|Leonardo|A|/venv/lib/python3.10/site-packages/charset_normalizer/md__mypyc.cpython-310-x86_64-linux-gnu.so
1748487196|Leonardo|A|/venv/lib/python3.10/site-packages/charset_normalizer/models.py
1748487196|Leonardo|A|/venv/lib/python3.10/site-packages/charset_normalizer/py.typed
1748487196|Leonardo|A|/venv/lib/python3.10/site-packages/charset_normalizer/utils.py
1748487196|Leonardo|A|/venv/lib/python3.10/site-packages/charset_normalizer/version.py
1748487196|Leonardo|A|/venv/lib/python3.10/site-packages/cleo-0.8.1.dist-info/INSTALLER
1748487196|Leonardo|A|/venv/lib/python3.10/site-packages/cleo-0.8.1.dist-info/LICENSE
1748487196|Leonardo|A|/venv/lib/python3.10/site-packages/cleo-0.8.1.dist-info/METADATA
1748487196|Leonardo|A|/venv/lib/python3.10/site-packages/cleo-0.8.1.dist-info/RECORD
1748487196|Leonardo|A|/venv/lib/python3.10/site-packages/cleo-0.8.1.dist-info/WHEEL
1748487196|Leonardo|A|/venv/lib/python3.10/site-packages/cleo/__init__.py
1748487196|Leonardo|A|/venv/lib/python3.10/site-packages/cleo/__pycache__/__init__.cpython-310.pyc
1748487196|Leonardo|A|/venv/lib/python3.10/site-packages/cleo/__pycache__/_compat.cpython-310.pyc
1748487196|Leonardo|A|/venv/lib/python3.10/site-packages/cleo/__pycache__/application.cpython-310.pyc
1748487196|Leonardo|A|/venv/lib/python3.10/site-packages/cleo/__pycache__/helpers.cpython-310.pyc
1748487196|Leonardo|A|/venv/lib/python3.10/site-packages/cleo/__pycache__/parser.cpython-310.pyc
1748487196|Leonardo|A|/venv/lib/python3.10/site-packages/cleo/_compat.py
1748487196|Leonardo|A|/venv/lib/python3.10/site-packages/cleo/application.py
1748487196|Leonardo|A|/venv/lib/python3.10/site-packages/cleo/commands/__init__.py
1748487196|Leonardo|A|/venv/lib/python3.10/site-packages/cleo/commands/__pycache__/__init__.cpython-310.pyc
1748487196|Leonardo|A|/venv/lib/python3.10/site-packages/cleo/commands/__pycache__/base_command.cpython-310.pyc
1748487196|Leonardo|A|/venv/lib/python3.10/site-packages/cleo/commands/__pycache__/command.cpython-310.pyc
1748487196|Leonardo|A|/venv/lib/python3.10/site-packages/cleo/commands/__pycache__/completions_command.cpython-310.pyc
1748487196|Leonardo|A|/venv/lib/python3.10/site-packages/cleo/commands/base_command.py
1748487196|Leonardo|A|/venv/lib/python3.10/site-packages/cleo/commands/command.py
1748487196|Leonardo|A|/venv/lib/python3.10/site-packages/cleo/commands/completions/__init__.py
1748487196|Leonardo|A|/venv/lib/python3.10/site-packages/cleo/commands/completions/__pycache__/__init__.cpython-310.pyc
1748487196|Leonardo|A|/venv/lib/python3.10/site-packages/cleo/commands/completions/__pycache__/templates.cpython-310.pyc
1748487196|Leonardo|A|/venv/lib/python3.10/site-packages/cleo/commands/completions/templates.py
1748487196|Leonardo|A|/venv/lib/python3.10/site-packages/cleo/commands/completions_command.py
1748487196|Leonardo|A|/venv/lib/python3.10/site-packages/cleo/config/__init__.py
1748487196|Leonardo|A|/venv/lib/python3.10/site-packages/cleo/config/__pycache__/__init__.cpython-310.pyc
1748487196|Leonardo|A|/venv/lib/python3.10/site-packages/cleo/config/__pycache__/application_config.cpython-310.pyc
1748487196|Leonardo|A|/venv/lib/python3.10/site-packages/cleo/config/application_config.py
1748487196|Leonardo|A|/venv/lib/python3.10/site-packages/cleo/helpers.py
1748487196|Leonardo|A|/venv/lib/python3.10/site-packages/cleo/io/__init__.py
1748487196|Leonardo|A|/venv/lib/python3.10/site-packages/cleo/io/__pycache__/__init__.cpython-310.pyc
1748487196|Leonardo|A|/venv/lib/python3.10/site-packages/cleo/io/__pycache__/buffered_io.cpython-310.pyc
1748487196|Leonardo|A|/venv/lib/python3.10/site-packages/cleo/io/__pycache__/console_io.cpython-310.pyc
1748487196|Leonardo|A|/venv/lib/python3.10/site-packages/cleo/io/__pycache__/io_mixin.cpython-310.pyc
1748487196|Leonardo|A|/venv/lib/python3.10/site-packages/cleo/io/buffered_io.py
1748487196|Leonardo|A|/venv/lib/python3.10/site-packages/cleo/io/console_io.py
1748487196|Leonardo|A|/venv/lib/python3.10/site-packages/cleo/io/io_mixin.py
1748487196|Leonardo|A|/venv/lib/python3.10/site-packages/cleo/parser.py
1748487196|Leonardo|A|/venv/lib/python3.10/site-packages/cleo/testers/__init__.py
1748487196|Leonardo|A|/venv/lib/python3.10/site-packages/cleo/testers/__pycache__/__init__.cpython-310.pyc
1748487196|Leonardo|A|/venv/lib/python3.10/site-packages/cleo/testers/__pycache__/application_tester.cpython-310.pyc
1748487196|Leonardo|A|/venv/lib/python3.10/site-packages/cleo/testers/__pycache__/command_tester.cpython-310.pyc
1748487196|Leonardo|A|/venv/lib/python3.10/site-packages/cleo/testers/application_tester.py
1748487196|Leonardo|A|/venv/lib/python3.10/site-packages/cleo/testers/command_tester.py
1748487196|Leonardo|M|/venv/lib/python3.10/site-packages/click/__pycache__/__init__.cpython-310.pyc
1748487196|Leonardo|M|/venv/lib/python3.10/site-packages/click/__pycache__/_compat.cpython-310.pyc
1748487196|Leonardo|M|/venv/lib/python3.10/site-packages/click/__pycache__/core.cpython-310.pyc
1748487196|Leonardo|M|/venv/lib/python3.10/site-packages/click/__pycache__/decorators.cpython-310.pyc
1748487196|Leonardo|M|/venv/lib/python3.10/site-packages/click/__pycache__/exceptions.cpython-310.pyc
1748487196|Leonardo|M|/venv/lib/python3.10/site-packages/click/__pycache__/formatting.cpython-310.pyc
1748487196|Leonardo|M|/venv/lib/python3.10/site-packages/click/__pycache__/globals.cpython-310.pyc
1748487196|Leonardo|M|/venv/lib/python3.10/site-packages/click/__pycache__/parser.cpython-310.pyc
1748487196|Leonardo|M|/venv/lib/python3.10/site-packages/click/__pycache__/termui.cpython-310.pyc
1748487196|Leonardo|M|/venv/lib/python3.10/site-packages/click/__pycache__/types.cpython-310.pyc
1748487196|Leonardo|M|/venv/lib/python3.10/site-packages/click/__pycache__/utils.cpython-310.pyc
1748487196|Leonardo|A|/venv/lib/python3.10/site-packages/clikit-0.6.2.dist-info/INSTALLER
1748487196|Leonardo|A|/venv/lib/python3.10/site-packages/clikit-0.6.2.dist-info/LICENSE
1748487196|Leonardo|A|/venv/lib/python3.10/site-packages/clikit-0.6.2.dist-info/METADATA
1748487196|Leonardo|A|/venv/lib/python3.10/site-packages/clikit-0.6.2.dist-info/RECORD
1748487196|Leonardo|A|/venv/lib/python3.10/site-packages/clikit-0.6.2.dist-info/WHEEL
1748487196|Leonardo|A|/venv/lib/python3.10/site-packages/clikit/__init__.py
1748487196|Leonardo|A|/venv/lib/python3.10/site-packages/clikit/__pycache__/__init__.cpython-310.pyc
1748487196|Leonardo|A|/venv/lib/python3.10/site-packages/clikit/__pycache__/console_application.cpython-310.pyc
1748487196|Leonardo|A|/venv/lib/python3.10/site-packages/clikit/adapter/__init__.py
1748487196|Leonardo|A|/venv/lib/python3.10/site-packages/clikit/adapter/__pycache__/__init__.cpython-310.pyc
1748487196|Leonardo|A|/venv/lib/python3.10/site-packages/clikit/adapter/__pycache__/style_converter.cpython-310.pyc
1748487196|Leonardo|A|/venv/lib/python3.10/site-packages/clikit/adapter/style_converter.py
1748487196|Leonardo|A|/venv/lib/python3.10/site-packages/clikit/api/__init__.py
1748487196|Leonardo|A|/venv/lib/python3.10/site-packages/clikit/api/__pycache__/__init__.cpython-310.pyc
1748487196|Leonardo|A|/venv/lib/python3.10/site-packages/clikit/api/__pycache__/exceptions.cpython-310.pyc
1748487196|Leonardo|A|/venv/lib/python3.10/site-packages/clikit/api/application/__init__.py
1748487196|Leonardo|A|/venv/lib/python3.10/site-packages/clikit/api/application/__pycache__/__init__.cpython-310.pyc
1748487196|Leonardo|A|/venv/lib/python3.10/site-packages/clikit/api/application/__pycache__/application.cpython-310.pyc
1748487196|Leonardo|A|/venv/lib/python3.10/site-packages/clikit/api/application/application.py
1748487196|Leonardo|A|/venv/lib/python3.10/site-packages/clikit/api/args/__init__.py
1748487196|Leonardo|A|/venv/lib/python3.10/site-packages/clikit/api/args/__pycache__/__init__.cpython-310.pyc
1748487196|Leonardo|A|/venv/lib/python3.10/site-packages/clikit/api/args/__pycache__/args.cpython-310.pyc
1748487196|Leonardo|A|/venv/lib/python3.10/site-packages/clikit/api/args/__pycache__/args_parser.cpython-310.pyc
1748487196|Leonardo|A|/venv/lib/python3.10/site-packages/clikit/api/args/__pycache__/exceptions.cpython-310.pyc
1748487196|Leonardo|A|/venv/lib/python3.10/site-packages/clikit/api/args/__pycache__/raw_args.cpython-310.pyc
1748487196|Leonardo|A|/venv/lib/python3.10/site-packages/clikit/api/args/args.py
1748487196|Leonardo|A|/venv/lib/python3.10/site-packages/clikit/api/args/args_parser.py
1748487196|Leonardo|A|/venv/lib/python3.10/site-packages/clikit/api/args/exceptions.py
1748487196|Leonardo|A|/venv/lib/python3.10/site-packages/clikit/api/args/format/__init__.py
1748487196|Leonardo|A|/venv/lib/python3.10/site-packages/clikit/api/args/format/__pycache__/__init__.cpython-310.pyc
1748487196|Leonardo|A|/venv/lib/python3.10/site-packages/clikit/api/args/format/__pycache__/abstract_option.cpython-310.pyc
1748487196|Leonardo|A|/venv/lib/python3.10/site-packages/clikit/api/args/format/__pycache__/args_format.cpython-310.pyc
1748487196|Leonardo|A|/venv/lib/python3.10/site-packages/clikit/api/args/format/__pycache__/args_format_builder.cpython-310.pyc
1748487196|Leonardo|A|/venv/lib/python3.10/site-packages/clikit/api/args/format/__pycache__/argument.cpython-310.pyc
1748487196|Leonardo|A|/venv/lib/python3.10/site-packages/clikit/api/args/format/__pycache__/command_name.cpython-310.pyc
1748487196|Leonardo|A|/venv/lib/python3.10/site-packages/clikit/api/args/format/__pycache__/command_option.cpython-310.pyc
1748487196|Leonardo|A|/venv/lib/python3.10/site-packages/clikit/api/args/format/__pycache__/option.cpython-310.pyc
1748487196|Leonardo|A|/venv/lib/python3.10/site-packages/clikit/api/args/format/abstract_option.py
1748487196|Leonardo|A|/venv/lib/python3.10/site-packages/clikit/api/args/format/args_format.py
1748487196|Leonardo|A|/venv/lib/python3.10/site-packages/clikit/api/args/format/args_format_builder.py
1748487196|Leonardo|A|/venv/lib/python3.10/site-packages/clikit/api/args/format/argument.py
1748487196|Leonardo|A|/venv/lib/python3.10/site-packages/clikit/api/args/format/command_name.py
1748487196|Leonardo|A|/venv/lib/python3.10/site-packages/clikit/api/args/format/command_option.py
1748487196|Leonardo|A|/venv/lib/python3.10/site-packages/clikit/api/args/format/option.py
1748487196|Leonardo|A|/venv/lib/python3.10/site-packages/clikit/api/args/raw_args.py
1748487196|Leonardo|A|/venv/lib/python3.10/site-packages/clikit/api/command/__init__.py
1748487196|Leonardo|A|/venv/lib/python3.10/site-packages/clikit/api/command/__pycache__/__init__.cpython-310.pyc
1748487196|Leonardo|A|/venv/lib/python3.10/site-packages/clikit/api/command/__pycache__/command.cpython-310.pyc
1748487196|Leonardo|A|/venv/lib/python3.10/site-packages/clikit/api/command/__pycache__/command_collection.cpython-310.pyc
1748487196|Leonardo|A|/venv/lib/python3.10/site-packages/clikit/api/command/__pycache__/exceptions.cpython-310.pyc
1748487196|Leonardo|A|/venv/lib/python3.10/site-packages/clikit/api/command/command.py
1748487196|Leonardo|A|/venv/lib/python3.10/site-packages/clikit/api/command/command_collection.py
1748487196|Leonardo|A|/venv/lib/python3.10/site-packages/clikit/api/command/exceptions.py
1748487196|Leonardo|A|/venv/lib/python3.10/site-packages/clikit/api/config/__init__.py
1748487196|Leonardo|A|/venv/lib/python3.10/site-packages/clikit/api/config/__pycache__/__init__.cpython-310.pyc
1748487196|Leonardo|A|/venv/lib/python3.10/site-packages/clikit/api/config/__pycache__/application_config.cpython-310.pyc
1748487196|Leonardo|A|/venv/lib/python3.10/site-packages/clikit/api/config/__pycache__/command_config.cpython-310.pyc
1748487196|Leonardo|A|/venv/lib/python3.10/site-packages/clikit/api/config/__pycache__/config.cpython-310.pyc
1748487196|Leonardo|A|/venv/lib/python3.10/site-packages/clikit/api/config/application_config.py
1748487196|Leonardo|A|/venv/lib/python3.10/site-packages/clikit/api/config/command_config.py
1748487196|Leonardo|A|/venv/lib/python3.10/site-packages/clikit/api/config/config.py
1748487196|Leonardo|A|/venv/lib/python3.10/site-packages/clikit/api/event/__init__.py
1748487196|Leonardo|A|/venv/lib/python3.10/site-packages/clikit/api/event/__pycache__/__init__.cpython-310.pyc
1748487196|Leonardo|A|/venv/lib/python3.10/site-packages/clikit/api/event/__pycache__/config_event.cpython-310.pyc
1748487196|Leonardo|A|/venv/lib/python3.10/site-packages/clikit/api/event/__pycache__/console_events.cpython-310.pyc
1748487196|Leonardo|A|/venv/lib/python3.10/site-packages/clikit/api/event/__pycache__/event.cpython-310.pyc
1748487196|Leonardo|A|/venv/lib/python3.10/site-packages/clikit/api/event/__pycache__/event_dispatcher.cpython-310.pyc
1748487196|Leonardo|A|/venv/lib/python3.10/site-packages/clikit/api/event/__pycache__/pre_handle_event.cpython-310.pyc
1748487196|Leonardo|A|/venv/lib/python3.10/site-packages/clikit/api/event/__pycache__/pre_resolve_event.cpython-310.pyc
1748487196|Leonardo|A|/venv/lib/python3.10/site-packages/clikit/api/event/config_event.py
1748487196|Leonardo|A|/venv/lib/python3.10/site-packages/clikit/api/event/console_events.py
1748487196|Leonardo|A|/venv/lib/python3.10/site-packages/clikit/api/event/event.py
1748487196|Leonardo|A|/venv/lib/python3.10/site-packages/clikit/api/event/event_dispatcher.py
1748487196|Leonardo|A|/venv/lib/python3.10/site-packages/clikit/api/event/pre_handle_event.py
1748487196|Leonardo|A|/venv/lib/python3.10/site-packages/clikit/api/event/pre_resolve_event.py
1748487196|Leonardo|A|/venv/lib/python3.10/site-packages/clikit/api/exceptions.py
1748487196|Leonardo|A|/venv/lib/python3.10/site-packages/clikit/api/formatter/__init__.py
1748487196|Leonardo|A|/venv/lib/python3.10/site-packages/clikit/api/formatter/__pycache__/__init__.cpython-310.pyc
1748487196|Leonardo|A|/venv/lib/python3.10/site-packages/clikit/api/formatter/__pycache__/formatter.cpython-310.pyc
1748487196|Leonardo|A|/venv/lib/python3.10/site-packages/clikit/api/formatter/__pycache__/style.cpython-310.pyc
1748487196|Leonardo|A|/venv/lib/python3.10/site-packages/clikit/api/formatter/__pycache__/style_set.cpython-310.pyc
1748487196|Leonardo|A|/venv/lib/python3.10/site-packages/clikit/api/formatter/formatter.py
1748487196|Leonardo|A|/venv/lib/python3.10/site-packages/clikit/api/formatter/style.py
1748487196|Leonardo|A|/venv/lib/python3.10/site-packages/clikit/api/formatter/style_set.py
1748487196|Leonardo|A|/venv/lib/python3.10/site-packages/clikit/api/io/__init__.py
1748487196|Leonardo|A|/venv/lib/python3.10/site-packages/clikit/api/io/__pycache__/__init__.cpython-310.pyc
1748487196|Leonardo|A|/venv/lib/python3.10/site-packages/clikit/api/io/__pycache__/flags.cpython-310.pyc
1748487196|Leonardo|A|/venv/lib/python3.10/site-packages/clikit/api/io/__pycache__/input.cpython-310.pyc
1748487196|Leonardo|A|/venv/lib/python3.10/site-packages/clikit/api/io/__pycache__/input_stream.cpython-310.pyc
1748487196|Leonardo|A|/venv/lib/python3.10/site-packages/clikit/api/io/__pycache__/io.cpython-310.pyc
1748487196|Leonardo|A|/venv/lib/python3.10/site-packages/clikit/api/io/__pycache__/io_exception.cpython-310.pyc
1748487196|Leonardo|A|/venv/lib/python3.10/site-packages/clikit/api/io/__pycache__/output.cpython-310.pyc
1748487196|Leonardo|A|/venv/lib/python3.10/site-packages/clikit/api/io/__pycache__/output_stream.cpython-310.pyc
1748487196|Leonardo|A|/venv/lib/python3.10/site-packages/clikit/api/io/__pycache__/section_output.cpython-310.pyc
1748487196|Leonardo|A|/venv/lib/python3.10/site-packages/clikit/api/io/flags.py
1748487196|Leonardo|A|/venv/lib/python3.10/site-packages/clikit/api/io/input.py
1748487196|Leonardo|A|/venv/lib/python3.10/site-packages/clikit/api/io/input_stream.py
1748487196|Leonardo|A|/venv/lib/python3.10/site-packages/clikit/api/io/io.py
1748487196|Leonardo|A|/venv/lib/python3.10/site-packages/clikit/api/io/io_exception.py
1748487196|Leonardo|A|/venv/lib/python3.10/site-packages/clikit/api/io/output.py
1748487196|Leonardo|A|/venv/lib/python3.10/site-packages/clikit/api/io/output_stream.py
1748487196|Leonardo|A|/venv/lib/python3.10/site-packages/clikit/api/io/section_output.py
1748487196|Leonardo|A|/venv/lib/python3.10/site-packages/clikit/api/resolver/__init__.py
1748487196|Leonardo|A|/venv/lib/python3.10/site-packages/clikit/api/resolver/__pycache__/__init__.cpython-310.pyc
1748487196|Leonardo|A|/venv/lib/python3.10/site-packages/clikit/api/resolver/__pycache__/command_resolver.cpython-310.pyc
1748487196|Leonardo|A|/venv/lib/python3.10/site-packages/clikit/api/resolver/__pycache__/exceptions.cpython-310.pyc
1748487196|Leonardo|A|/venv/lib/python3.10/site-packages/clikit/api/resolver/__pycache__/resolved_command.cpython-310.pyc
1748487196|Leonardo|A|/venv/lib/python3.10/site-packages/clikit/api/resolver/command_resolver.py
1748487196|Leonardo|A|/venv/lib/python3.10/site-packages/clikit/api/resolver/exceptions.py
1748487196|Leonardo|A|/venv/lib/python3.10/site-packages/clikit/api/resolver/resolved_command.py
1748487196|Leonardo|A|/venv/lib/python3.10/site-packages/clikit/args/__init__.py
1748487196|Leonardo|A|/venv/lib/python3.10/site-packages/clikit/args/__pycache__/__init__.cpython-310.pyc
1748487196|Leonardo|A|/venv/lib/python3.10/site-packages/clikit/args/__pycache__/argv_args.cpython-310.pyc
1748487196|Leonardo|A|/venv/lib/python3.10/site-packages/clikit/args/__pycache__/default_args_parser.cpython-310.pyc
1748487196|Leonardo|A|/venv/lib/python3.10/site-packages/clikit/args/__pycache__/string_args.cpython-310.pyc
1748487196|Leonardo|A|/venv/lib/python3.10/site-packages/clikit/args/__pycache__/token_parser.cpython-310.pyc
1748487196|Leonardo|A|/venv/lib/python3.10/site-packages/clikit/args/argv_args.py
1748487196|Leonardo|A|/venv/lib/python3.10/site-packages/clikit/args/default_args_parser.py
1748487196|Leonardo|A|/venv/lib/python3.10/site-packages/clikit/args/inputs/__init__.py
1748487196|Leonardo|A|/venv/lib/python3.10/site-packages/clikit/args/inputs/__pycache__/__init__.cpython-310.pyc
1748487196|Leonardo|A|/venv/lib/python3.10/site-packages/clikit/args/string_args.py
1748487196|Leonardo|A|/venv/lib/python3.10/site-packages/clikit/args/token_parser.py
1748487196|Leonardo|A|/venv/lib/python3.10/site-packages/clikit/config/__init__.py
1748487196|Leonardo|A|/venv/lib/python3.10/site-packages/clikit/config/__pycache__/__init__.cpython-310.pyc
1748487196|Leonardo|A|/venv/lib/python3.10/site-packages/clikit/config/__pycache__/default_application_config.cpython-310.pyc
1748487196|Leonardo|A|/venv/lib/python3.10/site-packages/clikit/config/default_application_config.py
1748487196|Leonardo|A|/venv/lib/python3.10/site-packages/clikit/console_application.py
1748487196|Leonardo|A|/venv/lib/python3.10/site-packages/clikit/formatter/__init__.py
1748487196|Leonardo|A|/venv/lib/python3.10/site-packages/clikit/formatter/__pycache__/__init__.cpython-310.pyc
1748487196|Leonardo|A|/venv/lib/python3.10/site-packages/clikit/formatter/__pycache__/ansi_formatter.cpython-310.pyc
1748487196|Leonardo|A|/venv/lib/python3.10/site-packages/clikit/formatter/__pycache__/default_style_set.cpython-310.pyc
1748487196|Leonardo|A|/venv/lib/python3.10/site-packages/clikit/formatter/__pycache__/null_formatter.cpython-310.pyc
1748487196|Leonardo|A|/venv/lib/python3.10/site-packages/clikit/formatter/__pycache__/plain_formatter.cpython-310.pyc
1748487196|Leonardo|A|/venv/lib/python3.10/site-packages/clikit/formatter/ansi_formatter.py
1748487196|Leonardo|A|/venv/lib/python3.10/site-packages/clikit/formatter/default_style_set.py
1748487196|Leonardo|A|/venv/lib/python3.10/site-packages/clikit/formatter/null_formatter.py
1748487196|Leonardo|A|/venv/lib/python3.10/site-packages/clikit/formatter/plain_formatter.py
1748487196|Leonardo|A|/venv/lib/python3.10/site-packages/clikit/handler/__init__.py
1748487196|Leonardo|A|/venv/lib/python3.10/site-packages/clikit/handler/__pycache__/__init__.cpython-310.pyc
1748487196|Leonardo|A|/venv/lib/python3.10/site-packages/clikit/handler/__pycache__/callback_handler.cpython-310.pyc
1748487196|Leonardo|A|/venv/lib/python3.10/site-packages/clikit/handler/callback_handler.py
1748487196|Leonardo|A|/venv/lib/python3.10/site-packages/clikit/handler/help/__init__.py
1748487196|Leonardo|A|/venv/lib/python3.10/site-packages/clikit/handler/help/__pycache__/__init__.cpython-310.pyc
1748487196|Leonardo|A|/venv/lib/python3.10/site-packages/clikit/handler/help/__pycache__/help_handler.cpython-310.pyc
1748487196|Leonardo|A|/venv/lib/python3.10/site-packages/clikit/handler/help/__pycache__/help_text_handler.cpython-310.pyc
1748487196|Leonardo|A|/venv/lib/python3.10/site-packages/clikit/handler/help/help_handler.py
1748487196|Leonardo|A|/venv/lib/python3.10/site-packages/clikit/handler/help/help_text_handler.py
1748487196|Leonardo|A|/venv/lib/python3.10/site-packages/clikit/io/__init__.py
1748487196|Leonardo|A|/venv/lib/python3.10/site-packages/clikit/io/__pycache__/__init__.cpython-310.pyc
1748487196|Leonardo|A|/venv/lib/python3.10/site-packages/clikit/io/__pycache__/buffered_io.cpython-310.pyc
1748487196|Leonardo|A|/venv/lib/python3.10/site-packages/clikit/io/__pycache__/console_io.cpython-310.pyc
1748487196|Leonardo|A|/venv/lib/python3.10/site-packages/clikit/io/__pycache__/null_io.cpython-310.pyc
1748487196|Leonardo|A|/venv/lib/python3.10/site-packages/clikit/io/buffered_io.py
1748487196|Leonardo|A|/venv/lib/python3.10/site-packages/clikit/io/console_io.py
1748487196|Leonardo|A|/venv/lib/python3.10/site-packages/clikit/io/input_stream/__init__.py
1748487196|Leonardo|A|/venv/lib/python3.10/site-packages/clikit/io/input_stream/__pycache__/__init__.cpython-310.pyc
1748487196|Leonardo|A|/venv/lib/python3.10/site-packages/clikit/io/input_stream/__pycache__/null_input_stream.cpython-310.pyc
1748487196|Leonardo|A|/venv/lib/python3.10/site-packages/clikit/io/input_stream/__pycache__/standard_input_stream.cpython-310.pyc
1748487196|Leonardo|A|/venv/lib/python3.10/site-packages/clikit/io/input_stream/__pycache__/stream_input_stream.cpython-310.pyc
1748487196|Leonardo|A|/venv/lib/python3.10/site-packages/clikit/io/input_stream/__pycache__/string_input_stream.cpython-310.pyc
1748487196|Leonardo|A|/venv/lib/python3.10/site-packages/clikit/io/input_stream/null_input_stream.py
1748487196|Leonardo|A|/venv/lib/python3.10/site-packages/clikit/io/input_stream/standard_input_stream.py
1748487196|Leonardo|A|/venv/lib/python3.10/site-packages/clikit/io/input_stream/stream_input_stream.py
1748487196|Leonardo|A|/venv/lib/python3.10/site-packages/clikit/io/input_stream/string_input_stream.py
1748487196|Leonardo|A|/venv/lib/python3.10/site-packages/clikit/io/null_io.py
1748487196|Leonardo|A|/venv/lib/python3.10/site-packages/clikit/io/output_stream/__init__.py
1748487196|Leonardo|A|/venv/lib/python3.10/site-packages/clikit/io/output_stream/__pycache__/__init__.cpython-310.pyc
1748487196|Leonardo|A|/venv/lib/python3.10/site-packages/clikit/io/output_stream/__pycache__/buffered_output_stream.cpython-310.pyc
1748487196|Leonardo|A|/venv/lib/python3.10/site-packages/clikit/io/output_stream/__pycache__/error_output_stream.cpython-310.pyc
1748487196|Leonardo|A|/venv/lib/python3.10/site-packages/clikit/io/output_stream/__pycache__/null_output_stream.cpython-310.pyc
1748487196|Leonardo|A|/venv/lib/python3.10/site-packages/clikit/io/output_stream/__pycache__/standard_output_stream.cpython-310.pyc
1748487196|Leonardo|A|/venv/lib/python3.10/site-packages/clikit/io/output_stream/__pycache__/stream_output_stream.cpython-310.pyc
1748487196|Leonardo|A|/venv/lib/python3.10/site-packages/clikit/io/output_stream/buffered_output_stream.py
1748487196|Leonardo|A|/venv/lib/python3.10/site-packages/clikit/io/output_stream/error_output_stream.py
1748487196|Leonardo|A|/venv/lib/python3.10/site-packages/clikit/io/output_stream/null_output_stream.py
1748487196|Leonardo|A|/venv/lib/python3.10/site-packages/clikit/io/output_stream/standard_output_stream.py
1748487196|Leonardo|A|/venv/lib/python3.10/site-packages/clikit/io/output_stream/stream_output_stream.py
1748487196|Leonardo|A|/venv/lib/python3.10/site-packages/clikit/resolver/__init__.py
1748487196|Leonardo|A|/venv/lib/python3.10/site-packages/clikit/resolver/__pycache__/__init__.cpython-310.pyc
1748487196|Leonardo|A|/venv/lib/python3.10/site-packages/clikit/resolver/__pycache__/default_resolver.cpython-310.pyc
1748487196|Leonardo|A|/venv/lib/python3.10/site-packages/clikit/resolver/__pycache__/help_resolver.cpython-310.pyc
1748487196|Leonardo|A|/venv/lib/python3.10/site-packages/clikit/resolver/__pycache__/resolve_result.cpython-310.pyc
1748487196|Leonardo|A|/venv/lib/python3.10/site-packages/clikit/resolver/default_resolver.py
1748487196|Leonardo|A|/venv/lib/python3.10/site-packages/clikit/resolver/help_resolver.py
1748487196|Leonardo|A|/venv/lib/python3.10/site-packages/clikit/resolver/resolve_result.py
1748487196|Leonardo|A|/venv/lib/python3.10/site-packages/clikit/ui/__init__.py
1748487196|Leonardo|A|/venv/lib/python3.10/site-packages/clikit/ui/__pycache__/__init__.cpython-310.pyc
1748487196|Leonardo|A|/venv/lib/python3.10/site-packages/clikit/ui/__pycache__/component.cpython-310.pyc
1748487196|Leonardo|A|/venv/lib/python3.10/site-packages/clikit/ui/__pycache__/rectangle.cpython-310.pyc
1748487196|Leonardo|A|/venv/lib/python3.10/site-packages/clikit/ui/alignment/__init__.py
1748487196|Leonardo|A|/venv/lib/python3.10/site-packages/clikit/ui/alignment/__pycache__/__init__.cpython-310.pyc
1748487196|Leonardo|A|/venv/lib/python3.10/site-packages/clikit/ui/alignment/__pycache__/label_alignment.cpython-310.pyc
1748487196|Leonardo|A|/venv/lib/python3.10/site-packages/clikit/ui/alignment/label_alignment.py
1748487196|Leonardo|A|/venv/lib/python3.10/site-packages/clikit/ui/component.py
1748487196|Leonardo|A|/venv/lib/python3.10/site-packages/clikit/ui/components/__init__.py
1748487196|Leonardo|A|/venv/lib/python3.10/site-packages/clikit/ui/components/__pycache__/__init__.cpython-310.pyc
1748487196|Leonardo|A|/venv/lib/python3.10/site-packages/clikit/ui/components/__pycache__/border_util.cpython-310.pyc
1748487196|Leonardo|A|/venv/lib/python3.10/site-packages/clikit/ui/components/__pycache__/cell_wrapper.cpython-310.pyc
1748487196|Leonardo|A|/venv/lib/python3.10/site-packages/clikit/ui/components/__pycache__/choice_question.cpython-310.pyc
1748487196|Leonardo|A|/venv/lib/python3.10/site-packages/clikit/ui/components/__pycache__/confirmation_question.cpython-310.pyc
1748487196|Leonardo|A|/venv/lib/python3.10/site-packages/clikit/ui/components/__pycache__/empty_line.cpython-310.pyc
1748487196|Leonardo|A|/venv/lib/python3.10/site-packages/clikit/ui/components/__pycache__/exception_trace.cpython-310.pyc
1748487196|Leonardo|A|/venv/lib/python3.10/site-packages/clikit/ui/components/__pycache__/labeled_paragraph.cpython-310.pyc
1748487196|Leonardo|A|/venv/lib/python3.10/site-packages/clikit/ui/components/__pycache__/name_version.cpython-310.pyc
1748487196|Leonardo|A|/venv/lib/python3.10/site-packages/clikit/ui/components/__pycache__/paragraph.cpython-310.pyc
1748487196|Leonardo|A|/venv/lib/python3.10/site-packages/clikit/ui/components/__pycache__/progress_bar.cpython-310.pyc
1748487196|Leonardo|A|/venv/lib/python3.10/site-packages/clikit/ui/components/__pycache__/progress_indicator.cpython-310.pyc
1748487196|Leonardo|A|/venv/lib/python3.10/site-packages/clikit/ui/components/__pycache__/question.cpython-310.pyc
1748487196|Leonardo|A|/venv/lib/python3.10/site-packages/clikit/ui/components/__pycache__/table.cpython-310.pyc
1748487196|Leonardo|A|/venv/lib/python3.10/site-packages/clikit/ui/components/border_util.py
1748487196|Leonardo|A|/venv/lib/python3.10/site-packages/clikit/ui/components/cell_wrapper.py
1748487196|Leonardo|A|/venv/lib/python3.10/site-packages/clikit/ui/components/choice_question.py
1748487196|Leonardo|A|/venv/lib/python3.10/site-packages/clikit/ui/components/confirmation_question.py
1748487196|Leonardo|A|/venv/lib/python3.10/site-packages/clikit/ui/components/empty_line.py
1748487196|Leonardo|A|/venv/lib/python3.10/site-packages/clikit/ui/components/exception_trace.py
1748487196|Leonardo|A|/venv/lib/python3.10/site-packages/clikit/ui/components/labeled_paragraph.py
1748487196|Leonardo|A|/venv/lib/python3.10/site-packages/clikit/ui/components/name_version.py
1748487196|Leonardo|A|/venv/lib/python3.10/site-packages/clikit/ui/components/paragraph.py
1748487196|Leonardo|A|/venv/lib/python3.10/site-packages/clikit/ui/components/progress_bar.py
1748487196|Leonardo|A|/venv/lib/python3.10/site-packages/clikit/ui/components/progress_indicator.py
1748487196|Leonardo|A|/venv/lib/python3.10/site-packages/clikit/ui/components/question.py
1748487196|Leonardo|A|/venv/lib/python3.10/site-packages/clikit/ui/components/table.py
1748487196|Leonardo|A|/venv/lib/python3.10/site-packages/clikit/ui/help/__init__.py
1748487196|Leonardo|A|/venv/lib/python3.10/site-packages/clikit/ui/help/__pycache__/__init__.cpython-310.pyc
1748487196|Leonardo|A|/venv/lib/python3.10/site-packages/clikit/ui/help/__pycache__/abstract_help.cpython-310.pyc
1748487196|Leonardo|A|/venv/lib/python3.10/site-packages/clikit/ui/help/__pycache__/application_help.cpython-310.pyc
1748487196|Leonardo|A|/venv/lib/python3.10/site-packages/clikit/ui/help/__pycache__/command_help.cpython-310.pyc
1748487196|Leonardo|A|/venv/lib/python3.10/site-packages/clikit/ui/help/abstract_help.py
1748487196|Leonardo|A|/venv/lib/python3.10/site-packages/clikit/ui/help/application_help.py
1748487196|Leonardo|A|/venv/lib/python3.10/site-packages/clikit/ui/help/command_help.py
1748487196|Leonardo|A|/venv/lib/python3.10/site-packages/clikit/ui/layout/__init__.py
1748487196|Leonardo|A|/venv/lib/python3.10/site-packages/clikit/ui/layout/__pycache__/__init__.cpython-310.pyc
1748487196|Leonardo|A|/venv/lib/python3.10/site-packages/clikit/ui/layout/__pycache__/block_layout.cpython-310.pyc
1748487196|Leonardo|A|/venv/lib/python3.10/site-packages/clikit/ui/layout/block_layout.py
1748487196|Leonardo|A|/venv/lib/python3.10/site-packages/clikit/ui/rectangle.py
1748487196|Leonardo|A|/venv/lib/python3.10/site-packages/clikit/ui/style/__init__.py
1748487196|Leonardo|A|/venv/lib/python3.10/site-packages/clikit/ui/style/__pycache__/__init__.cpython-310.pyc
1748487196|Leonardo|A|/venv/lib/python3.10/site-packages/clikit/ui/style/__pycache__/alignment.cpython-310.pyc
1748487196|Leonardo|A|/venv/lib/python3.10/site-packages/clikit/ui/style/__pycache__/border_style.cpython-310.pyc
1748487196|Leonardo|A|/venv/lib/python3.10/site-packages/clikit/ui/style/__pycache__/table_style.cpython-310.pyc
1748487196|Leonardo|A|/venv/lib/python3.10/site-packages/clikit/ui/style/alignment.py
1748487196|Leonardo|A|/venv/lib/python3.10/site-packages/clikit/ui/style/border_style.py
1748487196|Leonardo|A|/venv/lib/python3.10/site-packages/clikit/ui/style/table_style.py
1748487196|Leonardo|A|/venv/lib/python3.10/site-packages/clikit/utils/__init__.py
1748487196|Leonardo|A|/venv/lib/python3.10/site-packages/clikit/utils/__pycache__/__init__.cpython-310.pyc
1748487196|Leonardo|A|/venv/lib/python3.10/site-packages/clikit/utils/__pycache__/_compat.cpython-310.pyc
1748487196|Leonardo|A|/venv/lib/python3.10/site-packages/clikit/utils/__pycache__/command.cpython-310.pyc
1748487196|Leonardo|A|/venv/lib/python3.10/site-packages/clikit/utils/__pycache__/string.cpython-310.pyc
1748487196|Leonardo|A|/venv/lib/python3.10/site-packages/clikit/utils/__pycache__/terminal.cpython-310.pyc
1748487196|Leonardo|A|/venv/lib/python3.10/site-packages/clikit/utils/__pycache__/time.cpython-310.pyc
1748487196|Leonardo|A|/venv/lib/python3.10/site-packages/clikit/utils/_compat.py
1748487196|Leonardo|A|/venv/lib/python3.10/site-packages/clikit/utils/command.py
1748487196|Leonardo|A|/venv/lib/python3.10/site-packages/clikit/utils/string.py
1748487196|Leonardo|A|/venv/lib/python3.10/site-packages/clikit/utils/terminal.py
1748487196|Leonardo|A|/venv/lib/python3.10/site-packages/clikit/utils/time.py
1748487196|Leonardo|A|/venv/lib/python3.10/site-packages/crashtest-0.3.1.dist-info/INSTALLER
1748487196|Leonardo|A|/venv/lib/python3.10/site-packages/crashtest-0.3.1.dist-info/LICENSE
1748487196|Leonardo|A|/venv/lib/python3.10/site-packages/crashtest-0.3.1.dist-info/METADATA
1748487196|Leonardo|A|/venv/lib/python3.10/site-packages/crashtest-0.3.1.dist-info/RECORD
1748487196|Leonardo|A|/venv/lib/python3.10/site-packages/crashtest-0.3.1.dist-info/WHEEL
1748487196|Leonardo|A|/venv/lib/python3.10/site-packages/crashtest/__init__.py
1748487196|Leonardo|A|/venv/lib/python3.10/site-packages/crashtest/__pycache__/__init__.cpython-310.pyc
1748487196|Leonardo|A|/venv/lib/python3.10/site-packages/crashtest/__pycache__/frame.cpython-310.pyc
1748487196|Leonardo|A|/venv/lib/python3.10/site-packages/crashtest/__pycache__/frame_collection.cpython-310.pyc
1748487196|Leonardo|A|/venv/lib/python3.10/site-packages/crashtest/__pycache__/inspector.cpython-310.pyc
1748487196|Leonardo|A|/venv/lib/python3.10/site-packages/crashtest/contracts/__init__.py
1748487196|Leonardo|A|/venv/lib/python3.10/site-packages/crashtest/contracts/__pycache__/__init__.cpython-310.pyc
1748487196|Leonardo|A|/venv/lib/python3.10/site-packages/crashtest/contracts/__pycache__/base_solution.cpython-310.pyc
1748487196|Leonardo|A|/venv/lib/python3.10/site-packages/crashtest/contracts/__pycache__/has_solutions_for_exception.cpython-310.pyc
1748487196|Leonardo|A|/venv/lib/python3.10/site-packages/crashtest/contracts/__pycache__/provides_solution.cpython-310.pyc
1748487196|Leonardo|A|/venv/lib/python3.10/site-packages/crashtest/contracts/__pycache__/solution.cpython-310.pyc
1748487196|Leonardo|A|/venv/lib/python3.10/site-packages/crashtest/contracts/__pycache__/solution_provider_repository.cpython-310.pyc
1748487196|Leonardo|A|/venv/lib/python3.10/site-packages/crashtest/contracts/base_solution.py
1748487196|Leonardo|A|/venv/lib/python3.10/site-packages/crashtest/contracts/has_solutions_for_exception.py
1748487196|Leonardo|A|/venv/lib/python3.10/site-packages/crashtest/contracts/provides_solution.py
1748487196|Leonardo|A|/venv/lib/python3.10/site-packages/crashtest/contracts/solution.py
1748487196|Leonardo|A|/venv/lib/python3.10/site-packages/crashtest/contracts/solution_provider_repository.py
1748487196|Leonardo|A|/venv/lib/python3.10/site-packages/crashtest/frame.py
1748487196|Leonardo|A|/venv/lib/python3.10/site-packages/crashtest/frame_collection.py
1748487196|Leonardo|A|/venv/lib/python3.10/site-packages/crashtest/inspector.py
1748487196|Leonardo|A|/venv/lib/python3.10/site-packages/crashtest/solution_providers/__init__.py
1748487196|Leonardo|A|/venv/lib/python3.10/site-packages/crashtest/solution_providers/__pycache__/__init__.cpython-310.pyc
1748487196|Leonardo|A|/venv/lib/python3.10/site-packages/crashtest/solution_providers/__pycache__/solution_provider_repository.cpython-310.pyc
1748487196|Leonardo|A|/venv/lib/python3.10/site-packages/crashtest/solution_providers/solution_provider_repository.py
1748487196|Leonardo|A|/venv/lib/python3.10/site-packages/cryptography-45.0.3.dist-info/INSTALLER
1748487196|Leonardo|A|/venv/lib/python3.10/site-packages/cryptography-45.0.3.dist-info/METADATA
1748487196|Leonardo|A|/venv/lib/python3.10/site-packages/cryptography-45.0.3.dist-info/RECORD
1748487196|Leonardo|A|/venv/lib/python3.10/site-packages/cryptography-45.0.3.dist-info/WHEEL
1748487196|Leonardo|A|/venv/lib/python3.10/site-packages/cryptography-45.0.3.dist-info/licenses/LICENSE
1748487196|Leonardo|A|/venv/lib/python3.10/site-packages/cryptography-45.0.3.dist-info/licenses/LICENSE.APACHE
1748487196|Leonardo|A|/venv/lib/python3.10/site-packages/cryptography-45.0.3.dist-info/licenses/LICENSE.BSD
1748487196|Leonardo|A|/venv/lib/python3.10/site-packages/cryptography/__about__.py
1748487196|Leonardo|A|/venv/lib/python3.10/site-packages/cryptography/__init__.py
1748487196|Leonardo|A|/venv/lib/python3.10/site-packages/cryptography/__pycache__/__about__.cpython-310.pyc
1748487196|Leonardo|A|/venv/lib/python3.10/site-packages/cryptography/__pycache__/__init__.cpython-310.pyc
1748487196|Leonardo|A|/venv/lib/python3.10/site-packages/cryptography/__pycache__/exceptions.cpython-310.pyc
1748487196|Leonardo|A|/venv/lib/python3.10/site-packages/cryptography/__pycache__/fernet.cpython-310.pyc
1748487196|Leonardo|A|/venv/lib/python3.10/site-packages/cryptography/__pycache__/utils.cpython-310.pyc
1748487196|Leonardo|A|/venv/lib/python3.10/site-packages/cryptography/exceptions.py
1748487196|Leonardo|A|/venv/lib/python3.10/site-packages/cryptography/fernet.py
1748487196|Leonardo|A|/venv/lib/python3.10/site-packages/cryptography/hazmat/__init__.py
1748487196|Leonardo|A|/venv/lib/python3.10/site-packages/cryptography/hazmat/__pycache__/__init__.cpython-310.pyc
1748487196|Leonardo|A|/venv/lib/python3.10/site-packages/cryptography/hazmat/__pycache__/_oid.cpython-310.pyc
1748487196|Leonardo|A|/venv/lib/python3.10/site-packages/cryptography/hazmat/_oid.py
1748487196|Leonardo|A|/venv/lib/python3.10/site-packages/cryptography/hazmat/backends/__init__.py
1748487196|Leonardo|A|/venv/lib/python3.10/site-packages/cryptography/hazmat/backends/__pycache__/__init__.cpython-310.pyc
1748487196|Leonardo|A|/venv/lib/python3.10/site-packages/cryptography/hazmat/backends/openssl/__init__.py
1748487196|Leonardo|A|/venv/lib/python3.10/site-packages/cryptography/hazmat/backends/openssl/__pycache__/__init__.cpython-310.pyc
1748487196|Leonardo|A|/venv/lib/python3.10/site-packages/cryptography/hazmat/backends/openssl/__pycache__/backend.cpython-310.pyc
1748487196|Leonardo|A|/venv/lib/python3.10/site-packages/cryptography/hazmat/backends/openssl/backend.py
1748487196|Leonardo|A|/venv/lib/python3.10/site-packages/cryptography/hazmat/bindings/__init__.py
1748487196|Leonardo|A|/venv/lib/python3.10/site-packages/cryptography/hazmat/bindings/__pycache__/__init__.cpython-310.pyc
1748487196|Leonardo|A|/venv/lib/python3.10/site-packages/cryptography/hazmat/bindings/_rust.abi3.so
1748487196|Leonardo|A|/venv/lib/python3.10/site-packages/cryptography/hazmat/bindings/_rust/__init__.pyi
1748487196|Leonardo|A|/venv/lib/python3.10/site-packages/cryptography/hazmat/bindings/_rust/_openssl.pyi
1748487196|Leonardo|A|/venv/lib/python3.10/site-packages/cryptography/hazmat/bindings/_rust/asn1.pyi
1748487196|Leonardo|A|/venv/lib/python3.10/site-packages/cryptography/hazmat/bindings/_rust/exceptions.pyi
1748487196|Leonardo|A|/venv/lib/python3.10/site-packages/cryptography/hazmat/bindings/_rust/ocsp.pyi
1748487196|Leonardo|A|/venv/lib/python3.10/site-packages/cryptography/hazmat/bindings/_rust/openssl/__init__.pyi
1748487196|Leonardo|A|/venv/lib/python3.10/site-packages/cryptography/hazmat/bindings/_rust/openssl/aead.pyi
1748487196|Leonardo|A|/venv/lib/python3.10/site-packages/cryptography/hazmat/bindings/_rust/openssl/ciphers.pyi
1748487196|Leonardo|A|/venv/lib/python3.10/site-packages/cryptography/hazmat/bindings/_rust/openssl/cmac.pyi
1748487196|Leonardo|A|/venv/lib/python3.10/site-packages/cryptography/hazmat/bindings/_rust/openssl/dh.pyi
1748487196|Leonardo|A|/venv/lib/python3.10/site-packages/cryptography/hazmat/bindings/_rust/openssl/dsa.pyi
1748487196|Leonardo|A|/venv/lib/python3.10/site-packages/cryptography/hazmat/bindings/_rust/openssl/ec.pyi
1748487196|Leonardo|A|/venv/lib/python3.10/site-packages/cryptography/hazmat/bindings/_rust/openssl/ed25519.pyi
1748487196|Leonardo|A|/venv/lib/python3.10/site-packages/cryptography/hazmat/bindings/_rust/openssl/ed448.pyi
1748487196|Leonardo|A|/venv/lib/python3.10/site-packages/cryptography/hazmat/bindings/_rust/openssl/hashes.pyi
1748487196|Leonardo|A|/venv/lib/python3.10/site-packages/cryptography/hazmat/bindings/_rust/openssl/hmac.pyi
1748487196|Leonardo|A|/venv/lib/python3.10/site-packages/cryptography/hazmat/bindings/_rust/openssl/kdf.pyi
1748487196|Leonardo|A|/venv/lib/python3.10/site-packages/cryptography/hazmat/bindings/_rust/openssl/keys.pyi
1748487196|Leonardo|A|/venv/lib/python3.10/site-packages/cryptography/hazmat/bindings/_rust/openssl/poly1305.pyi
1748487196|Leonardo|A|/venv/lib/python3.10/site-packages/cryptography/hazmat/bindings/_rust/openssl/rsa.pyi
1748487196|Leonardo|A|/venv/lib/python3.10/site-packages/cryptography/hazmat/bindings/_rust/openssl/x25519.pyi
1748487196|Leonardo|A|/venv/lib/python3.10/site-packages/cryptography/hazmat/bindings/_rust/openssl/x448.pyi
1748487196|Leonardo|A|/venv/lib/python3.10/site-packages/cryptography/hazmat/bindings/_rust/pkcs12.pyi
1748487196|Leonardo|A|/venv/lib/python3.10/site-packages/cryptography/hazmat/bindings/_rust/pkcs7.pyi
1748487196|Leonardo|A|/venv/lib/python3.10/site-packages/cryptography/hazmat/bindings/_rust/test_support.pyi
1748487196|Leonardo|A|/venv/lib/python3.10/site-packages/cryptography/hazmat/bindings/_rust/x509.pyi
1748487196|Leonardo|A|/venv/lib/python3.10/site-packages/cryptography/hazmat/bindings/openssl/__init__.py
1748487196|Leonardo|A|/venv/lib/python3.10/site-packages/cryptography/hazmat/bindings/openssl/__pycache__/__init__.cpython-310.pyc
1748487196|Leonardo|A|/venv/lib/python3.10/site-packages/cryptography/hazmat/bindings/openssl/__pycache__/_conditional.cpython-310.pyc
1748487196|Leonardo|A|/venv/lib/python3.10/site-packages/cryptography/hazmat/bindings/openssl/__pycache__/binding.cpython-310.pyc
1748487196|Leonardo|A|/venv/lib/python3.10/site-packages/cryptography/hazmat/bindings/openssl/_conditional.py
1748487196|Leonardo|A|/venv/lib/python3.10/site-packages/cryptography/hazmat/bindings/openssl/binding.py
1748487196|Leonardo|A|/venv/lib/python3.10/site-packages/cryptography/hazmat/decrepit/__init__.py
1748487196|Leonardo|A|/venv/lib/python3.10/site-packages/cryptography/hazmat/decrepit/__pycache__/__init__.cpython-310.pyc
1748487196|Leonardo|A|/venv/lib/python3.10/site-packages/cryptography/hazmat/decrepit/ciphers/__init__.py
1748487196|Leonardo|A|/venv/lib/python3.10/site-packages/cryptography/hazmat/decrepit/ciphers/__pycache__/__init__.cpython-310.pyc
1748487196|Leonardo|A|/venv/lib/python3.10/site-packages/cryptography/hazmat/decrepit/ciphers/__pycache__/algorithms.cpython-310.pyc
1748487196|Leonardo|A|/venv/lib/python3.10/site-packages/cryptography/hazmat/decrepit/ciphers/algorithms.py
1748487196|Leonardo|A|/venv/lib/python3.10/site-packages/cryptography/hazmat/primitives/__init__.py
1748487196|Leonardo|A|/venv/lib/python3.10/site-packages/cryptography/hazmat/primitives/__pycache__/__init__.cpython-310.pyc
1748487196|Leonardo|A|/venv/lib/python3.10/site-packages/cryptography/hazmat/primitives/__pycache__/_asymmetric.cpython-310.pyc
1748487196|Leonardo|A|/venv/lib/python3.10/site-packages/cryptography/hazmat/primitives/__pycache__/_cipheralgorithm.cpython-310.pyc
1748487196|Leonardo|A|/venv/lib/python3.10/site-packages/cryptography/hazmat/primitives/__pycache__/_serialization.cpython-310.pyc
1748487196|Leonardo|A|/venv/lib/python3.10/site-packages/cryptography/hazmat/primitives/__pycache__/cmac.cpython-310.pyc
1748487196|Leonardo|A|/venv/lib/python3.10/site-packages/cryptography/hazmat/primitives/__pycache__/constant_time.cpython-310.pyc
1748487196|Leonardo|A|/venv/lib/python3.10/site-packages/cryptography/hazmat/primitives/__pycache__/hashes.cpython-310.pyc
1748487196|Leonardo|A|/venv/lib/python3.10/site-packages/cryptography/hazmat/primitives/__pycache__/hmac.cpython-310.pyc
1748487196|Leonardo|A|/venv/lib/python3.10/site-packages/cryptography/hazmat/primitives/__pycache__/keywrap.cpython-310.pyc
1748487196|Leonardo|A|/venv/lib/python3.10/site-packages/cryptography/hazmat/primitives/__pycache__/padding.cpython-310.pyc
1748487196|Leonardo|A|/venv/lib/python3.10/site-packages/cryptography/hazmat/primitives/__pycache__/poly1305.cpython-310.pyc
1748487196|Leonardo|A|/venv/lib/python3.10/site-packages/cryptography/hazmat/primitives/_asymmetric.py
1748487196|Leonardo|A|/venv/lib/python3.10/site-packages/cryptography/hazmat/primitives/_cipheralgorithm.py
1748487196|Leonardo|A|/venv/lib/python3.10/site-packages/cryptography/hazmat/primitives/_serialization.py
1748487196|Leonardo|A|/venv/lib/python3.10/site-packages/cryptography/hazmat/primitives/asymmetric/__init__.py
1748487196|Leonardo|A|/venv/lib/python3.10/site-packages/cryptography/hazmat/primitives/asymmetric/__pycache__/__init__.cpython-310.pyc
1748487196|Leonardo|A|/venv/lib/python3.10/site-packages/cryptography/hazmat/primitives/asymmetric/__pycache__/dh.cpython-310.pyc
1748487196|Leonardo|A|/venv/lib/python3.10/site-packages/cryptography/hazmat/primitives/asymmetric/__pycache__/dsa.cpython-310.pyc
1748487196|Leonardo|A|/venv/lib/python3.10/site-packages/cryptography/hazmat/primitives/asymmetric/__pycache__/ec.cpython-310.pyc
1748487196|Leonardo|A|/venv/lib/python3.10/site-packages/cryptography/hazmat/primitives/asymmetric/__pycache__/ed25519.cpython-310.pyc
1748487196|Leonardo|A|/venv/lib/python3.10/site-packages/cryptography/hazmat/primitives/asymmetric/__pycache__/ed448.cpython-310.pyc
1748487196|Leonardo|A|/venv/lib/python3.10/site-packages/cryptography/hazmat/primitives/asymmetric/__pycache__/padding.cpython-310.pyc
1748487196|Leonardo|A|/venv/lib/python3.10/site-packages/cryptography/hazmat/primitives/asymmetric/__pycache__/rsa.cpython-310.pyc
1748487196|Leonardo|A|/venv/lib/python3.10/site-packages/cryptography/hazmat/primitives/asymmetric/__pycache__/types.cpython-310.pyc
1748487196|Leonardo|A|/venv/lib/python3.10/site-packages/cryptography/hazmat/primitives/asymmetric/__pycache__/utils.cpython-310.pyc
1748487196|Leonardo|A|/venv/lib/python3.10/site-packages/cryptography/hazmat/primitives/asymmetric/__pycache__/x25519.cpython-310.pyc
1748487196|Leonardo|A|/venv/lib/python3.10/site-packages/cryptography/hazmat/primitives/asymmetric/__pycache__/x448.cpython-310.pyc
1748487196|Leonardo|A|/venv/lib/python3.10/site-packages/cryptography/hazmat/primitives/asymmetric/dh.py
1748487196|Leonardo|A|/venv/lib/python3.10/site-packages/cryptography/hazmat/primitives/asymmetric/dsa.py
1748487196|Leonardo|A|/venv/lib/python3.10/site-packages/cryptography/hazmat/primitives/asymmetric/ec.py
1748487196|Leonardo|A|/venv/lib/python3.10/site-packages/cryptography/hazmat/primitives/asymmetric/ed25519.py
1748487196|Leonardo|A|/venv/lib/python3.10/site-packages/cryptography/hazmat/primitives/asymmetric/ed448.py
1748487196|Leonardo|A|/venv/lib/python3.10/site-packages/cryptography/hazmat/primitives/asymmetric/padding.py
1748487196|Leonardo|A|/venv/lib/python3.10/site-packages/cryptography/hazmat/primitives/asymmetric/rsa.py
1748487196|Leonardo|A|/venv/lib/python3.10/site-packages/cryptography/hazmat/primitives/asymmetric/types.py
1748487196|Leonardo|A|/venv/lib/python3.10/site-packages/cryptography/hazmat/primitives/asymmetric/utils.py
1748487196|Leonardo|A|/venv/lib/python3.10/site-packages/cryptography/hazmat/primitives/asymmetric/x25519.py
1748487196|Leonardo|A|/venv/lib/python3.10/site-packages/cryptography/hazmat/primitives/asymmetric/x448.py
1748487196|Leonardo|A|/venv/lib/python3.10/site-packages/cryptography/hazmat/primitives/ciphers/__init__.py
1748487196|Leonardo|A|/venv/lib/python3.10/site-packages/cryptography/hazmat/primitives/ciphers/__pycache__/__init__.cpython-310.pyc
1748487196|Leonardo|A|/venv/lib/python3.10/site-packages/cryptography/hazmat/primitives/ciphers/__pycache__/aead.cpython-310.pyc
1748487196|Leonardo|A|/venv/lib/python3.10/site-packages/cryptography/hazmat/primitives/ciphers/__pycache__/algorithms.cpython-310.pyc
1748487196|Leonardo|A|/venv/lib/python3.10/site-packages/cryptography/hazmat/primitives/ciphers/__pycache__/base.cpython-310.pyc
1748487196|Leonardo|A|/venv/lib/python3.10/site-packages/cryptography/hazmat/primitives/ciphers/__pycache__/modes.cpython-310.pyc
1748487196|Leonardo|A|/venv/lib/python3.10/site-packages/cryptography/hazmat/primitives/ciphers/aead.py
1748487196|Leonardo|A|/venv/lib/python3.10/site-packages/cryptography/hazmat/primitives/ciphers/algorithms.py
1748487196|Leonardo|A|/venv/lib/python3.10/site-packages/cryptography/hazmat/primitives/ciphers/base.py
1748487196|Leonardo|A|/venv/lib/python3.10/site-packages/cryptography/hazmat/primitives/ciphers/modes.py
1748487196|Leonardo|A|/venv/lib/python3.10/site-packages/cryptography/hazmat/primitives/cmac.py
1748487196|Leonardo|A|/venv/lib/python3.10/site-packages/cryptography/hazmat/primitives/constant_time.py
1748487196|Leonardo|A|/venv/lib/python3.10/site-packages/cryptography/hazmat/primitives/hashes.py
1748487196|Leonardo|A|/venv/lib/python3.10/site-packages/cryptography/hazmat/primitives/hmac.py
1748487196|Leonardo|A|/venv/lib/python3.10/site-packages/cryptography/hazmat/primitives/kdf/__init__.py
1748487196|Leonardo|A|/venv/lib/python3.10/site-packages/cryptography/hazmat/primitives/kdf/__pycache__/__init__.cpython-310.pyc
1748487196|Leonardo|A|/venv/lib/python3.10/site-packages/cryptography/hazmat/primitives/kdf/__pycache__/argon2.cpython-310.pyc
1748487196|Leonardo|A|/venv/lib/python3.10/site-packages/cryptography/hazmat/primitives/kdf/__pycache__/concatkdf.cpython-310.pyc
1748487196|Leonardo|A|/venv/lib/python3.10/site-packages/cryptography/hazmat/primitives/kdf/__pycache__/hkdf.cpython-310.pyc
1748487196|Leonardo|A|/venv/lib/python3.10/site-packages/cryptography/hazmat/primitives/kdf/__pycache__/kbkdf.cpython-310.pyc
1748487196|Leonardo|A|/venv/lib/python3.10/site-packages/cryptography/hazmat/primitives/kdf/__pycache__/pbkdf2.cpython-310.pyc
1748487196|Leonardo|A|/venv/lib/python3.10/site-packages/cryptography/hazmat/primitives/kdf/__pycache__/scrypt.cpython-310.pyc
1748487196|Leonardo|A|/venv/lib/python3.10/site-packages/cryptography/hazmat/primitives/kdf/__pycache__/x963kdf.cpython-310.pyc
1748487196|Leonardo|A|/venv/lib/python3.10/site-packages/cryptography/hazmat/primitives/kdf/argon2.py
1748487196|Leonardo|A|/venv/lib/python3.10/site-packages/cryptography/hazmat/primitives/kdf/concatkdf.py
1748487196|Leonardo|A|/venv/lib/python3.10/site-packages/cryptography/hazmat/primitives/kdf/hkdf.py
1748487196|Leonardo|A|/venv/lib/python3.10/site-packages/cryptography/hazmat/primitives/kdf/kbkdf.py
1748487196|Leonardo|A|/venv/lib/python3.10/site-packages/cryptography/hazmat/primitives/kdf/pbkdf2.py
1748487196|Leonardo|A|/venv/lib/python3.10/site-packages/cryptography/hazmat/primitives/kdf/scrypt.py
1748487196|Leonardo|A|/venv/lib/python3.10/site-packages/cryptography/hazmat/primitives/kdf/x963kdf.py
1748487196|Leonardo|A|/venv/lib/python3.10/site-packages/cryptography/hazmat/primitives/keywrap.py
1748487196|Leonardo|A|/venv/lib/python3.10/site-packages/cryptography/hazmat/primitives/padding.py
1748487196|Leonardo|A|/venv/lib/python3.10/site-packages/cryptography/hazmat/primitives/poly1305.py
1748487196|Leonardo|A|/venv/lib/python3.10/site-packages/cryptography/hazmat/primitives/serialization/__init__.py
1748487196|Leonardo|A|/venv/lib/python3.10/site-packages/cryptography/hazmat/primitives/serialization/__pycache__/__init__.cpython-310.pyc
1748487196|Leonardo|A|/venv/lib/python3.10/site-packages/cryptography/hazmat/primitives/serialization/__pycache__/base.cpython-310.pyc
1748487196|Leonardo|A|/venv/lib/python3.10/site-packages/cryptography/hazmat/primitives/serialization/__pycache__/pkcs12.cpython-310.pyc
1748487196|Leonardo|A|/venv/lib/python3.10/site-packages/cryptography/hazmat/primitives/serialization/__pycache__/pkcs7.cpython-310.pyc
1748487196|Leonardo|A|/venv/lib/python3.10/site-packages/cryptography/hazmat/primitives/serialization/__pycache__/ssh.cpython-310.pyc
1748487196|Leonardo|A|/venv/lib/python3.10/site-packages/cryptography/hazmat/primitives/serialization/base.py
1748487196|Leonardo|A|/venv/lib/python3.10/site-packages/cryptography/hazmat/primitives/serialization/pkcs12.py
1748487196|Leonardo|A|/venv/lib/python3.10/site-packages/cryptography/hazmat/primitives/serialization/pkcs7.py
1748487196|Leonardo|A|/venv/lib/python3.10/site-packages/cryptography/hazmat/primitives/serialization/ssh.py
1748487196|Leonardo|A|/venv/lib/python3.10/site-packages/cryptography/hazmat/primitives/twofactor/__init__.py
1748487196|Leonardo|A|/venv/lib/python3.10/site-packages/cryptography/hazmat/primitives/twofactor/__pycache__/__init__.cpython-310.pyc
1748487196|Leonardo|A|/venv/lib/python3.10/site-packages/cryptography/hazmat/primitives/twofactor/__pycache__/hotp.cpython-310.pyc
1748487196|Leonardo|A|/venv/lib/python3.10/site-packages/cryptography/hazmat/primitives/twofactor/__pycache__/totp.cpython-310.pyc
1748487196|Leonardo|A|/venv/lib/python3.10/site-packages/cryptography/hazmat/primitives/twofactor/hotp.py
1748487196|Leonardo|A|/venv/lib/python3.10/site-packages/cryptography/hazmat/primitives/twofactor/totp.py
1748487196|Leonardo|A|/venv/lib/python3.10/site-packages/cryptography/py.typed
1748487196|Leonardo|A|/venv/lib/python3.10/site-packages/cryptography/utils.py
1748487196|Leonardo|A|/venv/lib/python3.10/site-packages/cryptography/x509/__init__.py
1748487196|Leonardo|A|/venv/lib/python3.10/site-packages/cryptography/x509/__pycache__/__init__.cpython-310.pyc
1748487196|Leonardo|A|/venv/lib/python3.10/site-packages/cryptography/x509/__pycache__/base.cpython-310.pyc
1748487196|Leonardo|A|/venv/lib/python3.10/site-packages/cryptography/x509/__pycache__/certificate_transparency.cpython-310.pyc
1748487196|Leonardo|A|/venv/lib/python3.10/site-packages/cryptography/x509/__pycache__/extensions.cpython-310.pyc
1748487196|Leonardo|A|/venv/lib/python3.10/site-packages/cryptography/x509/__pycache__/general_name.cpython-310.pyc
1748487196|Leonardo|A|/venv/lib/python3.10/site-packages/cryptography/x509/__pycache__/name.cpython-310.pyc
1748487196|Leonardo|A|/venv/lib/python3.10/site-packages/cryptography/x509/__pycache__/ocsp.cpython-310.pyc
1748487196|Leonardo|A|/venv/lib/python3.10/site-packages/cryptography/x509/__pycache__/oid.cpython-310.pyc
1748487196|Leonardo|A|/venv/lib/python3.10/site-packages/cryptography/x509/__pycache__/verification.cpython-310.pyc
1748487196|Leonardo|A|/venv/lib/python3.10/site-packages/cryptography/x509/base.py
1748487196|Leonardo|A|/venv/lib/python3.10/site-packages/cryptography/x509/certificate_transparency.py
1748487196|Leonardo|A|/venv/lib/python3.10/site-packages/cryptography/x509/extensions.py
1748487196|Leonardo|A|/venv/lib/python3.10/site-packages/cryptography/x509/general_name.py
1748487196|Leonardo|A|/venv/lib/python3.10/site-packages/cryptography/x509/name.py
1748487196|Leonardo|A|/venv/lib/python3.10/site-packages/cryptography/x509/ocsp.py
1748487196|Leonardo|A|/venv/lib/python3.10/site-packages/cryptography/x509/oid.py
1748487196|Leonardo|A|/venv/lib/python3.10/site-packages/cryptography/x509/verification.py
1748487196|Leonardo|A|/venv/lib/python3.10/site-packages/distlib-0.3.9.dist-info/INSTALLER
1748487196|Leonardo|A|/venv/lib/python3.10/site-packages/distlib-0.3.9.dist-info/LICENSE.txt
1748487196|Leonardo|A|/venv/lib/python3.10/site-packages/distlib-0.3.9.dist-info/METADATA
1748487196|Leonardo|A|/venv/lib/python3.10/site-packages/distlib-0.3.9.dist-info/RECORD
1748487196|Leonardo|A|/venv/lib/python3.10/site-packages/distlib-0.3.9.dist-info/WHEEL
1748487196|Leonardo|A|/venv/lib/python3.10/site-packages/distlib-0.3.9.dist-info/top_level.txt
1748487196|Leonardo|A|/venv/lib/python3.10/site-packages/distlib/__init__.py
1748487196|Leonardo|A|/venv/lib/python3.10/site-packages/distlib/__pycache__/__init__.cpython-310.pyc
1748487196|Leonardo|A|/venv/lib/python3.10/site-packages/distlib/__pycache__/compat.cpython-310.pyc
1748487196|Leonardo|A|/venv/lib/python3.10/site-packages/distlib/__pycache__/database.cpython-310.pyc
1748487196|Leonardo|A|/venv/lib/python3.10/site-packages/distlib/__pycache__/index.cpython-310.pyc
1748487196|Leonardo|A|/venv/lib/python3.10/site-packages/distlib/__pycache__/locators.cpython-310.pyc
1748487196|Leonardo|A|/venv/lib/python3.10/site-packages/distlib/__pycache__/manifest.cpython-310.pyc
1748487196|Leonardo|A|/venv/lib/python3.10/site-packages/distlib/__pycache__/markers.cpython-310.pyc
1748487196|Leonardo|A|/venv/lib/python3.10/site-packages/distlib/__pycache__/metadata.cpython-310.pyc
1748487196|Leonardo|A|/venv/lib/python3.10/site-packages/distlib/__pycache__/resources.cpython-310.pyc
1748487196|Leonardo|A|/venv/lib/python3.10/site-packages/distlib/__pycache__/scripts.cpython-310.pyc
1748487196|Leonardo|A|/venv/lib/python3.10/site-packages/distlib/__pycache__/util.cpython-310.pyc
1748487196|Leonardo|A|/venv/lib/python3.10/site-packages/distlib/__pycache__/version.cpython-310.pyc
1748487196|Leonardo|A|/venv/lib/python3.10/site-packages/distlib/__pycache__/wheel.cpython-310.pyc
1748487196|Leonardo|A|/venv/lib/python3.10/site-packages/distlib/compat.py
1748487196|Leonardo|A|/venv/lib/python3.10/site-packages/distlib/database.py
1748487196|Leonardo|A|/venv/lib/python3.10/site-packages/distlib/index.py
1748487196|Leonardo|A|/venv/lib/python3.10/site-packages/distlib/locators.py
1748487196|Leonardo|A|/venv/lib/python3.10/site-packages/distlib/manifest.py
1748487196|Leonardo|A|/venv/lib/python3.10/site-packages/distlib/markers.py
1748487196|Leonardo|A|/venv/lib/python3.10/site-packages/distlib/metadata.py
1748487196|Leonardo|A|/venv/lib/python3.10/site-packages/distlib/resources.py
1748487196|Leonardo|A|/venv/lib/python3.10/site-packages/distlib/scripts.py
1748487196|Leonardo|A|/venv/lib/python3.10/site-packages/distlib/t32.exe
1748487196|Leonardo|A|/venv/lib/python3.10/site-packages/distlib/t64-arm.exe
1748487196|Leonardo|A|/venv/lib/python3.10/site-packages/distlib/t64.exe
1748487196|Leonardo|A|/venv/lib/python3.10/site-packages/distlib/util.py
1748487196|Leonardo|A|/venv/lib/python3.10/site-packages/distlib/version.py
1748487196|Leonardo|A|/venv/lib/python3.10/site-packages/distlib/w32.exe
1748487196|Leonardo|A|/venv/lib/python3.10/site-packages/distlib/w64-arm.exe
1748487196|Leonardo|A|/venv/lib/python3.10/site-packages/distlib/w64.exe
1748487196|Leonardo|A|/venv/lib/python3.10/site-packages/distlib/wheel.py
1748487196|Leonardo|M|/venv/lib/python3.10/site-packages/dotenv/__pycache__/__init__.cpython-310.pyc
1748487196|Leonardo|M|/venv/lib/python3.10/site-packages/dotenv/__pycache__/__main__.cpython-310.pyc
1748487196|Leonardo|M|/venv/lib/python3.10/site-packages/dotenv/__pycache__/cli.cpython-310.pyc
1748487196|Leonardo|M|/venv/lib/python3.10/site-packages/dotenv/__pycache__/ipython.cpython-310.pyc
1748487196|Leonardo|M|/venv/lib/python3.10/site-packages/dotenv/__pycache__/main.cpython-310.pyc
1748487196|Leonardo|M|/venv/lib/python3.10/site-packages/dotenv/__pycache__/parser.cpython-310.pyc
1748487196|Leonardo|M|/venv/lib/python3.10/site-packages/dotenv/__pycache__/variables.cpython-310.pyc
1748487196|Leonardo|M|/venv/lib/python3.10/site-packages/dotenv/__pycache__/version.cpython-310.pyc
1748487196|Leonardo|M|/venv/lib/python3.10/site-packages/dotenv/cli.py
1748487196|Leonardo|M|/venv/lib/python3.10/site-packages/dotenv/main.py
1748487196|Leonardo|M|/venv/lib/python3.10/site-packages/dotenv/version.py
1748487196|Leonardo|A|/venv/lib/python3.10/site-packages/filelock-3.18.0.dist-info/INSTALLER
1748487196|Leonardo|A|/venv/lib/python3.10/site-packages/filelock-3.18.0.dist-info/METADATA
1748487196|Leonardo|A|/venv/lib/python3.10/site-packages/filelock-3.18.0.dist-info/RECORD
1748487196|Leonardo|A|/venv/lib/python3.10/site-packages/filelock-3.18.0.dist-info/WHEEL
1748487196|Leonardo|A|/venv/lib/python3.10/site-packages/filelock-3.18.0.dist-info/licenses/LICENSE
1748487196|Leonardo|A|/venv/lib/python3.10/site-packages/filelock/__init__.py
1748487196|Leonardo|A|/venv/lib/python3.10/site-packages/filelock/__pycache__/__init__.cpython-310.pyc
1748487196|Leonardo|A|/venv/lib/python3.10/site-packages/filelock/__pycache__/_api.cpython-310.pyc
1748487196|Leonardo|A|/venv/lib/python3.10/site-packages/filelock/__pycache__/_error.cpython-310.pyc
1748487196|Leonardo|A|/venv/lib/python3.10/site-packages/filelock/__pycache__/_soft.cpython-310.pyc
1748487196|Leonardo|A|/venv/lib/python3.10/site-packages/filelock/__pycache__/_unix.cpython-310.pyc
1748487196|Leonardo|A|/venv/lib/python3.10/site-packages/filelock/__pycache__/_util.cpython-310.pyc
1748487196|Leonardo|A|/venv/lib/python3.10/site-packages/filelock/__pycache__/_windows.cpython-310.pyc
1748487196|Leonardo|A|/venv/lib/python3.10/site-packages/filelock/__pycache__/asyncio.cpython-310.pyc
1748487196|Leonardo|A|/venv/lib/python3.10/site-packages/filelock/__pycache__/version.cpython-310.pyc
1748487196|Leonardo|A|/venv/lib/python3.10/site-packages/filelock/_api.py
1748487196|Leonardo|A|/venv/lib/python3.10/site-packages/filelock/_error.py
1748487196|Leonardo|A|/venv/lib/python3.10/site-packages/filelock/_soft.py
1748487196|Leonardo|A|/venv/lib/python3.10/site-packages/filelock/_unix.py
1748487196|Leonardo|A|/venv/lib/python3.10/site-packages/filelock/_util.py
1748487196|Leonardo|A|/venv/lib/python3.10/site-packages/filelock/_windows.py
1748487196|Leonardo|A|/venv/lib/python3.10/site-packages/filelock/asyncio.py
1748487196|Leonardo|A|/venv/lib/python3.10/site-packages/filelock/py.typed
1748487196|Leonardo|A|/venv/lib/python3.10/site-packages/filelock/version.py
1748487196|Leonardo|M|/venv/lib/python3.10/site-packages/flask/__pycache__/__init__.cpython-310.pyc
1748487196|Leonardo|M|/venv/lib/python3.10/site-packages/flask/__pycache__/app.cpython-310.pyc
1748487196|Leonardo|M|/venv/lib/python3.10/site-packages/flask/__pycache__/blueprints.cpython-310.pyc
1748487196|Leonardo|M|/venv/lib/python3.10/site-packages/flask/__pycache__/cli.cpython-310.pyc
1748487196|Leonardo|M|/venv/lib/python3.10/site-packages/flask/__pycache__/config.cpython-310.pyc
1748487196|Leonardo|M|/venv/lib/python3.10/site-packages/flask/__pycache__/ctx.cpython-310.pyc
1748487196|Leonardo|M|/venv/lib/python3.10/site-packages/flask/__pycache__/globals.cpython-310.pyc
1748487196|Leonardo|M|/venv/lib/python3.10/site-packages/flask/__pycache__/helpers.cpython-310.pyc
1748487196|Leonardo|M|/venv/lib/python3.10/site-packages/flask/__pycache__/logging.cpython-310.pyc
1748487196|Leonardo|M|/venv/lib/python3.10/site-packages/flask/__pycache__/sessions.cpython-310.pyc
1748487196|Leonardo|M|/venv/lib/python3.10/site-packages/flask/__pycache__/signals.cpython-310.pyc
1748487196|Leonardo|M|/venv/lib/python3.10/site-packages/flask/__pycache__/templating.cpython-310.pyc
1748487196|Leonardo|M|/venv/lib/python3.10/site-packages/flask/__pycache__/typing.cpython-310.pyc
1748487196|Leonardo|M|/venv/lib/python3.10/site-packages/flask/__pycache__/wrappers.cpython-310.pyc
1748487196|Leonardo|M|/venv/lib/python3.10/site-packages/flask/json/__pycache__/__init__.cpython-310.pyc
1748487196|Leonardo|M|/venv/lib/python3.10/site-packages/flask/json/__pycache__/provider.cpython-310.pyc
1748487196|Leonardo|M|/venv/lib/python3.10/site-packages/flask/json/__pycache__/tag.cpython-310.pyc
1748487196|Leonardo|M|/venv/lib/python3.10/site-packages/flask/sansio/__pycache__/app.cpython-310.pyc
1748487196|Leonardo|M|/venv/lib/python3.10/site-packages/flask/sansio/__pycache__/blueprints.cpython-310.pyc
1748487196|Leonardo|M|/venv/lib/python3.10/site-packages/flask/sansio/__pycache__/scaffold.cpython-310.pyc
1748487196|Leonardo|M|/venv/lib/python3.10/site-packages/flask_sqlalchemy/__pycache__/__init__.cpython-310.pyc
1748487196|Leonardo|M|/venv/lib/python3.10/site-packages/flask_sqlalchemy/__pycache__/cli.cpython-310.pyc
1748487196|Leonardo|M|/venv/lib/python3.10/site-packages/flask_sqlalchemy/__pycache__/extension.cpython-310.pyc
1748487196|Leonardo|M|/venv/lib/python3.10/site-packages/flask_sqlalchemy/__pycache__/model.cpython-310.pyc
1748487196|Leonardo|M|/venv/lib/python3.10/site-packages/flask_sqlalchemy/__pycache__/pagination.cpython-310.pyc
1748487196|Leonardo|M|/venv/lib/python3.10/site-packages/flask_sqlalchemy/__pycache__/query.cpython-310.pyc
1748487196|Leonardo|M|/venv/lib/python3.10/site-packages/flask_sqlalchemy/__pycache__/session.cpython-310.pyc
1748487196|Leonardo|M|/venv/lib/python3.10/site-packages/flask_sqlalchemy/__pycache__/table.cpython-310.pyc
1748487196|Leonardo|A|/venv/lib/python3.10/site-packages/google/protobuf/__init__.py
1748487196|Leonardo|A|/venv/lib/python3.10/site-packages/google/protobuf/__pycache__/__init__.cpython-310.pyc
1748487196|Leonardo|A|/venv/lib/python3.10/site-packages/google/protobuf/__pycache__/any_pb2.cpython-310.pyc
1748487196|Leonardo|A|/venv/lib/python3.10/site-packages/google/protobuf/__pycache__/any_test_pb2.cpython-310.pyc
1748487196|Leonardo|A|/venv/lib/python3.10/site-packages/google/protobuf/__pycache__/api_pb2.cpython-310.pyc
1748487196|Leonardo|A|/venv/lib/python3.10/site-packages/google/protobuf/__pycache__/descriptor.cpython-310.pyc
1748487196|Leonardo|A|/venv/lib/python3.10/site-packages/google/protobuf/__pycache__/descriptor_database.cpython-310.pyc
1748487196|Leonardo|A|/venv/lib/python3.10/site-packages/google/protobuf/__pycache__/descriptor_pb2.cpython-310.pyc
1748487196|Leonardo|A|/venv/lib/python3.10/site-packages/google/protobuf/__pycache__/descriptor_pool.cpython-310.pyc
1748487196|Leonardo|A|/venv/lib/python3.10/site-packages/google/protobuf/__pycache__/duration_pb2.cpython-310.pyc
1748487196|Leonardo|A|/venv/lib/python3.10/site-packages/google/protobuf/__pycache__/empty_pb2.cpython-310.pyc
1748487196|Leonardo|A|/venv/lib/python3.10/site-packages/google/protobuf/__pycache__/field_mask_pb2.cpython-310.pyc
1748487196|Leonardo|A|/venv/lib/python3.10/site-packages/google/protobuf/__pycache__/json_format.cpython-310.pyc
1748487196|Leonardo|A|/venv/lib/python3.10/site-packages/google/protobuf/__pycache__/map_proto2_unittest_pb2.cpython-310.pyc
1748487196|Leonardo|A|/venv/lib/python3.10/site-packages/google/protobuf/__pycache__/map_unittest_pb2.cpython-310.pyc
1748487196|Leonardo|A|/venv/lib/python3.10/site-packages/google/protobuf/__pycache__/message.cpython-310.pyc
1748487196|Leonardo|A|/venv/lib/python3.10/site-packages/google/protobuf/__pycache__/message_factory.cpython-310.pyc
1748487196|Leonardo|A|/venv/lib/python3.10/site-packages/google/protobuf/__pycache__/proto_builder.cpython-310.pyc
1748487196|Leonardo|A|/venv/lib/python3.10/site-packages/google/protobuf/__pycache__/reflection.cpython-310.pyc
1748487196|Leonardo|A|/venv/lib/python3.10/site-packages/google/protobuf/__pycache__/service.cpython-310.pyc
1748487196|Leonardo|A|/venv/lib/python3.10/site-packages/google/protobuf/__pycache__/service_reflection.cpython-310.pyc
1748487196|Leonardo|A|/venv/lib/python3.10/site-packages/google/protobuf/__pycache__/source_context_pb2.cpython-310.pyc
1748487196|Leonardo|A|/venv/lib/python3.10/site-packages/google/protobuf/__pycache__/struct_pb2.cpython-310.pyc
1748487196|Leonardo|A|/venv/lib/python3.10/site-packages/google/protobuf/__pycache__/symbol_database.cpython-310.pyc
1748487196|Leonardo|A|/venv/lib/python3.10/site-packages/google/protobuf/__pycache__/test_messages_proto2_pb2.cpython-310.pyc
1748487196|Leonardo|A|/venv/lib/python3.10/site-packages/google/protobuf/__pycache__/test_messages_proto3_pb2.cpython-310.pyc
1748487196|Leonardo|A|/venv/lib/python3.10/site-packages/google/protobuf/__pycache__/text_encoding.cpython-310.pyc
1748487196|Leonardo|A|/venv/lib/python3.10/site-packages/google/protobuf/__pycache__/text_format.cpython-310.pyc
1748487196|Leonardo|A|/venv/lib/python3.10/site-packages/google/protobuf/__pycache__/timestamp_pb2.cpython-310.pyc
1748487196|Leonardo|A|/venv/lib/python3.10/site-packages/google/protobuf/__pycache__/type_pb2.cpython-310.pyc
1748487196|Leonardo|A|/venv/lib/python3.10/site-packages/google/protobuf/__pycache__/unittest_arena_pb2.cpython-310.pyc
1748487196|Leonardo|A|/venv/lib/python3.10/site-packages/google/protobuf/__pycache__/unittest_custom_options_pb2.cpython-310.pyc
1748487196|Leonardo|A|/venv/lib/python3.10/site-packages/google/protobuf/__pycache__/unittest_import_pb2.cpython-310.pyc
1748487196|Leonardo|A|/venv/lib/python3.10/site-packages/google/protobuf/__pycache__/unittest_import_public_pb2.cpython-310.pyc
1748487196|Leonardo|A|/venv/lib/python3.10/site-packages/google/protobuf/__pycache__/unittest_mset_pb2.cpython-310.pyc
1748487196|Leonardo|A|/venv/lib/python3.10/site-packages/google/protobuf/__pycache__/unittest_mset_wire_format_pb2.cpython-310.pyc
1748487196|Leonardo|A|/venv/lib/python3.10/site-packages/google/protobuf/__pycache__/unittest_no_arena_import_pb2.cpython-310.pyc
1748487196|Leonardo|A|/venv/lib/python3.10/site-packages/google/protobuf/__pycache__/unittest_no_arena_pb2.cpython-310.pyc
1748487196|Leonardo|A|/venv/lib/python3.10/site-packages/google/protobuf/__pycache__/unittest_no_generic_services_pb2.cpython-310.pyc
1748487196|Leonardo|A|/venv/lib/python3.10/site-packages/google/protobuf/__pycache__/unittest_pb2.cpython-310.pyc
1748487196|Leonardo|A|/venv/lib/python3.10/site-packages/google/protobuf/__pycache__/unittest_proto3_arena_pb2.cpython-310.pyc
1748487196|Leonardo|A|/venv/lib/python3.10/site-packages/google/protobuf/__pycache__/wrappers_pb2.cpython-310.pyc
1748487196|Leonardo|A|/venv/lib/python3.10/site-packages/google/protobuf/any_pb2.py
1748487196|Leonardo|A|/venv/lib/python3.10/site-packages/google/protobuf/any_test_pb2.py
1748487196|Leonardo|A|/venv/lib/python3.10/site-packages/google/protobuf/api_pb2.py
1748487196|Leonardo|A|/venv/lib/python3.10/site-packages/google/protobuf/compiler/__init__.py
1748487196|Leonardo|A|/venv/lib/python3.10/site-packages/google/protobuf/compiler/__pycache__/__init__.cpython-310.pyc
1748487196|Leonardo|A|/venv/lib/python3.10/site-packages/google/protobuf/compiler/__pycache__/plugin_pb2.cpython-310.pyc
1748487196|Leonardo|A|/venv/lib/python3.10/site-packages/google/protobuf/compiler/plugin_pb2.py
1748487196|Leonardo|A|/venv/lib/python3.10/site-packages/google/protobuf/descriptor.py
1748487196|Leonardo|A|/venv/lib/python3.10/site-packages/google/protobuf/descriptor_database.py
1748487196|Leonardo|A|/venv/lib/python3.10/site-packages/google/protobuf/descriptor_pb2.py
1748487196|Leonardo|A|/venv/lib/python3.10/site-packages/google/protobuf/descriptor_pool.py
1748487196|Leonardo|A|/venv/lib/python3.10/site-packages/google/protobuf/duration_pb2.py
1748487196|Leonardo|A|/venv/lib/python3.10/site-packages/google/protobuf/empty_pb2.py
1748487196|Leonardo|A|/venv/lib/python3.10/site-packages/google/protobuf/field_mask_pb2.py
1748487196|Leonardo|A|/venv/lib/python3.10/site-packages/google/protobuf/internal/__init__.py
1748487196|Leonardo|A|/venv/lib/python3.10/site-packages/google/protobuf/internal/__pycache__/__init__.cpython-310.pyc
1748487196|Leonardo|A|/venv/lib/python3.10/site-packages/google/protobuf/internal/__pycache__/_parameterized.cpython-310.pyc
1748487196|Leonardo|A|/venv/lib/python3.10/site-packages/google/protobuf/internal/__pycache__/any_test_pb2.cpython-310.pyc
1748487196|Leonardo|A|/venv/lib/python3.10/site-packages/google/protobuf/internal/__pycache__/api_implementation.cpython-310.pyc
1748487196|Leonardo|A|/venv/lib/python3.10/site-packages/google/protobuf/internal/__pycache__/containers.cpython-310.pyc
1748487196|Leonardo|A|/venv/lib/python3.10/site-packages/google/protobuf/internal/__pycache__/decoder.cpython-310.pyc
1748487196|Leonardo|A|/venv/lib/python3.10/site-packages/google/protobuf/internal/__pycache__/descriptor_database_test.cpython-310.pyc
1748487196|Leonardo|A|/venv/lib/python3.10/site-packages/google/protobuf/internal/__pycache__/descriptor_pool_test.cpython-310.pyc
1748487196|Leonardo|A|/venv/lib/python3.10/site-packages/google/protobuf/internal/__pycache__/descriptor_pool_test1_pb2.cpython-310.pyc
1748487196|Leonardo|A|/venv/lib/python3.10/site-packages/google/protobuf/internal/__pycache__/descriptor_pool_test2_pb2.cpython-310.pyc
1748487196|Leonardo|A|/venv/lib/python3.10/site-packages/google/protobuf/internal/__pycache__/descriptor_test.cpython-310.pyc
1748487196|Leonardo|A|/venv/lib/python3.10/site-packages/google/protobuf/internal/__pycache__/encoder.cpython-310.pyc
1748487196|Leonardo|A|/venv/lib/python3.10/site-packages/google/protobuf/internal/__pycache__/enum_type_wrapper.cpython-310.pyc
1748487196|Leonardo|A|/venv/lib/python3.10/site-packages/google/protobuf/internal/__pycache__/extension_dict.cpython-310.pyc
1748487196|Leonardo|A|/venv/lib/python3.10/site-packages/google/protobuf/internal/__pycache__/factory_test1_pb2.cpython-310.pyc
1748487196|Leonardo|A|/venv/lib/python3.10/site-packages/google/protobuf/internal/__pycache__/factory_test2_pb2.cpython-310.pyc
1748487196|Leonardo|A|/venv/lib/python3.10/site-packages/google/protobuf/internal/__pycache__/file_options_test_pb2.cpython-310.pyc
1748487196|Leonardo|A|/venv/lib/python3.10/site-packages/google/protobuf/internal/__pycache__/generator_test.cpython-310.pyc
1748487196|Leonardo|A|/venv/lib/python3.10/site-packages/google/protobuf/internal/__pycache__/json_format_test.cpython-310.pyc
1748487196|Leonardo|A|/venv/lib/python3.10/site-packages/google/protobuf/internal/__pycache__/keywords_test.cpython-310.pyc
1748487196|Leonardo|A|/venv/lib/python3.10/site-packages/google/protobuf/internal/__pycache__/message_factory_test.cpython-310.pyc
1748487196|Leonardo|A|/venv/lib/python3.10/site-packages/google/protobuf/internal/__pycache__/message_listener.cpython-310.pyc
1748487196|Leonardo|A|/venv/lib/python3.10/site-packages/google/protobuf/internal/__pycache__/message_set_extensions_pb2.cpython-310.pyc
1748487196|Leonardo|A|/venv/lib/python3.10/site-packages/google/protobuf/internal/__pycache__/message_test.cpython-310.pyc
1748487196|Leonardo|A|/venv/lib/python3.10/site-packages/google/protobuf/internal/__pycache__/missing_enum_values_pb2.cpython-310.pyc
1748487196|Leonardo|A|/venv/lib/python3.10/site-packages/google/protobuf/internal/__pycache__/more_extensions_dynamic_pb2.cpython-310.pyc
1748487196|Leonardo|A|/venv/lib/python3.10/site-packages/google/protobuf/internal/__pycache__/more_extensions_pb2.cpython-310.pyc
1748487196|Leonardo|A|/venv/lib/python3.10/site-packages/google/protobuf/internal/__pycache__/more_messages_pb2.cpython-310.pyc
1748487196|Leonardo|A|/venv/lib/python3.10/site-packages/google/protobuf/internal/__pycache__/no_package_pb2.cpython-310.pyc
1748487196|Leonardo|A|/venv/lib/python3.10/site-packages/google/protobuf/internal/__pycache__/packed_field_test_pb2.cpython-310.pyc
1748487196|Leonardo|A|/venv/lib/python3.10/site-packages/google/protobuf/internal/__pycache__/proto_builder_test.cpython-310.pyc
1748487196|Leonardo|A|/venv/lib/python3.10/site-packages/google/protobuf/internal/__pycache__/python_message.cpython-310.pyc
1748487196|Leonardo|A|/venv/lib/python3.10/site-packages/google/protobuf/internal/__pycache__/reflection_test.cpython-310.pyc
1748487196|Leonardo|A|/venv/lib/python3.10/site-packages/google/protobuf/internal/__pycache__/service_reflection_test.cpython-310.pyc
1748487196|Leonardo|A|/venv/lib/python3.10/site-packages/google/protobuf/internal/__pycache__/symbol_database_test.cpython-310.pyc
1748487196|Leonardo|A|/venv/lib/python3.10/site-packages/google/protobuf/internal/__pycache__/test_bad_identifiers_pb2.cpython-310.pyc
1748487196|Leonardo|A|/venv/lib/python3.10/site-packages/google/protobuf/internal/__pycache__/test_proto3_optional_pb2.cpython-310.pyc
1748487196|Leonardo|A|/venv/lib/python3.10/site-packages/google/protobuf/internal/__pycache__/test_util.cpython-310.pyc
1748487196|Leonardo|A|/venv/lib/python3.10/site-packages/google/protobuf/internal/__pycache__/testing_refleaks.cpython-310.pyc
1748487196|Leonardo|A|/venv/lib/python3.10/site-packages/google/protobuf/internal/__pycache__/text_encoding_test.cpython-310.pyc
1748487196|Leonardo|A|/venv/lib/python3.10/site-packages/google/protobuf/internal/__pycache__/text_format_test.cpython-310.pyc
1748487196|Leonardo|A|/venv/lib/python3.10/site-packages/google/protobuf/internal/__pycache__/type_checkers.cpython-310.pyc
1748487196|Leonardo|A|/venv/lib/python3.10/site-packages/google/protobuf/internal/__pycache__/unknown_fields_test.cpython-310.pyc
1748487196|Leonardo|A|/venv/lib/python3.10/site-packages/google/protobuf/internal/__pycache__/well_known_types.cpython-310.pyc
1748487196|Leonardo|A|/venv/lib/python3.10/site-packages/google/protobuf/internal/__pycache__/well_known_types_test.cpython-310.pyc
1748487196|Leonardo|A|/venv/lib/python3.10/site-packages/google/protobuf/internal/__pycache__/wire_format.cpython-310.pyc
1748487196|Leonardo|A|/venv/lib/python3.10/site-packages/google/protobuf/internal/__pycache__/wire_format_test.cpython-310.pyc
1748487196|Leonardo|A|/venv/lib/python3.10/site-packages/google/protobuf/internal/_parameterized.py
1748487196|Leonardo|A|/venv/lib/python3.10/site-packages/google/protobuf/internal/any_test_pb2.py
1748487196|Leonardo|A|/venv/lib/python3.10/site-packages/google/protobuf/internal/api_implementation.py
1748487196|Leonardo|A|/venv/lib/python3.10/site-packages/google/protobuf/internal/containers.py
1748487196|Leonardo|A|/venv/lib/python3.10/site-packages/google/protobuf/internal/decoder.py
1748487196|Leonardo|A|/venv/lib/python3.10/site-packages/google/protobuf/internal/descriptor_database_test.py
1748487196|Leonardo|A|/venv/lib/python3.10/site-packages/google/protobuf/internal/descriptor_pool_test.py
1748487196|Leonardo|A|/venv/lib/python3.10/site-packages/google/protobuf/internal/descriptor_pool_test1_pb2.py
1748487196|Leonardo|A|/venv/lib/python3.10/site-packages/google/protobuf/internal/descriptor_pool_test2_pb2.py
1748487196|Leonardo|A|/venv/lib/python3.10/site-packages/google/protobuf/internal/descriptor_test.py
1748487196|Leonardo|A|/venv/lib/python3.10/site-packages/google/protobuf/internal/encoder.py
1748487196|Leonardo|A|/venv/lib/python3.10/site-packages/google/protobuf/internal/enum_type_wrapper.py
1748487196|Leonardo|A|/venv/lib/python3.10/site-packages/google/protobuf/internal/extension_dict.py
1748487196|Leonardo|A|/venv/lib/python3.10/site-packages/google/protobuf/internal/factory_test1_pb2.py
1748487196|Leonardo|A|/venv/lib/python3.10/site-packages/google/protobuf/internal/factory_test2_pb2.py
1748487196|Leonardo|A|/venv/lib/python3.10/site-packages/google/protobuf/internal/file_options_test_pb2.py
1748487196|Leonardo|A|/venv/lib/python3.10/site-packages/google/protobuf/internal/generator_test.py
1748487196|Leonardo|A|/venv/lib/python3.10/site-packages/google/protobuf/internal/import_test_package/__init__.py
1748487196|Leonardo|A|/venv/lib/python3.10/site-packages/google/protobuf/internal/import_test_package/__pycache__/__init__.cpython-310.pyc
1748487196|Leonardo|A|/venv/lib/python3.10/site-packages/google/protobuf/internal/import_test_package/__pycache__/inner_pb2.cpython-310.pyc
1748487196|Leonardo|A|/venv/lib/python3.10/site-packages/google/protobuf/internal/import_test_package/__pycache__/outer_pb2.cpython-310.pyc
1748487196|Leonardo|A|/venv/lib/python3.10/site-packages/google/protobuf/internal/import_test_package/inner_pb2.py
1748487196|Leonardo|A|/venv/lib/python3.10/site-packages/google/protobuf/internal/import_test_package/outer_pb2.py
1748487196|Leonardo|A|/venv/lib/python3.10/site-packages/google/protobuf/internal/json_format_test.py
1748487196|Leonardo|A|/venv/lib/python3.10/site-packages/google/protobuf/internal/keywords_test.py
1748487196|Leonardo|A|/venv/lib/python3.10/site-packages/google/protobuf/internal/message_factory_test.py
1748487196|Leonardo|A|/venv/lib/python3.10/site-packages/google/protobuf/internal/message_listener.py
1748487196|Leonardo|A|/venv/lib/python3.10/site-packages/google/protobuf/internal/message_set_extensions_pb2.py
1748487196|Leonardo|A|/venv/lib/python3.10/site-packages/google/protobuf/internal/message_test.py
1748487196|Leonardo|A|/venv/lib/python3.10/site-packages/google/protobuf/internal/missing_enum_values_pb2.py
1748487196|Leonardo|A|/venv/lib/python3.10/site-packages/google/protobuf/internal/more_extensions_dynamic_pb2.py
1748487196|Leonardo|A|/venv/lib/python3.10/site-packages/google/protobuf/internal/more_extensions_pb2.py
1748487196|Leonardo|A|/venv/lib/python3.10/site-packages/google/protobuf/internal/more_messages_pb2.py
1748487196|Leonardo|A|/venv/lib/python3.10/site-packages/google/protobuf/internal/no_package_pb2.py
1748487196|Leonardo|A|/venv/lib/python3.10/site-packages/google/protobuf/internal/packed_field_test_pb2.py
1748487196|Leonardo|A|/venv/lib/python3.10/site-packages/google/protobuf/internal/proto_builder_test.py
1748487196|Leonardo|A|/venv/lib/python3.10/site-packages/google/protobuf/internal/python_message.py
1748487196|Leonardo|A|/venv/lib/python3.10/site-packages/google/protobuf/internal/reflection_test.py
1748487196|Leonardo|A|/venv/lib/python3.10/site-packages/google/protobuf/internal/service_reflection_test.py
1748487196|Leonardo|A|/venv/lib/python3.10/site-packages/google/protobuf/internal/symbol_database_test.py
1748487196|Leonardo|A|/venv/lib/python3.10/site-packages/google/protobuf/internal/test_bad_identifiers_pb2.py
1748487196|Leonardo|A|/venv/lib/python3.10/site-packages/google/protobuf/internal/test_proto3_optional_pb2.py
1748487196|Leonardo|A|/venv/lib/python3.10/site-packages/google/protobuf/internal/test_util.py
1748487196|Leonardo|A|/venv/lib/python3.10/site-packages/google/protobuf/internal/testing_refleaks.py
1748487196|Leonardo|A|/venv/lib/python3.10/site-packages/google/protobuf/internal/text_encoding_test.py
1748487196|Leonardo|A|/venv/lib/python3.10/site-packages/google/protobuf/internal/text_format_test.py
1748487196|Leonardo|A|/venv/lib/python3.10/site-packages/google/protobuf/internal/type_checkers.py
1748487196|Leonardo|A|/venv/lib/python3.10/site-packages/google/protobuf/internal/unknown_fields_test.py
1748487196|Leonardo|A|/venv/lib/python3.10/site-packages/google/protobuf/internal/well_known_types.py
1748487196|Leonardo|A|/venv/lib/python3.10/site-packages/google/protobuf/internal/well_known_types_test.py
1748487196|Leonardo|A|/venv/lib/python3.10/site-packages/google/protobuf/internal/wire_format.py
1748487196|Leonardo|A|/venv/lib/python3.10/site-packages/google/protobuf/internal/wire_format_test.py
1748487196|Leonardo|A|/venv/lib/python3.10/site-packages/google/protobuf/json_format.py
1748487196|Leonardo|A|/venv/lib/python3.10/site-packages/google/protobuf/map_proto2_unittest_pb2.py
1748487196|Leonardo|A|/venv/lib/python3.10/site-packages/google/protobuf/map_unittest_pb2.py
1748487196|Leonardo|A|/venv/lib/python3.10/site-packages/google/protobuf/message.py
1748487196|Leonardo|A|/venv/lib/python3.10/site-packages/google/protobuf/message_factory.py
1748487196|Leonardo|A|/venv/lib/python3.10/site-packages/google/protobuf/proto_builder.py
1748487196|Leonardo|A|/venv/lib/python3.10/site-packages/google/protobuf/pyext/__init__.py
1748487196|Leonardo|A|/venv/lib/python3.10/site-packages/google/protobuf/pyext/__pycache__/__init__.cpython-310.pyc
1748487196|Leonardo|A|/venv/lib/python3.10/site-packages/google/protobuf/pyext/__pycache__/cpp_message.cpython-310.pyc
1748487196|Leonardo|A|/venv/lib/python3.10/site-packages/google/protobuf/pyext/__pycache__/python_pb2.cpython-310.pyc
1748487196|Leonardo|A|/venv/lib/python3.10/site-packages/google/protobuf/pyext/cpp_message.py
1748487196|Leonardo|A|/venv/lib/python3.10/site-packages/google/protobuf/pyext/python_pb2.py
1748487196|Leonardo|A|/venv/lib/python3.10/site-packages/google/protobuf/reflection.py
1748487196|Leonardo|A|/venv/lib/python3.10/site-packages/google/protobuf/service.py
1748487196|Leonardo|A|/venv/lib/python3.10/site-packages/google/protobuf/service_reflection.py
1748487196|Leonardo|A|/venv/lib/python3.10/site-packages/google/protobuf/source_context_pb2.py
1748487196|Leonardo|A|/venv/lib/python3.10/site-packages/google/protobuf/struct_pb2.py
1748487196|Leonardo|A|/venv/lib/python3.10/site-packages/google/protobuf/symbol_database.py
1748487196|Leonardo|A|/venv/lib/python3.10/site-packages/google/protobuf/test_messages_proto2_pb2.py
1748487196|Leonardo|A|/venv/lib/python3.10/site-packages/google/protobuf/test_messages_proto3_pb2.py
1748487196|Leonardo|A|/venv/lib/python3.10/site-packages/google/protobuf/text_encoding.py
1748487196|Leonardo|A|/venv/lib/python3.10/site-packages/google/protobuf/text_format.py
1748487196|Leonardo|A|/venv/lib/python3.10/site-packages/google/protobuf/timestamp_pb2.py
1748487196|Leonardo|A|/venv/lib/python3.10/site-packages/google/protobuf/type_pb2.py
1748487196|Leonardo|A|/venv/lib/python3.10/site-packages/google/protobuf/unittest_arena_pb2.py
1748487196|Leonardo|A|/venv/lib/python3.10/site-packages/google/protobuf/unittest_custom_options_pb2.py
1748487196|Leonardo|A|/venv/lib/python3.10/site-packages/google/protobuf/unittest_import_pb2.py
1748487196|Leonardo|A|/venv/lib/python3.10/site-packages/google/protobuf/unittest_import_public_pb2.py
1748487196|Leonardo|A|/venv/lib/python3.10/site-packages/google/protobuf/unittest_mset_pb2.py
1748487196|Leonardo|A|/venv/lib/python3.10/site-packages/google/protobuf/unittest_mset_wire_format_pb2.py
1748487196|Leonardo|A|/venv/lib/python3.10/site-packages/google/protobuf/unittest_no_arena_import_pb2.py
1748487196|Leonardo|A|/venv/lib/python3.10/site-packages/google/protobuf/unittest_no_arena_pb2.py
1748487196|Leonardo|A|/venv/lib/python3.10/site-packages/google/protobuf/unittest_no_generic_services_pb2.py
1748487196|Leonardo|A|/venv/lib/python3.10/site-packages/google/protobuf/unittest_pb2.py
1748487196|Leonardo|A|/venv/lib/python3.10/site-packages/google/protobuf/unittest_proto3_arena_pb2.py
1748487196|Leonardo|A|/venv/lib/python3.10/site-packages/google/protobuf/util/__init__.py
1748487196|Leonardo|A|/venv/lib/python3.10/site-packages/google/protobuf/util/__pycache__/__init__.cpython-310.pyc
1748487196|Leonardo|A|/venv/lib/python3.10/site-packages/google/protobuf/util/__pycache__/json_format_pb2.cpython-310.pyc
1748487196|Leonardo|A|/venv/lib/python3.10/site-packages/google/protobuf/util/__pycache__/json_format_proto3_pb2.cpython-310.pyc
1748487196|Leonardo|A|/venv/lib/python3.10/site-packages/google/protobuf/util/json_format_pb2.py
1748487196|Leonardo|A|/venv/lib/python3.10/site-packages/google/protobuf/util/json_format_proto3_pb2.py
1748487196|Leonardo|A|/venv/lib/python3.10/site-packages/google/protobuf/wrappers_pb2.py
1748487196|Leonardo|M|/venv/lib/python3.10/site-packages/greenlet/__pycache__/__init__.cpython-310.pyc
1748487196|Leonardo|A|/venv/lib/python3.10/site-packages/html5lib-1.1.dist-info/AUTHORS.rst
1748487196|Leonardo|A|/venv/lib/python3.10/site-packages/html5lib-1.1.dist-info/INSTALLER
1748487196|Leonardo|A|/venv/lib/python3.10/site-packages/html5lib-1.1.dist-info/LICENSE
1748487196|Leonardo|A|/venv/lib/python3.10/site-packages/html5lib-1.1.dist-info/METADATA
1748487196|Leonardo|A|/venv/lib/python3.10/site-packages/html5lib-1.1.dist-info/RECORD
1748487196|Leonardo|A|/venv/lib/python3.10/site-packages/html5lib-1.1.dist-info/WHEEL
1748487196|Leonardo|A|/venv/lib/python3.10/site-packages/html5lib-1.1.dist-info/top_level.txt
1748487196|Leonardo|A|/venv/lib/python3.10/site-packages/html5lib/__init__.py
1748487196|Leonardo|A|/venv/lib/python3.10/site-packages/html5lib/__pycache__/__init__.cpython-310.pyc
1748487196|Leonardo|A|/venv/lib/python3.10/site-packages/html5lib/__pycache__/_ihatexml.cpython-310.pyc
1748487196|Leonardo|A|/venv/lib/python3.10/site-packages/html5lib/__pycache__/_inputstream.cpython-310.pyc
1748487196|Leonardo|A|/venv/lib/python3.10/site-packages/html5lib/__pycache__/_tokenizer.cpython-310.pyc
1748487196|Leonardo|A|/venv/lib/python3.10/site-packages/html5lib/__pycache__/_utils.cpython-310.pyc
1748487196|Leonardo|A|/venv/lib/python3.10/site-packages/html5lib/__pycache__/constants.cpython-310.pyc
1748487196|Leonardo|A|/venv/lib/python3.10/site-packages/html5lib/__pycache__/html5parser.cpython-310.pyc
1748487196|Leonardo|A|/venv/lib/python3.10/site-packages/html5lib/__pycache__/serializer.cpython-310.pyc
1748487196|Leonardo|A|/venv/lib/python3.10/site-packages/html5lib/_ihatexml.py
1748487196|Leonardo|A|/venv/lib/python3.10/site-packages/html5lib/_inputstream.py
1748487196|Leonardo|A|/venv/lib/python3.10/site-packages/html5lib/_tokenizer.py
1748487196|Leonardo|A|/venv/lib/python3.10/site-packages/html5lib/_trie/__init__.py
1748487196|Leonardo|A|/venv/lib/python3.10/site-packages/html5lib/_trie/__pycache__/__init__.cpython-310.pyc
1748487196|Leonardo|A|/venv/lib/python3.10/site-packages/html5lib/_trie/__pycache__/_base.cpython-310.pyc
1748487196|Leonardo|A|/venv/lib/python3.10/site-packages/html5lib/_trie/__pycache__/py.cpython-310.pyc
1748487196|Leonardo|A|/venv/lib/python3.10/site-packages/html5lib/_trie/_base.py
1748487196|Leonardo|A|/venv/lib/python3.10/site-packages/html5lib/_trie/py.py
1748487196|Leonardo|A|/venv/lib/python3.10/site-packages/html5lib/_utils.py
1748487196|Leonardo|A|/venv/lib/python3.10/site-packages/html5lib/constants.py
1748487196|Leonardo|A|/venv/lib/python3.10/site-packages/html5lib/filters/__init__.py
1748487196|Leonardo|A|/venv/lib/python3.10/site-packages/html5lib/filters/__pycache__/__init__.cpython-310.pyc
1748487196|Leonardo|A|/venv/lib/python3.10/site-packages/html5lib/filters/__pycache__/alphabeticalattributes.cpython-310.pyc
1748487196|Leonardo|A|/venv/lib/python3.10/site-packages/html5lib/filters/__pycache__/base.cpython-310.pyc
1748487196|Leonardo|A|/venv/lib/python3.10/site-packages/html5lib/filters/__pycache__/inject_meta_charset.cpython-310.pyc
1748487196|Leonardo|A|/venv/lib/python3.10/site-packages/html5lib/filters/__pycache__/lint.cpython-310.pyc
1748487196|Leonardo|A|/venv/lib/python3.10/site-packages/html5lib/filters/__pycache__/optionaltags.cpython-310.pyc
1748487196|Leonardo|A|/venv/lib/python3.10/site-packages/html5lib/filters/__pycache__/sanitizer.cpython-310.pyc
1748487196|Leonardo|A|/venv/lib/python3.10/site-packages/html5lib/filters/__pycache__/whitespace.cpython-310.pyc
1748487196|Leonardo|A|/venv/lib/python3.10/site-packages/html5lib/filters/alphabeticalattributes.py
1748487196|Leonardo|A|/venv/lib/python3.10/site-packages/html5lib/filters/base.py
1748487196|Leonardo|A|/venv/lib/python3.10/site-packages/html5lib/filters/inject_meta_charset.py
1748487196|Leonardo|A|/venv/lib/python3.10/site-packages/html5lib/filters/lint.py
1748487196|Leonardo|A|/venv/lib/python3.10/site-packages/html5lib/filters/optionaltags.py
1748487196|Leonardo|A|/venv/lib/python3.10/site-packages/html5lib/filters/sanitizer.py
1748487196|Leonardo|A|/venv/lib/python3.10/site-packages/html5lib/filters/whitespace.py
1748487196|Leonardo|A|/venv/lib/python3.10/site-packages/html5lib/html5parser.py
1748487196|Leonardo|A|/venv/lib/python3.10/site-packages/html5lib/serializer.py
1748487196|Leonardo|A|/venv/lib/python3.10/site-packages/html5lib/treeadapters/__init__.py
1748487196|Leonardo|A|/venv/lib/python3.10/site-packages/html5lib/treeadapters/__pycache__/__init__.cpython-310.pyc
1748487196|Leonardo|A|/venv/lib/python3.10/site-packages/html5lib/treeadapters/__pycache__/genshi.cpython-310.pyc
1748487196|Leonardo|A|/venv/lib/python3.10/site-packages/html5lib/treeadapters/__pycache__/sax.cpython-310.pyc
1748487196|Leonardo|A|/venv/lib/python3.10/site-packages/html5lib/treeadapters/genshi.py
1748487196|Leonardo|A|/venv/lib/python3.10/site-packages/html5lib/treeadapters/sax.py
1748487196|Leonardo|A|/venv/lib/python3.10/site-packages/html5lib/treebuilders/__init__.py
1748487196|Leonardo|A|/venv/lib/python3.10/site-packages/html5lib/treebuilders/__pycache__/__init__.cpython-310.pyc
1748487196|Leonardo|A|/venv/lib/python3.10/site-packages/html5lib/treebuilders/__pycache__/base.cpython-310.pyc
1748487196|Leonardo|A|/venv/lib/python3.10/site-packages/html5lib/treebuilders/__pycache__/dom.cpython-310.pyc
1748487196|Leonardo|A|/venv/lib/python3.10/site-packages/html5lib/treebuilders/__pycache__/etree.cpython-310.pyc
1748487196|Leonardo|A|/venv/lib/python3.10/site-packages/html5lib/treebuilders/__pycache__/etree_lxml.cpython-310.pyc
1748487196|Leonardo|A|/venv/lib/python3.10/site-packages/html5lib/treebuilders/base.py
1748487196|Leonardo|A|/venv/lib/python3.10/site-packages/html5lib/treebuilders/dom.py
1748487196|Leonardo|A|/venv/lib/python3.10/site-packages/html5lib/treebuilders/etree.py
1748487196|Leonardo|A|/venv/lib/python3.10/site-packages/html5lib/treebuilders/etree_lxml.py
1748487196|Leonardo|A|/venv/lib/python3.10/site-packages/html5lib/treewalkers/__init__.py
1748487196|Leonardo|A|/venv/lib/python3.10/site-packages/html5lib/treewalkers/__pycache__/__init__.cpython-310.pyc
1748487196|Leonardo|A|/venv/lib/python3.10/site-packages/html5lib/treewalkers/__pycache__/base.cpython-310.pyc
1748487196|Leonardo|A|/venv/lib/python3.10/site-packages/html5lib/treewalkers/__pycache__/dom.cpython-310.pyc
1748487196|Leonardo|A|/venv/lib/python3.10/site-packages/html5lib/treewalkers/__pycache__/etree.cpython-310.pyc
1748487196|Leonardo|A|/venv/lib/python3.10/site-packages/html5lib/treewalkers/__pycache__/etree_lxml.cpython-310.pyc
1748487196|Leonardo|A|/venv/lib/python3.10/site-packages/html5lib/treewalkers/__pycache__/genshi.cpython-310.pyc
1748487196|Leonardo|A|/venv/lib/python3.10/site-packages/html5lib/treewalkers/base.py
1748487196|Leonardo|A|/venv/lib/python3.10/site-packages/html5lib/treewalkers/dom.py
1748487196|Leonardo|A|/venv/lib/python3.10/site-packages/html5lib/treewalkers/etree.py
1748487196|Leonardo|A|/venv/lib/python3.10/site-packages/html5lib/treewalkers/etree_lxml.py
1748487196|Leonardo|A|/venv/lib/python3.10/site-packages/html5lib/treewalkers/genshi.py
1748487196|Leonardo|A|/venv/lib/python3.10/site-packages/idna-3.10.dist-info/INSTALLER
1748487196|Leonardo|A|/venv/lib/python3.10/site-packages/idna-3.10.dist-info/LICENSE.md
1748487196|Leonardo|A|/venv/lib/python3.10/site-packages/idna-3.10.dist-info/METADATA
1748487196|Leonardo|A|/venv/lib/python3.10/site-packages/idna-3.10.dist-info/RECORD
1748487196|Leonardo|A|/venv/lib/python3.10/site-packages/idna-3.10.dist-info/WHEEL
1748487196|Leonardo|A|/venv/lib/python3.10/site-packages/idna/__init__.py
1748487196|Leonardo|A|/venv/lib/python3.10/site-packages/idna/__pycache__/__init__.cpython-310.pyc
1748487196|Leonardo|A|/venv/lib/python3.10/site-packages/idna/__pycache__/codec.cpython-310.pyc
1748487196|Leonardo|A|/venv/lib/python3.10/site-packages/idna/__pycache__/compat.cpython-310.pyc
1748487196|Leonardo|A|/venv/lib/python3.10/site-packages/idna/__pycache__/core.cpython-310.pyc
1748487196|Leonardo|A|/venv/lib/python3.10/site-packages/idna/__pycache__/idnadata.cpython-310.pyc
1748487196|Leonardo|A|/venv/lib/python3.10/site-packages/idna/__pycache__/intranges.cpython-310.pyc
1748487196|Leonardo|A|/venv/lib/python3.10/site-packages/idna/__pycache__/package_data.cpython-310.pyc
1748487196|Leonardo|A|/venv/lib/python3.10/site-packages/idna/__pycache__/uts46data.cpython-310.pyc
1748487196|Leonardo|A|/venv/lib/python3.10/site-packages/idna/codec.py
1748487196|Leonardo|A|/venv/lib/python3.10/site-packages/idna/compat.py
1748487196|Leonardo|A|/venv/lib/python3.10/site-packages/idna/core.py
1748487196|Leonardo|A|/venv/lib/python3.10/site-packages/idna/idnadata.py
1748487196|Leonardo|A|/venv/lib/python3.10/site-packages/idna/intranges.py
1748487196|Leonardo|A|/venv/lib/python3.10/site-packages/idna/package_data.py
1748487196|Leonardo|A|/venv/lib/python3.10/site-packages/idna/py.typed
1748487196|Leonardo|A|/venv/lib/python3.10/site-packages/idna/uts46data.py
1748487196|Leonardo|M|/venv/lib/python3.10/site-packages/itsdangerous/__pycache__/__init__.cpython-310.pyc
1748487196|Leonardo|M|/venv/lib/python3.10/site-packages/itsdangerous/__pycache__/_json.cpython-310.pyc
1748487196|Leonardo|M|/venv/lib/python3.10/site-packages/itsdangerous/__pycache__/encoding.cpython-310.pyc
1748487196|Leonardo|M|/venv/lib/python3.10/site-packages/itsdangerous/__pycache__/exc.cpython-310.pyc
1748487196|Leonardo|M|/venv/lib/python3.10/site-packages/itsdangerous/__pycache__/serializer.cpython-310.pyc
1748487196|Leonardo|M|/venv/lib/python3.10/site-packages/itsdangerous/__pycache__/signer.cpython-310.pyc
1748487196|Leonardo|M|/venv/lib/python3.10/site-packages/itsdangerous/__pycache__/timed.cpython-310.pyc
1748487196|Leonardo|M|/venv/lib/python3.10/site-packages/itsdangerous/__pycache__/url_safe.cpython-310.pyc
1748487196|Leonardo|A|/venv/lib/python3.10/site-packages/jeepney-0.9.0.dist-info/INSTALLER
1748487196|Leonardo|A|/venv/lib/python3.10/site-packages/jeepney-0.9.0.dist-info/METADATA
1748487196|Leonardo|A|/venv/lib/python3.10/site-packages/jeepney-0.9.0.dist-info/RECORD
1748487196|Leonardo|A|/venv/lib/python3.10/site-packages/jeepney-0.9.0.dist-info/WHEEL
1748487196|Leonardo|A|/venv/lib/python3.10/site-packages/jeepney-0.9.0.dist-info/licenses/LICENSE
1748487196|Leonardo|A|/venv/lib/python3.10/site-packages/jeepney/__init__.py
1748487196|Leonardo|A|/venv/lib/python3.10/site-packages/jeepney/__pycache__/__init__.cpython-310.pyc
1748487196|Leonardo|A|/venv/lib/python3.10/site-packages/jeepney/__pycache__/auth.cpython-310.pyc
1748487196|Leonardo|A|/venv/lib/python3.10/site-packages/jeepney/__pycache__/bindgen.cpython-310.pyc
1748487196|Leonardo|A|/venv/lib/python3.10/site-packages/jeepney/__pycache__/bus.cpython-310.pyc
1748487196|Leonardo|A|/venv/lib/python3.10/site-packages/jeepney/__pycache__/bus_messages.cpython-310.pyc
1748487196|Leonardo|A|/venv/lib/python3.10/site-packages/jeepney/__pycache__/fds.cpython-310.pyc
1748487196|Leonardo|A|/venv/lib/python3.10/site-packages/jeepney/__pycache__/low_level.cpython-310.pyc
1748487196|Leonardo|A|/venv/lib/python3.10/site-packages/jeepney/__pycache__/wrappers.cpython-310.pyc
1748487196|Leonardo|A|/venv/lib/python3.10/site-packages/jeepney/auth.py
1748487196|Leonardo|A|/venv/lib/python3.10/site-packages/jeepney/bindgen.py
1748487196|Leonardo|A|/venv/lib/python3.10/site-packages/jeepney/bus.py
1748487196|Leonardo|A|/venv/lib/python3.10/site-packages/jeepney/bus_messages.py
1748487196|Leonardo|A|/venv/lib/python3.10/site-packages/jeepney/fds.py
1748487196|Leonardo|A|/venv/lib/python3.10/site-packages/jeepney/io/__init__.py
1748487196|Leonardo|A|/venv/lib/python3.10/site-packages/jeepney/io/__pycache__/__init__.cpython-310.pyc
1748487196|Leonardo|A|/venv/lib/python3.10/site-packages/jeepney/io/__pycache__/asyncio.cpython-310.pyc
1748487196|Leonardo|A|/venv/lib/python3.10/site-packages/jeepney/io/__pycache__/blocking.cpython-310.pyc
1748487196|Leonardo|A|/venv/lib/python3.10/site-packages/jeepney/io/__pycache__/common.cpython-310.pyc
1748487196|Leonardo|A|/venv/lib/python3.10/site-packages/jeepney/io/__pycache__/threading.cpython-310.pyc
1748487196|Leonardo|A|/venv/lib/python3.10/site-packages/jeepney/io/__pycache__/trio.cpython-310.pyc
1748487196|Leonardo|A|/venv/lib/python3.10/site-packages/jeepney/io/asyncio.py
1748487196|Leonardo|A|/venv/lib/python3.10/site-packages/jeepney/io/blocking.py
1748487196|Leonardo|A|/venv/lib/python3.10/site-packages/jeepney/io/common.py
1748487196|Leonardo|A|/venv/lib/python3.10/site-packages/jeepney/io/tests/__init__.py
1748487196|Leonardo|A|/venv/lib/python3.10/site-packages/jeepney/io/tests/__pycache__/__init__.cpython-310.pyc
1748487196|Leonardo|A|/venv/lib/python3.10/site-packages/jeepney/io/tests/__pycache__/conftest.cpython-310.pyc
1748487196|Leonardo|A|/venv/lib/python3.10/site-packages/jeepney/io/tests/__pycache__/test_asyncio.cpython-310.pyc
1748487196|Leonardo|A|/venv/lib/python3.10/site-packages/jeepney/io/tests/__pycache__/test_blocking.cpython-310.pyc
1748487196|Leonardo|A|/venv/lib/python3.10/site-packages/jeepney/io/tests/__pycache__/test_threading.cpython-310.pyc
1748487196|Leonardo|A|/venv/lib/python3.10/site-packages/jeepney/io/tests/__pycache__/test_trio.cpython-310.pyc
1748487196|Leonardo|A|/venv/lib/python3.10/site-packages/jeepney/io/tests/__pycache__/utils.cpython-310.pyc
1748487196|Leonardo|A|/venv/lib/python3.10/site-packages/jeepney/io/tests/conftest.py
1748487196|Leonardo|A|/venv/lib/python3.10/site-packages/jeepney/io/tests/test_asyncio.py
1748487196|Leonardo|A|/venv/lib/python3.10/site-packages/jeepney/io/tests/test_blocking.py
1748487196|Leonardo|A|/venv/lib/python3.10/site-packages/jeepney/io/tests/test_threading.py
1748487196|Leonardo|A|/venv/lib/python3.10/site-packages/jeepney/io/tests/test_trio.py
1748487196|Leonardo|A|/venv/lib/python3.10/site-packages/jeepney/io/tests/utils.py
1748487196|Leonardo|A|/venv/lib/python3.10/site-packages/jeepney/io/threading.py
1748487196|Leonardo|A|/venv/lib/python3.10/site-packages/jeepney/io/trio.py
1748487196|Leonardo|A|/venv/lib/python3.10/site-packages/jeepney/low_level.py
1748487196|Leonardo|A|/venv/lib/python3.10/site-packages/jeepney/tests/__init__.py
1748487196|Leonardo|A|/venv/lib/python3.10/site-packages/jeepney/tests/__pycache__/__init__.cpython-310.pyc
1748487196|Leonardo|A|/venv/lib/python3.10/site-packages/jeepney/tests/__pycache__/test_auth.cpython-310.pyc
1748487196|Leonardo|A|/venv/lib/python3.10/site-packages/jeepney/tests/__pycache__/test_bindgen.cpython-310.pyc
1748487196|Leonardo|A|/venv/lib/python3.10/site-packages/jeepney/tests/__pycache__/test_bus.cpython-310.pyc
1748487196|Leonardo|A|/venv/lib/python3.10/site-packages/jeepney/tests/__pycache__/test_bus_messages.cpython-310.pyc
1748487196|Leonardo|A|/venv/lib/python3.10/site-packages/jeepney/tests/__pycache__/test_fds.cpython-310.pyc
1748487196|Leonardo|A|/venv/lib/python3.10/site-packages/jeepney/tests/__pycache__/test_low_level.cpython-310.pyc
1748487196|Leonardo|A|/venv/lib/python3.10/site-packages/jeepney/tests/__pycache__/test_wrappers.cpython-310.pyc
1748487196|Leonardo|A|/venv/lib/python3.10/site-packages/jeepney/tests/secrets_introspect.xml
1748487196|Leonardo|A|/venv/lib/python3.10/site-packages/jeepney/tests/test_auth.py
1748487196|Leonardo|A|/venv/lib/python3.10/site-packages/jeepney/tests/test_bindgen.py
1748487196|Leonardo|A|/venv/lib/python3.10/site-packages/jeepney/tests/test_bus.py
1748487196|Leonardo|A|/venv/lib/python3.10/site-packages/jeepney/tests/test_bus_messages.py
1748487196|Leonardo|A|/venv/lib/python3.10/site-packages/jeepney/tests/test_fds.py
1748487196|Leonardo|A|/venv/lib/python3.10/site-packages/jeepney/tests/test_low_level.py
1748487196|Leonardo|A|/venv/lib/python3.10/site-packages/jeepney/tests/test_wrappers.py
1748487196|Leonardo|A|/venv/lib/python3.10/site-packages/jeepney/wrappers.py
1748487196|Leonardo|M|/venv/lib/python3.10/site-packages/jinja2/__pycache__/__init__.cpython-310.pyc
1748487196|Leonardo|M|/venv/lib/python3.10/site-packages/jinja2/__pycache__/_identifier.cpython-310.pyc
1748487196|Leonardo|M|/venv/lib/python3.10/site-packages/jinja2/__pycache__/async_utils.cpython-310.pyc
1748487196|Leonardo|M|/venv/lib/python3.10/site-packages/jinja2/__pycache__/bccache.cpython-310.pyc
1748487196|Leonardo|M|/venv/lib/python3.10/site-packages/jinja2/__pycache__/compiler.cpython-310.pyc
1748487196|Leonardo|M|/venv/lib/python3.10/site-packages/jinja2/__pycache__/defaults.cpython-310.pyc
1748487196|Leonardo|M|/venv/lib/python3.10/site-packages/jinja2/__pycache__/environment.cpython-310.pyc
1748487196|Leonardo|M|/venv/lib/python3.10/site-packages/jinja2/__pycache__/exceptions.cpython-310.pyc
1748487196|Leonardo|M|/venv/lib/python3.10/site-packages/jinja2/__pycache__/filters.cpython-310.pyc
1748487196|Leonardo|M|/venv/lib/python3.10/site-packages/jinja2/__pycache__/idtracking.cpython-310.pyc
1748487196|Leonardo|M|/venv/lib/python3.10/site-packages/jinja2/__pycache__/lexer.cpython-310.pyc
1748487196|Leonardo|M|/venv/lib/python3.10/site-packages/jinja2/__pycache__/loaders.cpython-310.pyc
1748487196|Leonardo|M|/venv/lib/python3.10/site-packages/jinja2/__pycache__/nodes.cpython-310.pyc
1748487196|Leonardo|M|/venv/lib/python3.10/site-packages/jinja2/__pycache__/optimizer.cpython-310.pyc
1748487196|Leonardo|M|/venv/lib/python3.10/site-packages/jinja2/__pycache__/parser.cpython-310.pyc
1748487196|Leonardo|M|/venv/lib/python3.10/site-packages/jinja2/__pycache__/runtime.cpython-310.pyc
1748487196|Leonardo|M|/venv/lib/python3.10/site-packages/jinja2/__pycache__/tests.cpython-310.pyc
1748487196|Leonardo|M|/venv/lib/python3.10/site-packages/jinja2/__pycache__/utils.cpython-310.pyc
1748487196|Leonardo|M|/venv/lib/python3.10/site-packages/jinja2/__pycache__/visitor.cpython-310.pyc
1748487196|Leonardo|A|/venv/lib/python3.10/site-packages/keyring-21.8.0.dist-info/INSTALLER
1748487196|Leonardo|A|/venv/lib/python3.10/site-packages/keyring-21.8.0.dist-info/LICENSE
1748487196|Leonardo|A|/venv/lib/python3.10/site-packages/keyring-21.8.0.dist-info/METADATA
1748487196|Leonardo|A|/venv/lib/python3.10/site-packages/keyring-21.8.0.dist-info/RECORD
1748487196|Leonardo|A|/venv/lib/python3.10/site-packages/keyring-21.8.0.dist-info/WHEEL
1748487196|Leonardo|A|/venv/lib/python3.10/site-packages/keyring-21.8.0.dist-info/entry_points.txt
1748487196|Leonardo|A|/venv/lib/python3.10/site-packages/keyring-21.8.0.dist-info/top_level.txt
1748487196|Leonardo|A|/venv/lib/python3.10/site-packages/keyring/__init__.py
1748487196|Leonardo|A|/venv/lib/python3.10/site-packages/keyring/__main__.py
1748487196|Leonardo|A|/venv/lib/python3.10/site-packages/keyring/__pycache__/__init__.cpython-310.pyc
1748487196|Leonardo|A|/venv/lib/python3.10/site-packages/keyring/__pycache__/__main__.cpython-310.pyc
1748487196|Leonardo|A|/venv/lib/python3.10/site-packages/keyring/__pycache__/backend.cpython-310.pyc
1748487196|Leonardo|A|/venv/lib/python3.10/site-packages/keyring/__pycache__/cli.cpython-310.pyc
1748487196|Leonardo|A|/venv/lib/python3.10/site-packages/keyring/__pycache__/core.cpython-310.pyc
1748487196|Leonardo|A|/venv/lib/python3.10/site-packages/keyring/__pycache__/credentials.cpython-310.pyc
1748487196|Leonardo|A|/venv/lib/python3.10/site-packages/keyring/__pycache__/devpi_client.cpython-310.pyc
1748487196|Leonardo|A|/venv/lib/python3.10/site-packages/keyring/__pycache__/errors.cpython-310.pyc
1748487196|Leonardo|A|/venv/lib/python3.10/site-packages/keyring/__pycache__/http.cpython-310.pyc
1748487196|Leonardo|A|/venv/lib/python3.10/site-packages/keyring/backend.py
1748487196|Leonardo|A|/venv/lib/python3.10/site-packages/keyring/backends/OS_X.py
1748487196|Leonardo|A|/venv/lib/python3.10/site-packages/keyring/backends/SecretService.py
1748487196|Leonardo|A|/venv/lib/python3.10/site-packages/keyring/backends/Windows.py
1748487196|Leonardo|A|/venv/lib/python3.10/site-packages/keyring/backends/_OS_X_API.py
1748487196|Leonardo|A|/venv/lib/python3.10/site-packages/keyring/backends/__init__.py
1748487196|Leonardo|A|/venv/lib/python3.10/site-packages/keyring/backends/__pycache__/OS_X.cpython-310.pyc
1748487196|Leonardo|A|/venv/lib/python3.10/site-packages/keyring/backends/__pycache__/SecretService.cpython-310.pyc
1748487196|Leonardo|A|/venv/lib/python3.10/site-packages/keyring/backends/__pycache__/Windows.cpython-310.pyc
1748487196|Leonardo|A|/venv/lib/python3.10/site-packages/keyring/backends/__pycache__/_OS_X_API.cpython-310.pyc
1748487196|Leonardo|A|/venv/lib/python3.10/site-packages/keyring/backends/__pycache__/__init__.cpython-310.pyc
1748487196|Leonardo|A|/venv/lib/python3.10/site-packages/keyring/backends/__pycache__/chainer.cpython-310.pyc
1748487196|Leonardo|A|/venv/lib/python3.10/site-packages/keyring/backends/__pycache__/fail.cpython-310.pyc
1748487196|Leonardo|A|/venv/lib/python3.10/site-packages/keyring/backends/__pycache__/kwallet.cpython-310.pyc
1748487196|Leonardo|A|/venv/lib/python3.10/site-packages/keyring/backends/__pycache__/null.cpython-310.pyc
1748487196|Leonardo|A|/venv/lib/python3.10/site-packages/keyring/backends/chainer.py
1748487196|Leonardo|A|/venv/lib/python3.10/site-packages/keyring/backends/fail.py
1748487196|Leonardo|A|/venv/lib/python3.10/site-packages/keyring/backends/kwallet.py
1748487196|Leonardo|A|/venv/lib/python3.10/site-packages/keyring/backends/null.py
1748487196|Leonardo|A|/venv/lib/python3.10/site-packages/keyring/cli.py
1748487196|Leonardo|A|/venv/lib/python3.10/site-packages/keyring/core.py
1748487196|Leonardo|A|/venv/lib/python3.10/site-packages/keyring/credentials.py
1748487196|Leonardo|A|/venv/lib/python3.10/site-packages/keyring/devpi_client.py
1748487196|Leonardo|A|/venv/lib/python3.10/site-packages/keyring/errors.py
1748487196|Leonardo|A|/venv/lib/python3.10/site-packages/keyring/http.py
1748487196|Leonardo|A|/venv/lib/python3.10/site-packages/keyring/py.typed
1748487196|Leonardo|A|/venv/lib/python3.10/site-packages/keyring/testing/__init__.py
1748487196|Leonardo|A|/venv/lib/python3.10/site-packages/keyring/testing/__pycache__/__init__.cpython-310.pyc
1748487196|Leonardo|A|/venv/lib/python3.10/site-packages/keyring/testing/__pycache__/backend.cpython-310.pyc
1748487196|Leonardo|A|/venv/lib/python3.10/site-packages/keyring/testing/__pycache__/util.cpython-310.pyc
1748487196|Leonardo|A|/venv/lib/python3.10/site-packages/keyring/testing/backend.py
1748487196|Leonardo|A|/venv/lib/python3.10/site-packages/keyring/testing/util.py
1748487196|Leonardo|A|/venv/lib/python3.10/site-packages/keyring/util/__init__.py
1748487196|Leonardo|A|/venv/lib/python3.10/site-packages/keyring/util/__pycache__/__init__.cpython-310.pyc
1748487196|Leonardo|A|/venv/lib/python3.10/site-packages/keyring/util/__pycache__/platform_.cpython-310.pyc
1748487196|Leonardo|A|/venv/lib/python3.10/site-packages/keyring/util/__pycache__/properties.cpython-310.pyc
1748487196|Leonardo|A|/venv/lib/python3.10/site-packages/keyring/util/platform_.py
1748487196|Leonardo|A|/venv/lib/python3.10/site-packages/keyring/util/properties.py
1748487196|Leonardo|A|/venv/lib/python3.10/site-packages/lockfile-0.12.2.dist-info/DESCRIPTION.rst
1748487196|Leonardo|A|/venv/lib/python3.10/site-packages/lockfile-0.12.2.dist-info/INSTALLER
1748487196|Leonardo|A|/venv/lib/python3.10/site-packages/lockfile-0.12.2.dist-info/METADATA
1748487196|Leonardo|A|/venv/lib/python3.10/site-packages/lockfile-0.12.2.dist-info/RECORD
1748487196|Leonardo|A|/venv/lib/python3.10/site-packages/lockfile-0.12.2.dist-info/WHEEL
1748487196|Leonardo|A|/venv/lib/python3.10/site-packages/lockfile-0.12.2.dist-info/metadata.json
1748487196|Leonardo|A|/venv/lib/python3.10/site-packages/lockfile-0.12.2.dist-info/pbr.json
1748487196|Leonardo|A|/venv/lib/python3.10/site-packages/lockfile-0.12.2.dist-info/top_level.txt
1748487196|Leonardo|A|/venv/lib/python3.10/site-packages/lockfile/__init__.py
1748487196|Leonardo|A|/venv/lib/python3.10/site-packages/lockfile/__pycache__/__init__.cpython-310.pyc
1748487196|Leonardo|A|/venv/lib/python3.10/site-packages/lockfile/__pycache__/linklockfile.cpython-310.pyc
1748487196|Leonardo|A|/venv/lib/python3.10/site-packages/lockfile/__pycache__/mkdirlockfile.cpython-310.pyc
1748487196|Leonardo|A|/venv/lib/python3.10/site-packages/lockfile/__pycache__/pidlockfile.cpython-310.pyc
1748487196|Leonardo|A|/venv/lib/python3.10/site-packages/lockfile/__pycache__/sqlitelockfile.cpython-310.pyc
1748487196|Leonardo|A|/venv/lib/python3.10/site-packages/lockfile/__pycache__/symlinklockfile.cpython-310.pyc
1748487196|Leonardo|A|/venv/lib/python3.10/site-packages/lockfile/linklockfile.py
1748487196|Leonardo|A|/venv/lib/python3.10/site-packages/lockfile/mkdirlockfile.py
1748487196|Leonardo|A|/venv/lib/python3.10/site-packages/lockfile/pidlockfile.py
1748487196|Leonardo|A|/venv/lib/python3.10/site-packages/lockfile/sqlitelockfile.py
1748487196|Leonardo|A|/venv/lib/python3.10/site-packages/lockfile/symlinklockfile.py
1748487196|Leonardo|M|/venv/lib/python3.10/site-packages/markupsafe/__pycache__/__init__.cpython-310.pyc
1748487196|Leonardo|A|/venv/lib/python3.10/site-packages/more_itertools-10.7.0.dist-info/INSTALLER
1748487196|Leonardo|A|/venv/lib/python3.10/site-packages/more_itertools-10.7.0.dist-info/LICENSE
1748487196|Leonardo|A|/venv/lib/python3.10/site-packages/more_itertools-10.7.0.dist-info/METADATA
1748487196|Leonardo|A|/venv/lib/python3.10/site-packages/more_itertools-10.7.0.dist-info/RECORD
1748487196|Leonardo|A|/venv/lib/python3.10/site-packages/more_itertools-10.7.0.dist-info/WHEEL
1748487196|Leonardo|A|/venv/lib/python3.10/site-packages/more_itertools/__init__.py
1748487196|Leonardo|A|/venv/lib/python3.10/site-packages/more_itertools/__init__.pyi
1748487196|Leonardo|A|/venv/lib/python3.10/site-packages/more_itertools/__pycache__/__init__.cpython-310.pyc
1748487196|Leonardo|A|/venv/lib/python3.10/site-packages/more_itertools/__pycache__/more.cpython-310.pyc
1748487196|Leonardo|A|/venv/lib/python3.10/site-packages/more_itertools/__pycache__/recipes.cpython-310.pyc
1748487196|Leonardo|A|/venv/lib/python3.10/site-packages/more_itertools/more.py
1748487196|Leonardo|A|/venv/lib/python3.10/site-packages/more_itertools/more.pyi
1748487196|Leonardo|A|/venv/lib/python3.10/site-packages/more_itertools/py.typed
1748487196|Leonardo|A|/venv/lib/python3.10/site-packages/more_itertools/recipes.py
1748487196|Leonardo|A|/venv/lib/python3.10/site-packages/more_itertools/recipes.pyi
1748487196|Leonardo|A|/venv/lib/python3.10/site-packages/msgpack-1.1.0.dist-info/COPYING
1748487196|Leonardo|A|/venv/lib/python3.10/site-packages/msgpack-1.1.0.dist-info/INSTALLER
1748487196|Leonardo|A|/venv/lib/python3.10/site-packages/msgpack-1.1.0.dist-info/METADATA
1748487196|Leonardo|A|/venv/lib/python3.10/site-packages/msgpack-1.1.0.dist-info/RECORD
1748487196|Leonardo|A|/venv/lib/python3.10/site-packages/msgpack-1.1.0.dist-info/WHEEL
1748487196|Leonardo|A|/venv/lib/python3.10/site-packages/msgpack-1.1.0.dist-info/top_level.txt
1748487196|Leonardo|A|/venv/lib/python3.10/site-packages/msgpack/__init__.py
1748487196|Leonardo|A|/venv/lib/python3.10/site-packages/msgpack/__pycache__/__init__.cpython-310.pyc
1748487196|Leonardo|A|/venv/lib/python3.10/site-packages/msgpack/__pycache__/exceptions.cpython-310.pyc
1748487196|Leonardo|A|/venv/lib/python3.10/site-packages/msgpack/__pycache__/ext.cpython-310.pyc
1748487196|Leonardo|A|/venv/lib/python3.10/site-packages/msgpack/__pycache__/fallback.cpython-310.pyc
1748487196|Leonardo|A|/venv/lib/python3.10/site-packages/msgpack/_cmsgpack.cpython-310-x86_64-linux-gnu.so
1748487196|Leonardo|A|/venv/lib/python3.10/site-packages/msgpack/exceptions.py
1748487196|Leonardo|A|/venv/lib/python3.10/site-packages/msgpack/ext.py
1748487196|Leonardo|A|/venv/lib/python3.10/site-packages/msgpack/fallback.py
1748487196|Leonardo|A|/venv/lib/python3.10/site-packages/packaging-20.9.dist-info/INSTALLER
1748487196|Leonardo|A|/venv/lib/python3.10/site-packages/packaging-20.9.dist-info/LICENSE
1748487196|Leonardo|A|/venv/lib/python3.10/site-packages/packaging-20.9.dist-info/LICENSE.APACHE
1748487196|Leonardo|A|/venv/lib/python3.10/site-packages/packaging-20.9.dist-info/LICENSE.BSD
1748487196|Leonardo|A|/venv/lib/python3.10/site-packages/packaging-20.9.dist-info/METADATA
1748487196|Leonardo|A|/venv/lib/python3.10/site-packages/packaging-20.9.dist-info/RECORD
1748487196|Leonardo|A|/venv/lib/python3.10/site-packages/packaging-20.9.dist-info/WHEEL
1748487196|Leonardo|A|/venv/lib/python3.10/site-packages/packaging-20.9.dist-info/top_level.txt
1748487196|Leonardo|D|/venv/lib/python3.10/site-packages/packaging-25.0.dist-info/INSTALLER
1748487196|Leonardo|D|/venv/lib/python3.10/site-packages/packaging-25.0.dist-info/METADATA
1748487196|Leonardo|D|/venv/lib/python3.10/site-packages/packaging-25.0.dist-info/RECORD
1748487196|Leonardo|D|/venv/lib/python3.10/site-packages/packaging-25.0.dist-info/WHEEL
1748487196|Leonardo|D|/venv/lib/python3.10/site-packages/packaging-25.0.dist-info/licenses/LICENSE
1748487196|Leonardo|D|/venv/lib/python3.10/site-packages/packaging-25.0.dist-info/licenses/LICENSE.APACHE
1748487196|Leonardo|D|/venv/lib/python3.10/site-packages/packaging-25.0.dist-info/licenses/LICENSE.BSD
1748487196|Leonardo|A|/venv/lib/python3.10/site-packages/packaging/__about__.py
1748487196|Leonardo|M|/venv/lib/python3.10/site-packages/packaging/__init__.py
1748487196|Leonardo|A|/venv/lib/python3.10/site-packages/packaging/__pycache__/__about__.cpython-310.pyc
1748487196|Leonardo|M|/venv/lib/python3.10/site-packages/packaging/__pycache__/__init__.cpython-310.pyc
1748487196|Leonardo|A|/venv/lib/python3.10/site-packages/packaging/__pycache__/_compat.cpython-310.pyc
1748487196|Leonardo|D|/venv/lib/python3.10/site-packages/packaging/__pycache__/_elffile.cpython-310.pyc
1748487196|Leonardo|D|/venv/lib/python3.10/site-packages/packaging/__pycache__/_manylinux.cpython-310.pyc
1748487196|Leonardo|D|/venv/lib/python3.10/site-packages/packaging/__pycache__/_musllinux.cpython-310.pyc
1748487196|Leonardo|D|/venv/lib/python3.10/site-packages/packaging/__pycache__/_parser.cpython-310.pyc
1748487196|Leonardo|M|/venv/lib/python3.10/site-packages/packaging/__pycache__/_structures.cpython-310.pyc
1748487196|Leonardo|D|/venv/lib/python3.10/site-packages/packaging/__pycache__/_tokenizer.cpython-310.pyc
1748487196|Leonardo|A|/venv/lib/python3.10/site-packages/packaging/__pycache__/_typing.cpython-310.pyc
1748487196|Leonardo|M|/venv/lib/python3.10/site-packages/packaging/__pycache__/markers.cpython-310.pyc
1748487196|Leonardo|D|/venv/lib/python3.10/site-packages/packaging/__pycache__/metadata.cpython-310.pyc
1748487196|Leonardo|M|/venv/lib/python3.10/site-packages/packaging/__pycache__/requirements.cpython-310.pyc
1748487196|Leonardo|M|/venv/lib/python3.10/site-packages/packaging/__pycache__/specifiers.cpython-310.pyc
1748487196|Leonardo|M|/venv/lib/python3.10/site-packages/packaging/__pycache__/tags.cpython-310.pyc
1748487196|Leonardo|M|/venv/lib/python3.10/site-packages/packaging/__pycache__/utils.cpython-310.pyc
1748487196|Leonardo|M|/venv/lib/python3.10/site-packages/packaging/__pycache__/version.cpython-310.pyc
1748487196|Leonardo|A|/venv/lib/python3.10/site-packages/packaging/_compat.py
1748487196|Leonardo|D|/venv/lib/python3.10/site-packages/packaging/_elffile.py
1748487196|Leonardo|D|/venv/lib/python3.10/site-packages/packaging/_manylinux.py
1748487196|Leonardo|D|/venv/lib/python3.10/site-packages/packaging/_musllinux.py
1748487196|Leonardo|D|/venv/lib/python3.10/site-packages/packaging/_parser.py
1748487196|Leonardo|M|/venv/lib/python3.10/site-packages/packaging/_structures.py
1748487196|Leonardo|D|/venv/lib/python3.10/site-packages/packaging/_tokenizer.py
1748487196|Leonardo|A|/venv/lib/python3.10/site-packages/packaging/_typing.py
1748487196|Leonardo|D|/venv/lib/python3.10/site-packages/packaging/licenses/__init__.py
1748487196|Leonardo|D|/venv/lib/python3.10/site-packages/packaging/licenses/__pycache__/__init__.cpython-310.pyc
1748487196|Leonardo|D|/venv/lib/python3.10/site-packages/packaging/licenses/__pycache__/_spdx.cpython-310.pyc
1748487196|Leonardo|D|/venv/lib/python3.10/site-packages/packaging/licenses/_spdx.py
1748487196|Leonardo|M|/venv/lib/python3.10/site-packages/packaging/markers.py
1748487196|Leonardo|D|/venv/lib/python3.10/site-packages/packaging/metadata.py
1748487196|Leonardo|M|/venv/lib/python3.10/site-packages/packaging/requirements.py
1748487196|Leonardo|M|/venv/lib/python3.10/site-packages/packaging/specifiers.py
1748487196|Leonardo|M|/venv/lib/python3.10/site-packages/packaging/tags.py
1748487196|Leonardo|M|/venv/lib/python3.10/site-packages/packaging/utils.py
1748487196|Leonardo|M|/venv/lib/python3.10/site-packages/packaging/version.py
1748487196|Leonardo|A|/venv/lib/python3.10/site-packages/pastel-0.2.1.dist-info/INSTALLER
1748487196|Leonardo|A|/venv/lib/python3.10/site-packages/pastel-0.2.1.dist-info/LICENSE
1748487196|Leonardo|A|/venv/lib/python3.10/site-packages/pastel-0.2.1.dist-info/METADATA
1748487196|Leonardo|A|/venv/lib/python3.10/site-packages/pastel-0.2.1.dist-info/RECORD
1748487196|Leonardo|A|/venv/lib/python3.10/site-packages/pastel-0.2.1.dist-info/WHEEL
1748487196|Leonardo|A|/venv/lib/python3.10/site-packages/pastel/__init__.py
1748487196|Leonardo|A|/venv/lib/python3.10/site-packages/pastel/__pycache__/__init__.cpython-310.pyc
1748487196|Leonardo|A|/venv/lib/python3.10/site-packages/pastel/__pycache__/pastel.cpython-310.pyc
1748487196|Leonardo|A|/venv/lib/python3.10/site-packages/pastel/__pycache__/stack.cpython-310.pyc
1748487196|Leonardo|A|/venv/lib/python3.10/site-packages/pastel/__pycache__/style.cpython-310.pyc
1748487196|Leonardo|A|/venv/lib/python3.10/site-packages/pastel/pastel.py
1748487196|Leonardo|A|/venv/lib/python3.10/site-packages/pastel/stack.py
1748487196|Leonardo|A|/venv/lib/python3.10/site-packages/pastel/style.py
1748487196|Leonardo|A|/venv/lib/python3.10/site-packages/pexpect-4.9.0.dist-info/INSTALLER
1748487196|Leonardo|A|/venv/lib/python3.10/site-packages/pexpect-4.9.0.dist-info/LICENSE
1748487196|Leonardo|A|/venv/lib/python3.10/site-packages/pexpect-4.9.0.dist-info/METADATA
1748487196|Leonardo|A|/venv/lib/python3.10/site-packages/pexpect-4.9.0.dist-info/RECORD
1748487196|Leonardo|A|/venv/lib/python3.10/site-packages/pexpect-4.9.0.dist-info/WHEEL
1748487196|Leonardo|A|/venv/lib/python3.10/site-packages/pexpect-4.9.0.dist-info/top_level.txt
1748487196|Leonardo|A|/venv/lib/python3.10/site-packages/pexpect/ANSI.py
1748487196|Leonardo|A|/venv/lib/python3.10/site-packages/pexpect/FSM.py
1748487196|Leonardo|A|/venv/lib/python3.10/site-packages/pexpect/__init__.py
1748487196|Leonardo|A|/venv/lib/python3.10/site-packages/pexpect/__pycache__/ANSI.cpython-310.pyc
1748487196|Leonardo|A|/venv/lib/python3.10/site-packages/pexpect/__pycache__/FSM.cpython-310.pyc
1748487196|Leonardo|A|/venv/lib/python3.10/site-packages/pexpect/__pycache__/__init__.cpython-310.pyc
1748487196|Leonardo|A|/venv/lib/python3.10/site-packages/pexpect/__pycache__/_async.cpython-310.pyc
1748487196|Leonardo|A|/venv/lib/python3.10/site-packages/pexpect/__pycache__/_async_pre_await.cpython-310.pyc
1748487196|Leonardo|A|/venv/lib/python3.10/site-packages/pexpect/__pycache__/_async_w_await.cpython-310.pyc
1748487196|Leonardo|A|/venv/lib/python3.10/site-packages/pexpect/__pycache__/exceptions.cpython-310.pyc
1748487196|Leonardo|A|/venv/lib/python3.10/site-packages/pexpect/__pycache__/expect.cpython-310.pyc
1748487196|Leonardo|A|/venv/lib/python3.10/site-packages/pexpect/__pycache__/fdpexpect.cpython-310.pyc
1748487196|Leonardo|A|/venv/lib/python3.10/site-packages/pexpect/__pycache__/popen_spawn.cpython-310.pyc
1748487196|Leonardo|A|/venv/lib/python3.10/site-packages/pexpect/__pycache__/pty_spawn.cpython-310.pyc
1748487196|Leonardo|A|/venv/lib/python3.10/site-packages/pexpect/__pycache__/pxssh.cpython-310.pyc
1748487196|Leonardo|A|/venv/lib/python3.10/site-packages/pexpect/__pycache__/replwrap.cpython-310.pyc
1748487196|Leonardo|A|/venv/lib/python3.10/site-packages/pexpect/__pycache__/run.cpython-310.pyc
1748487196|Leonardo|A|/venv/lib/python3.10/site-packages/pexpect/__pycache__/screen.cpython-310.pyc
1748487196|Leonardo|A|/venv/lib/python3.10/site-packages/pexpect/__pycache__/socket_pexpect.cpython-310.pyc
1748487196|Leonardo|A|/venv/lib/python3.10/site-packages/pexpect/__pycache__/spawnbase.cpython-310.pyc
1748487196|Leonardo|A|/venv/lib/python3.10/site-packages/pexpect/__pycache__/utils.cpython-310.pyc
1748487196|Leonardo|A|/venv/lib/python3.10/site-packages/pexpect/_async.py
1748487196|Leonardo|A|/venv/lib/python3.10/site-packages/pexpect/_async_pre_await.py
1748487196|Leonardo|A|/venv/lib/python3.10/site-packages/pexpect/_async_w_await.py
1748487196|Leonardo|A|/venv/lib/python3.10/site-packages/pexpect/bashrc.sh
1748487196|Leonardo|A|/venv/lib/python3.10/site-packages/pexpect/exceptions.py
1748487196|Leonardo|A|/venv/lib/python3.10/site-packages/pexpect/expect.py
1748487196|Leonardo|A|/venv/lib/python3.10/site-packages/pexpect/fdpexpect.py
1748487196|Leonardo|A|/venv/lib/python3.10/site-packages/pexpect/popen_spawn.py
1748487196|Leonardo|A|/venv/lib/python3.10/site-packages/pexpect/pty_spawn.py
1748487196|Leonardo|A|/venv/lib/python3.10/site-packages/pexpect/pxssh.py
1748487196|Leonardo|A|/venv/lib/python3.10/site-packages/pexpect/replwrap.py
1748487196|Leonardo|A|/venv/lib/python3.10/site-packages/pexpect/run.py
1748487196|Leonardo|A|/venv/lib/python3.10/site-packages/pexpect/screen.py
1748487196|Leonardo|A|/venv/lib/python3.10/site-packages/pexpect/socket_pexpect.py
1748487196|Leonardo|A|/venv/lib/python3.10/site-packages/pexpect/spawnbase.py
1748487196|Leonardo|A|/venv/lib/python3.10/site-packages/pexpect/utils.py
1748487196|Leonardo|M|/venv/lib/python3.10/site-packages/pip/__pycache__/__init__.cpython-310.pyc
1748487196|Leonardo|M|/venv/lib/python3.10/site-packages/pip/_internal/__pycache__/__init__.cpython-310.pyc
1748487196|Leonardo|M|/venv/lib/python3.10/site-packages/pip/_internal/__pycache__/build_env.cpython-310.pyc
1748487196|Leonardo|M|/venv/lib/python3.10/site-packages/pip/_internal/__pycache__/cache.cpython-310.pyc
1748487196|Leonardo|M|/venv/lib/python3.10/site-packages/pip/_internal/__pycache__/configuration.cpython-310.pyc
1748487196|Leonardo|M|/venv/lib/python3.10/site-packages/pip/_internal/__pycache__/exceptions.cpython-310.pyc
1748487196|Leonardo|M|/venv/lib/python3.10/site-packages/pip/_internal/__pycache__/pyproject.cpython-310.pyc
1748487196|Leonardo|M|/venv/lib/python3.10/site-packages/pip/_internal/__pycache__/self_outdated_check.cpython-310.pyc
1748487196|Leonardo|M|/venv/lib/python3.10/site-packages/pip/_internal/__pycache__/wheel_builder.cpython-310.pyc
1748487196|Leonardo|M|/venv/lib/python3.10/site-packages/pip/_internal/cli/__pycache__/__init__.cpython-310.pyc
1748487196|Leonardo|M|/venv/lib/python3.10/site-packages/pip/_internal/cli/__pycache__/autocompletion.cpython-310.pyc
1748487196|Leonardo|M|/venv/lib/python3.10/site-packages/pip/_internal/cli/__pycache__/base_command.cpython-310.pyc
1748487196|Leonardo|M|/venv/lib/python3.10/site-packages/pip/_internal/cli/__pycache__/cmdoptions.cpython-310.pyc
1748487196|Leonardo|M|/venv/lib/python3.10/site-packages/pip/_internal/cli/__pycache__/command_context.cpython-310.pyc
1748487196|Leonardo|M|/venv/lib/python3.10/site-packages/pip/_internal/cli/__pycache__/main.cpython-310.pyc
1748487196|Leonardo|M|/venv/lib/python3.10/site-packages/pip/_internal/cli/__pycache__/main_parser.cpython-310.pyc
1748487196|Leonardo|M|/venv/lib/python3.10/site-packages/pip/_internal/cli/__pycache__/parser.cpython-310.pyc
1748487196|Leonardo|M|/venv/lib/python3.10/site-packages/pip/_internal/cli/__pycache__/progress_bars.cpython-310.pyc
1748487196|Leonardo|M|/venv/lib/python3.10/site-packages/pip/_internal/cli/__pycache__/req_command.cpython-310.pyc
1748487196|Leonardo|M|/venv/lib/python3.10/site-packages/pip/_internal/cli/__pycache__/spinners.cpython-310.pyc
1748487196|Leonardo|M|/venv/lib/python3.10/site-packages/pip/_internal/cli/__pycache__/status_codes.cpython-310.pyc
1748487196|Leonardo|M|/venv/lib/python3.10/site-packages/pip/_internal/commands/__pycache__/__init__.cpython-310.pyc
1748487196|Leonardo|M|/venv/lib/python3.10/site-packages/pip/_internal/commands/__pycache__/install.cpython-310.pyc
1748487196|Leonardo|M|/venv/lib/python3.10/site-packages/pip/_internal/distributions/__pycache__/__init__.cpython-310.pyc
1748487196|Leonardo|M|/venv/lib/python3.10/site-packages/pip/_internal/distributions/__pycache__/base.cpython-310.pyc
1748487196|Leonardo|M|/venv/lib/python3.10/site-packages/pip/_internal/distributions/__pycache__/installed.cpython-310.pyc
1748487196|Leonardo|M|/venv/lib/python3.10/site-packages/pip/_internal/distributions/__pycache__/sdist.cpython-310.pyc
1748487196|Leonardo|M|/venv/lib/python3.10/site-packages/pip/_internal/distributions/__pycache__/wheel.cpython-310.pyc
1748487196|Leonardo|M|/venv/lib/python3.10/site-packages/pip/_internal/index/__pycache__/__init__.cpython-310.pyc
1748487196|Leonardo|M|/venv/lib/python3.10/site-packages/pip/_internal/index/__pycache__/collector.cpython-310.pyc
1748487196|Leonardo|M|/venv/lib/python3.10/site-packages/pip/_internal/index/__pycache__/package_finder.cpython-310.pyc
1748487196|Leonardo|M|/venv/lib/python3.10/site-packages/pip/_internal/index/__pycache__/sources.cpython-310.pyc
1748487196|Leonardo|M|/venv/lib/python3.10/site-packages/pip/_internal/locations/__pycache__/__init__.cpython-310.pyc
1748487196|Leonardo|M|/venv/lib/python3.10/site-packages/pip/_internal/locations/__pycache__/_distutils.cpython-310.pyc
1748487196|Leonardo|M|/venv/lib/python3.10/site-packages/pip/_internal/locations/__pycache__/_sysconfig.cpython-310.pyc
1748487196|Leonardo|M|/venv/lib/python3.10/site-packages/pip/_internal/locations/__pycache__/base.cpython-310.pyc
1748487196|Leonardo|M|/venv/lib/python3.10/site-packages/pip/_internal/metadata/__pycache__/__init__.cpython-310.pyc
1748487196|Leonardo|M|/venv/lib/python3.10/site-packages/pip/_internal/metadata/__pycache__/base.cpython-310.pyc
1748487196|Leonardo|M|/venv/lib/python3.10/site-packages/pip/_internal/metadata/__pycache__/pkg_resources.cpython-310.pyc
1748487196|Leonardo|M|/venv/lib/python3.10/site-packages/pip/_internal/models/__pycache__/__init__.cpython-310.pyc
1748487196|Leonardo|M|/venv/lib/python3.10/site-packages/pip/_internal/models/__pycache__/candidate.cpython-310.pyc
1748487196|Leonardo|M|/venv/lib/python3.10/site-packages/pip/_internal/models/__pycache__/direct_url.cpython-310.pyc
1748487196|Leonardo|M|/venv/lib/python3.10/site-packages/pip/_internal/models/__pycache__/format_control.cpython-310.pyc
1748487196|Leonardo|M|/venv/lib/python3.10/site-packages/pip/_internal/models/__pycache__/index.cpython-310.pyc
1748487196|Leonardo|M|/venv/lib/python3.10/site-packages/pip/_internal/models/__pycache__/link.cpython-310.pyc
1748487196|Leonardo|M|/venv/lib/python3.10/site-packages/pip/_internal/models/__pycache__/scheme.cpython-310.pyc
1748487196|Leonardo|M|/venv/lib/python3.10/site-packages/pip/_internal/models/__pycache__/search_scope.cpython-310.pyc
1748487196|Leonardo|M|/venv/lib/python3.10/site-packages/pip/_internal/models/__pycache__/selection_prefs.cpython-310.pyc
1748487196|Leonardo|M|/venv/lib/python3.10/site-packages/pip/_internal/models/__pycache__/target_python.cpython-310.pyc
1748487196|Leonardo|M|/venv/lib/python3.10/site-packages/pip/_internal/models/__pycache__/wheel.cpython-310.pyc
1748487196|Leonardo|M|/venv/lib/python3.10/site-packages/pip/_internal/network/__pycache__/__init__.cpython-310.pyc
1748487196|Leonardo|M|/venv/lib/python3.10/site-packages/pip/_internal/network/__pycache__/auth.cpython-310.pyc
1748487196|Leonardo|M|/venv/lib/python3.10/site-packages/pip/_internal/network/__pycache__/cache.cpython-310.pyc
1748487196|Leonardo|M|/venv/lib/python3.10/site-packages/pip/_internal/network/__pycache__/download.cpython-310.pyc
1748487196|Leonardo|M|/venv/lib/python3.10/site-packages/pip/_internal/network/__pycache__/lazy_wheel.cpython-310.pyc
1748487196|Leonardo|M|/venv/lib/python3.10/site-packages/pip/_internal/network/__pycache__/session.cpython-310.pyc
1748487196|Leonardo|M|/venv/lib/python3.10/site-packages/pip/_internal/network/__pycache__/utils.cpython-310.pyc
1748487196|Leonardo|M|/venv/lib/python3.10/site-packages/pip/_internal/operations/__pycache__/__init__.cpython-310.pyc
1748487196|Leonardo|M|/venv/lib/python3.10/site-packages/pip/_internal/operations/__pycache__/check.cpython-310.pyc
1748487196|Leonardo|M|/venv/lib/python3.10/site-packages/pip/_internal/operations/__pycache__/prepare.cpython-310.pyc
1748487196|Leonardo|M|/venv/lib/python3.10/site-packages/pip/_internal/operations/build/__pycache__/__init__.cpython-310.pyc
1748487196|Leonardo|M|/venv/lib/python3.10/site-packages/pip/_internal/operations/build/__pycache__/metadata.cpython-310.pyc
1748487196|Leonardo|M|/venv/lib/python3.10/site-packages/pip/_internal/operations/build/__pycache__/metadata_editable.cpython-310.pyc
1748487196|Leonardo|M|/venv/lib/python3.10/site-packages/pip/_internal/operations/build/__pycache__/metadata_legacy.cpython-310.pyc
1748487196|Leonardo|M|/venv/lib/python3.10/site-packages/pip/_internal/operations/build/__pycache__/wheel.cpython-310.pyc
1748487196|Leonardo|M|/venv/lib/python3.10/site-packages/pip/_internal/operations/build/__pycache__/wheel_editable.cpython-310.pyc
1748487196|Leonardo|M|/venv/lib/python3.10/site-packages/pip/_internal/operations/build/__pycache__/wheel_legacy.cpython-310.pyc
1748487196|Leonardo|M|/venv/lib/python3.10/site-packages/pip/_internal/operations/install/__pycache__/__init__.cpython-310.pyc
1748487196|Leonardo|M|/venv/lib/python3.10/site-packages/pip/_internal/operations/install/__pycache__/editable_legacy.cpython-310.pyc
1748487196|Leonardo|M|/venv/lib/python3.10/site-packages/pip/_internal/operations/install/__pycache__/legacy.cpython-310.pyc
1748487196|Leonardo|M|/venv/lib/python3.10/site-packages/pip/_internal/operations/install/__pycache__/wheel.cpython-310.pyc
1748487196|Leonardo|M|/venv/lib/python3.10/site-packages/pip/_internal/req/__pycache__/__init__.cpython-310.pyc
1748487196|Leonardo|M|/venv/lib/python3.10/site-packages/pip/_internal/req/__pycache__/constructors.cpython-310.pyc
1748487196|Leonardo|M|/venv/lib/python3.10/site-packages/pip/_internal/req/__pycache__/req_file.cpython-310.pyc
1748487196|Leonardo|M|/venv/lib/python3.10/site-packages/pip/_internal/req/__pycache__/req_install.cpython-310.pyc
1748487196|Leonardo|M|/venv/lib/python3.10/site-packages/pip/_internal/req/__pycache__/req_set.cpython-310.pyc
1748487196|Leonardo|M|/venv/lib/python3.10/site-packages/pip/_internal/req/__pycache__/req_tracker.cpython-310.pyc
1748487196|Leonardo|M|/venv/lib/python3.10/site-packages/pip/_internal/req/__pycache__/req_uninstall.cpython-310.pyc
1748487196|Leonardo|M|/venv/lib/python3.10/site-packages/pip/_internal/resolution/__pycache__/__init__.cpython-310.pyc
1748487196|Leonardo|M|/venv/lib/python3.10/site-packages/pip/_internal/resolution/__pycache__/base.cpython-310.pyc
1748487196|Leonardo|M|/venv/lib/python3.10/site-packages/pip/_internal/resolution/resolvelib/__pycache__/__init__.cpython-310.pyc
1748487196|Leonardo|M|/venv/lib/python3.10/site-packages/pip/_internal/resolution/resolvelib/__pycache__/base.cpython-310.pyc
1748487196|Leonardo|M|/venv/lib/python3.10/site-packages/pip/_internal/resolution/resolvelib/__pycache__/candidates.cpython-310.pyc
1748487196|Leonardo|M|/venv/lib/python3.10/site-packages/pip/_internal/resolution/resolvelib/__pycache__/factory.cpython-310.pyc
1748487196|Leonardo|M|/venv/lib/python3.10/site-packages/pip/_internal/resolution/resolvelib/__pycache__/found_candidates.cpython-310.pyc
1748487196|Leonardo|M|/venv/lib/python3.10/site-packages/pip/_internal/resolution/resolvelib/__pycache__/provider.cpython-310.pyc
1748487196|Leonardo|M|/venv/lib/python3.10/site-packages/pip/_internal/resolution/resolvelib/__pycache__/reporter.cpython-310.pyc
1748487196|Leonardo|M|/venv/lib/python3.10/site-packages/pip/_internal/resolution/resolvelib/__pycache__/requirements.cpython-310.pyc
1748487196|Leonardo|M|/venv/lib/python3.10/site-packages/pip/_internal/resolution/resolvelib/__pycache__/resolver.cpython-310.pyc
1748487196|Leonardo|M|/venv/lib/python3.10/site-packages/pip/_internal/utils/__pycache__/__init__.cpython-310.pyc
1748487196|Leonardo|M|/venv/lib/python3.10/site-packages/pip/_internal/utils/__pycache__/_log.cpython-310.pyc
1748487196|Leonardo|M|/venv/lib/python3.10/site-packages/pip/_internal/utils/__pycache__/appdirs.cpython-310.pyc
1748487196|Leonardo|M|/venv/lib/python3.10/site-packages/pip/_internal/utils/__pycache__/compat.cpython-310.pyc
1748487196|Leonardo|M|/venv/lib/python3.10/site-packages/pip/_internal/utils/__pycache__/compatibility_tags.cpython-310.pyc
1748487196|Leonardo|M|/venv/lib/python3.10/site-packages/pip/_internal/utils/__pycache__/deprecation.cpython-310.pyc
1748487196|Leonardo|M|/venv/lib/python3.10/site-packages/pip/_internal/utils/__pycache__/direct_url_helpers.cpython-310.pyc
1748487196|Leonardo|M|/venv/lib/python3.10/site-packages/pip/_internal/utils/__pycache__/distutils_args.cpython-310.pyc
1748487196|Leonardo|M|/venv/lib/python3.10/site-packages/pip/_internal/utils/__pycache__/egg_link.cpython-310.pyc
1748487196|Leonardo|M|/venv/lib/python3.10/site-packages/pip/_internal/utils/__pycache__/encoding.cpython-310.pyc
1748487196|Leonardo|M|/venv/lib/python3.10/site-packages/pip/_internal/utils/__pycache__/filesystem.cpython-310.pyc
1748487196|Leonardo|M|/venv/lib/python3.10/site-packages/pip/_internal/utils/__pycache__/filetypes.cpython-310.pyc
1748487196|Leonardo|M|/venv/lib/python3.10/site-packages/pip/_internal/utils/__pycache__/glibc.cpython-310.pyc
1748487196|Leonardo|M|/venv/lib/python3.10/site-packages/pip/_internal/utils/__pycache__/hashes.cpython-310.pyc
1748487196|Leonardo|M|/venv/lib/python3.10/site-packages/pip/_internal/utils/__pycache__/inject_securetransport.cpython-310.pyc
1748487196|Leonardo|M|/venv/lib/python3.10/site-packages/pip/_internal/utils/__pycache__/logging.cpython-310.pyc
1748487196|Leonardo|M|/venv/lib/python3.10/site-packages/pip/_internal/utils/__pycache__/misc.cpython-310.pyc
1748487196|Leonardo|M|/venv/lib/python3.10/site-packages/pip/_internal/utils/__pycache__/models.cpython-310.pyc
1748487196|Leonardo|M|/venv/lib/python3.10/site-packages/pip/_internal/utils/__pycache__/packaging.cpython-310.pyc
1748487196|Leonardo|M|/venv/lib/python3.10/site-packages/pip/_internal/utils/__pycache__/setuptools_build.cpython-310.pyc
1748487196|Leonardo|M|/venv/lib/python3.10/site-packages/pip/_internal/utils/__pycache__/subprocess.cpython-310.pyc
1748487196|Leonardo|M|/venv/lib/python3.10/site-packages/pip/_internal/utils/__pycache__/temp_dir.cpython-310.pyc
1748487196|Leonardo|M|/venv/lib/python3.10/site-packages/pip/_internal/utils/__pycache__/unpacking.cpython-310.pyc
1748487196|Leonardo|M|/venv/lib/python3.10/site-packages/pip/_internal/utils/__pycache__/urls.cpython-310.pyc
1748487196|Leonardo|M|/venv/lib/python3.10/site-packages/pip/_internal/utils/__pycache__/virtualenv.cpython-310.pyc
1748487196|Leonardo|M|/venv/lib/python3.10/site-packages/pip/_internal/utils/__pycache__/wheel.cpython-310.pyc
1748487196|Leonardo|M|/venv/lib/python3.10/site-packages/pip/_internal/vcs/__pycache__/__init__.cpython-310.pyc
1748487196|Leonardo|M|/venv/lib/python3.10/site-packages/pip/_internal/vcs/__pycache__/bazaar.cpython-310.pyc
1748487196|Leonardo|M|/venv/lib/python3.10/site-packages/pip/_internal/vcs/__pycache__/git.cpython-310.pyc
1748487196|Leonardo|M|/venv/lib/python3.10/site-packages/pip/_internal/vcs/__pycache__/mercurial.cpython-310.pyc
1748487196|Leonardo|M|/venv/lib/python3.10/site-packages/pip/_internal/vcs/__pycache__/subversion.cpython-310.pyc
1748487196|Leonardo|M|/venv/lib/python3.10/site-packages/pip/_internal/vcs/__pycache__/versioncontrol.cpython-310.pyc
1748487196|Leonardo|M|/venv/lib/python3.10/site-packages/pip/_vendor/__pycache__/__init__.cpython-310.pyc
1748487196|Leonardo|M|/venv/lib/python3.10/site-packages/pip/_vendor/__pycache__/distro.cpython-310.pyc
1748487196|Leonardo|M|/venv/lib/python3.10/site-packages/pip/_vendor/__pycache__/six.cpython-310.pyc
1748487196|Leonardo|M|/venv/lib/python3.10/site-packages/pip/_vendor/cachecontrol/__pycache__/__init__.cpython-310.pyc
1748487196|Leonardo|M|/venv/lib/python3.10/site-packages/pip/_vendor/cachecontrol/__pycache__/adapter.cpython-310.pyc
1748487196|Leonardo|M|/venv/lib/python3.10/site-packages/pip/_vendor/cachecontrol/__pycache__/cache.cpython-310.pyc
1748487196|Leonardo|M|/venv/lib/python3.10/site-packages/pip/_vendor/cachecontrol/__pycache__/compat.cpython-310.pyc
1748487196|Leonardo|M|/venv/lib/python3.10/site-packages/pip/_vendor/cachecontrol/__pycache__/controller.cpython-310.pyc
1748487196|Leonardo|M|/venv/lib/python3.10/site-packages/pip/_vendor/cachecontrol/__pycache__/filewrapper.cpython-310.pyc
1748487196|Leonardo|M|/venv/lib/python3.10/site-packages/pip/_vendor/cachecontrol/__pycache__/serialize.cpython-310.pyc
1748487196|Leonardo|M|/venv/lib/python3.10/site-packages/pip/_vendor/cachecontrol/__pycache__/wrapper.cpython-310.pyc
1748487196|Leonardo|M|/venv/lib/python3.10/site-packages/pip/_vendor/cachecontrol/caches/__pycache__/__init__.cpython-310.pyc
1748487196|Leonardo|M|/venv/lib/python3.10/site-packages/pip/_vendor/cachecontrol/caches/__pycache__/file_cache.cpython-310.pyc
1748487196|Leonardo|M|/venv/lib/python3.10/site-packages/pip/_vendor/cachecontrol/caches/__pycache__/redis_cache.cpython-310.pyc
1748487196|Leonardo|M|/venv/lib/python3.10/site-packages/pip/_vendor/certifi/__pycache__/__init__.cpython-310.pyc
1748487196|Leonardo|M|/venv/lib/python3.10/site-packages/pip/_vendor/certifi/__pycache__/core.cpython-310.pyc
1748487196|Leonardo|M|/venv/lib/python3.10/site-packages/pip/_vendor/chardet/__pycache__/__init__.cpython-310.pyc
1748487196|Leonardo|M|/venv/lib/python3.10/site-packages/pip/_vendor/chardet/__pycache__/big5freq.cpython-310.pyc
1748487196|Leonardo|M|/venv/lib/python3.10/site-packages/pip/_vendor/chardet/__pycache__/big5prober.cpython-310.pyc
1748487196|Leonardo|M|/venv/lib/python3.10/site-packages/pip/_vendor/chardet/__pycache__/chardistribution.cpython-310.pyc
1748487196|Leonardo|M|/venv/lib/python3.10/site-packages/pip/_vendor/chardet/__pycache__/charsetgroupprober.cpython-310.pyc
1748487196|Leonardo|M|/venv/lib/python3.10/site-packages/pip/_vendor/chardet/__pycache__/charsetprober.cpython-310.pyc
1748487196|Leonardo|M|/venv/lib/python3.10/site-packages/pip/_vendor/chardet/__pycache__/codingstatemachine.cpython-310.pyc
1748487196|Leonardo|M|/venv/lib/python3.10/site-packages/pip/_vendor/chardet/__pycache__/cp949prober.cpython-310.pyc
1748487196|Leonardo|M|/venv/lib/python3.10/site-packages/pip/_vendor/chardet/__pycache__/enums.cpython-310.pyc
1748487196|Leonardo|M|/venv/lib/python3.10/site-packages/pip/_vendor/chardet/__pycache__/escprober.cpython-310.pyc
1748487196|Leonardo|M|/venv/lib/python3.10/site-packages/pip/_vendor/chardet/__pycache__/escsm.cpython-310.pyc
1748487196|Leonardo|M|/venv/lib/python3.10/site-packages/pip/_vendor/chardet/__pycache__/eucjpprober.cpython-310.pyc
1748487196|Leonardo|M|/venv/lib/python3.10/site-packages/pip/_vendor/chardet/__pycache__/euckrfreq.cpython-310.pyc
1748487196|Leonardo|M|/venv/lib/python3.10/site-packages/pip/_vendor/chardet/__pycache__/euckrprober.cpython-310.pyc
1748487196|Leonardo|M|/venv/lib/python3.10/site-packages/pip/_vendor/chardet/__pycache__/euctwfreq.cpython-310.pyc
1748487196|Leonardo|M|/venv/lib/python3.10/site-packages/pip/_vendor/chardet/__pycache__/euctwprober.cpython-310.pyc
1748487196|Leonardo|M|/venv/lib/python3.10/site-packages/pip/_vendor/chardet/__pycache__/gb2312freq.cpython-310.pyc
1748487196|Leonardo|M|/venv/lib/python3.10/site-packages/pip/_vendor/chardet/__pycache__/gb2312prober.cpython-310.pyc
1748487196|Leonardo|M|/venv/lib/python3.10/site-packages/pip/_vendor/chardet/__pycache__/hebrewprober.cpython-310.pyc
1748487196|Leonardo|M|/venv/lib/python3.10/site-packages/pip/_vendor/chardet/__pycache__/jisfreq.cpython-310.pyc
1748487196|Leonardo|M|/venv/lib/python3.10/site-packages/pip/_vendor/chardet/__pycache__/jpcntx.cpython-310.pyc
1748487196|Leonardo|M|/venv/lib/python3.10/site-packages/pip/_vendor/chardet/__pycache__/langbulgarianmodel.cpython-310.pyc
1748487196|Leonardo|M|/venv/lib/python3.10/site-packages/pip/_vendor/chardet/__pycache__/langgreekmodel.cpython-310.pyc
1748487196|Leonardo|M|/venv/lib/python3.10/site-packages/pip/_vendor/chardet/__pycache__/langhebrewmodel.cpython-310.pyc
1748487196|Leonardo|M|/venv/lib/python3.10/site-packages/pip/_vendor/chardet/__pycache__/langrussianmodel.cpython-310.pyc
1748487196|Leonardo|M|/venv/lib/python3.10/site-packages/pip/_vendor/chardet/__pycache__/langthaimodel.cpython-310.pyc
1748487196|Leonardo|M|/venv/lib/python3.10/site-packages/pip/_vendor/chardet/__pycache__/langturkishmodel.cpython-310.pyc
1748487196|Leonardo|M|/venv/lib/python3.10/site-packages/pip/_vendor/chardet/__pycache__/latin1prober.cpython-310.pyc
1748487196|Leonardo|M|/venv/lib/python3.10/site-packages/pip/_vendor/chardet/__pycache__/mbcharsetprober.cpython-310.pyc
1748487196|Leonardo|M|/venv/lib/python3.10/site-packages/pip/_vendor/chardet/__pycache__/mbcsgroupprober.cpython-310.pyc
1748487196|Leonardo|M|/venv/lib/python3.10/site-packages/pip/_vendor/chardet/__pycache__/mbcssm.cpython-310.pyc
1748487196|Leonardo|M|/venv/lib/python3.10/site-packages/pip/_vendor/chardet/__pycache__/sbcharsetprober.cpython-310.pyc
1748487196|Leonardo|M|/venv/lib/python3.10/site-packages/pip/_vendor/chardet/__pycache__/sbcsgroupprober.cpython-310.pyc
1748487196|Leonardo|M|/venv/lib/python3.10/site-packages/pip/_vendor/chardet/__pycache__/sjisprober.cpython-310.pyc
1748487196|Leonardo|M|/venv/lib/python3.10/site-packages/pip/_vendor/chardet/__pycache__/universaldetector.cpython-310.pyc
1748487196|Leonardo|M|/venv/lib/python3.10/site-packages/pip/_vendor/chardet/__pycache__/utf8prober.cpython-310.pyc
1748487196|Leonardo|M|/venv/lib/python3.10/site-packages/pip/_vendor/chardet/__pycache__/version.cpython-310.pyc
1748487196|Leonardo|M|/venv/lib/python3.10/site-packages/pip/_vendor/colorama/__pycache__/__init__.cpython-310.pyc
1748487196|Leonardo|M|/venv/lib/python3.10/site-packages/pip/_vendor/colorama/__pycache__/ansi.cpython-310.pyc
1748487196|Leonardo|M|/venv/lib/python3.10/site-packages/pip/_vendor/colorama/__pycache__/ansitowin32.cpython-310.pyc
1748487196|Leonardo|M|/venv/lib/python3.10/site-packages/pip/_vendor/colorama/__pycache__/initialise.cpython-310.pyc
1748487196|Leonardo|M|/venv/lib/python3.10/site-packages/pip/_vendor/colorama/__pycache__/win32.cpython-310.pyc
1748487196|Leonardo|M|/venv/lib/python3.10/site-packages/pip/_vendor/colorama/__pycache__/winterm.cpython-310.pyc
1748487196|Leonardo|M|/venv/lib/python3.10/site-packages/pip/_vendor/distlib/__pycache__/__init__.cpython-310.pyc
1748487196|Leonardo|M|/venv/lib/python3.10/site-packages/pip/_vendor/distlib/__pycache__/compat.cpython-310.pyc
1748487196|Leonardo|M|/venv/lib/python3.10/site-packages/pip/_vendor/distlib/__pycache__/resources.cpython-310.pyc
1748487196|Leonardo|M|/venv/lib/python3.10/site-packages/pip/_vendor/distlib/__pycache__/scripts.cpython-310.pyc
1748487196|Leonardo|M|/venv/lib/python3.10/site-packages/pip/_vendor/distlib/__pycache__/util.cpython-310.pyc
1748487196|Leonardo|M|/venv/lib/python3.10/site-packages/pip/_vendor/html5lib/__pycache__/__init__.cpython-310.pyc
1748487196|Leonardo|M|/venv/lib/python3.10/site-packages/pip/_vendor/html5lib/__pycache__/_inputstream.cpython-310.pyc
1748487196|Leonardo|M|/venv/lib/python3.10/site-packages/pip/_vendor/html5lib/__pycache__/_tokenizer.cpython-310.pyc
1748487196|Leonardo|M|/venv/lib/python3.10/site-packages/pip/_vendor/html5lib/__pycache__/_utils.cpython-310.pyc
1748487196|Leonardo|M|/venv/lib/python3.10/site-packages/pip/_vendor/html5lib/__pycache__/constants.cpython-310.pyc
1748487196|Leonardo|M|/venv/lib/python3.10/site-packages/pip/_vendor/html5lib/__pycache__/html5parser.cpython-310.pyc
1748487196|Leonardo|M|/venv/lib/python3.10/site-packages/pip/_vendor/html5lib/__pycache__/serializer.cpython-310.pyc
1748487196|Leonardo|M|/venv/lib/python3.10/site-packages/pip/_vendor/html5lib/_trie/__pycache__/__init__.cpython-310.pyc
1748487196|Leonardo|M|/venv/lib/python3.10/site-packages/pip/_vendor/html5lib/_trie/__pycache__/_base.cpython-310.pyc
1748487196|Leonardo|M|/venv/lib/python3.10/site-packages/pip/_vendor/html5lib/_trie/__pycache__/py.cpython-310.pyc
1748487196|Leonardo|M|/venv/lib/python3.10/site-packages/pip/_vendor/html5lib/treebuilders/__pycache__/__init__.cpython-310.pyc
1748487196|Leonardo|M|/venv/lib/python3.10/site-packages/pip/_vendor/html5lib/treebuilders/__pycache__/base.cpython-310.pyc
1748487196|Leonardo|M|/venv/lib/python3.10/site-packages/pip/_vendor/html5lib/treewalkers/__pycache__/__init__.cpython-310.pyc
1748487196|Leonardo|M|/venv/lib/python3.10/site-packages/pip/_vendor/idna/__pycache__/__init__.cpython-310.pyc
1748487196|Leonardo|M|/venv/lib/python3.10/site-packages/pip/_vendor/idna/__pycache__/core.cpython-310.pyc
1748487196|Leonardo|M|/venv/lib/python3.10/site-packages/pip/_vendor/idna/__pycache__/idnadata.cpython-310.pyc
1748487196|Leonardo|M|/venv/lib/python3.10/site-packages/pip/_vendor/idna/__pycache__/intranges.cpython-310.pyc
1748487196|Leonardo|M|/venv/lib/python3.10/site-packages/pip/_vendor/idna/__pycache__/package_data.cpython-310.pyc
1748487196|Leonardo|M|/venv/lib/python3.10/site-packages/pip/_vendor/msgpack/__pycache__/__init__.cpython-310.pyc
1748487196|Leonardo|M|/venv/lib/python3.10/site-packages/pip/_vendor/msgpack/__pycache__/_version.cpython-310.pyc
1748487196|Leonardo|M|/venv/lib/python3.10/site-packages/pip/_vendor/msgpack/__pycache__/exceptions.cpython-310.pyc
1748487196|Leonardo|M|/venv/lib/python3.10/site-packages/pip/_vendor/msgpack/__pycache__/ext.cpython-310.pyc
1748487196|Leonardo|M|/venv/lib/python3.10/site-packages/pip/_vendor/msgpack/__pycache__/fallback.cpython-310.pyc
1748487196|Leonardo|M|/venv/lib/python3.10/site-packages/pip/_vendor/packaging/__pycache__/__about__.cpython-310.pyc
1748487196|Leonardo|M|/venv/lib/python3.10/site-packages/pip/_vendor/packaging/__pycache__/__init__.cpython-310.pyc
1748487196|Leonardo|M|/venv/lib/python3.10/site-packages/pip/_vendor/packaging/__pycache__/_manylinux.cpython-310.pyc
1748487196|Leonardo|M|/venv/lib/python3.10/site-packages/pip/_vendor/packaging/__pycache__/_musllinux.cpython-310.pyc
1748487196|Leonardo|M|/venv/lib/python3.10/site-packages/pip/_vendor/packaging/__pycache__/_structures.cpython-310.pyc
1748487196|Leonardo|M|/venv/lib/python3.10/site-packages/pip/_vendor/packaging/__pycache__/markers.cpython-310.pyc
1748487196|Leonardo|M|/venv/lib/python3.10/site-packages/pip/_vendor/packaging/__pycache__/requirements.cpython-310.pyc
1748487196|Leonardo|M|/venv/lib/python3.10/site-packages/pip/_vendor/packaging/__pycache__/specifiers.cpython-310.pyc
1748487196|Leonardo|M|/venv/lib/python3.10/site-packages/pip/_vendor/packaging/__pycache__/tags.cpython-310.pyc
1748487196|Leonardo|M|/venv/lib/python3.10/site-packages/pip/_vendor/packaging/__pycache__/utils.cpython-310.pyc
1748487196|Leonardo|M|/venv/lib/python3.10/site-packages/pip/_vendor/packaging/__pycache__/version.cpython-310.pyc
1748487196|Leonardo|M|/venv/lib/python3.10/site-packages/pip/_vendor/pep517/__pycache__/__init__.cpython-310.pyc
1748487196|Leonardo|M|/venv/lib/python3.10/site-packages/pip/_vendor/pep517/__pycache__/compat.cpython-310.pyc
1748487196|Leonardo|M|/venv/lib/python3.10/site-packages/pip/_vendor/pep517/__pycache__/wrappers.cpython-310.pyc
1748487196|Leonardo|M|/venv/lib/python3.10/site-packages/pip/_vendor/pep517/in_process/__pycache__/__init__.cpython-310.pyc
1748487196|Leonardo|M|/venv/lib/python3.10/site-packages/pip/_vendor/pkg_resources/__pycache__/__init__.cpython-310.pyc
1748487196|Leonardo|M|/venv/lib/python3.10/site-packages/pip/_vendor/pkg_resources/__pycache__/py31compat.cpython-310.pyc
1748487196|Leonardo|M|/venv/lib/python3.10/site-packages/pip/_vendor/platformdirs/__pycache__/__init__.cpython-310.pyc
1748487196|Leonardo|M|/venv/lib/python3.10/site-packages/pip/_vendor/platformdirs/__pycache__/api.cpython-310.pyc
1748487196|Leonardo|M|/venv/lib/python3.10/site-packages/pip/_vendor/platformdirs/__pycache__/unix.cpython-310.pyc
1748487196|Leonardo|M|/venv/lib/python3.10/site-packages/pip/_vendor/platformdirs/__pycache__/version.cpython-310.pyc
1748487196|Leonardo|M|/venv/lib/python3.10/site-packages/pip/_vendor/progress/__pycache__/__init__.cpython-310.pyc
1748487196|Leonardo|M|/venv/lib/python3.10/site-packages/pip/_vendor/progress/__pycache__/bar.cpython-310.pyc
1748487196|Leonardo|M|/venv/lib/python3.10/site-packages/pip/_vendor/progress/__pycache__/colors.cpython-310.pyc
1748487196|Leonardo|M|/venv/lib/python3.10/site-packages/pip/_vendor/progress/__pycache__/spinner.cpython-310.pyc
1748487196|Leonardo|M|/venv/lib/python3.10/site-packages/pip/_vendor/pygments/__pycache__/__init__.cpython-310.pyc
1748487196|Leonardo|M|/venv/lib/python3.10/site-packages/pip/_vendor/pygments/__pycache__/filter.cpython-310.pyc
1748487196|Leonardo|M|/venv/lib/python3.10/site-packages/pip/_vendor/pygments/__pycache__/lexer.cpython-310.pyc
1748487196|Leonardo|M|/venv/lib/python3.10/site-packages/pip/_vendor/pygments/__pycache__/modeline.cpython-310.pyc
1748487196|Leonardo|M|/venv/lib/python3.10/site-packages/pip/_vendor/pygments/__pycache__/plugin.cpython-310.pyc
1748487196|Leonardo|M|/venv/lib/python3.10/site-packages/pip/_vendor/pygments/__pycache__/regexopt.cpython-310.pyc
1748487196|Leonardo|M|/venv/lib/python3.10/site-packages/pip/_vendor/pygments/__pycache__/style.cpython-310.pyc
1748487196|Leonardo|M|/venv/lib/python3.10/site-packages/pip/_vendor/pygments/__pycache__/token.cpython-310.pyc
1748487196|Leonardo|M|/venv/lib/python3.10/site-packages/pip/_vendor/pygments/__pycache__/util.cpython-310.pyc
1748487196|Leonardo|M|/venv/lib/python3.10/site-packages/pip/_vendor/pygments/filters/__pycache__/__init__.cpython-310.pyc
1748487196|Leonardo|M|/venv/lib/python3.10/site-packages/pip/_vendor/pygments/lexers/__pycache__/__init__.cpython-310.pyc
1748487196|Leonardo|M|/venv/lib/python3.10/site-packages/pip/_vendor/pygments/lexers/__pycache__/_mapping.cpython-310.pyc
1748487196|Leonardo|M|/venv/lib/python3.10/site-packages/pip/_vendor/pygments/styles/__pycache__/__init__.cpython-310.pyc
1748487196|Leonardo|M|/venv/lib/python3.10/site-packages/pip/_vendor/pyparsing/__pycache__/__init__.cpython-310.pyc
1748487196|Leonardo|M|/venv/lib/python3.10/site-packages/pip/_vendor/pyparsing/__pycache__/actions.cpython-310.pyc
1748487196|Leonardo|M|/venv/lib/python3.10/site-packages/pip/_vendor/pyparsing/__pycache__/common.cpython-310.pyc
1748487196|Leonardo|M|/venv/lib/python3.10/site-packages/pip/_vendor/pyparsing/__pycache__/core.cpython-310.pyc
1748487196|Leonardo|M|/venv/lib/python3.10/site-packages/pip/_vendor/pyparsing/__pycache__/exceptions.cpython-310.pyc
1748487196|Leonardo|M|/venv/lib/python3.10/site-packages/pip/_vendor/pyparsing/__pycache__/helpers.cpython-310.pyc
1748487196|Leonardo|M|/venv/lib/python3.10/site-packages/pip/_vendor/pyparsing/__pycache__/results.cpython-310.pyc
1748487196|Leonardo|M|/venv/lib/python3.10/site-packages/pip/_vendor/pyparsing/__pycache__/testing.cpython-310.pyc
1748487196|Leonardo|M|/venv/lib/python3.10/site-packages/pip/_vendor/pyparsing/__pycache__/unicode.cpython-310.pyc
1748487196|Leonardo|M|/venv/lib/python3.10/site-packages/pip/_vendor/pyparsing/__pycache__/util.cpython-310.pyc
1748487196|Leonardo|M|/venv/lib/python3.10/site-packages/pip/_vendor/requests/__pycache__/__init__.cpython-310.pyc
1748487196|Leonardo|M|/venv/lib/python3.10/site-packages/pip/_vendor/requests/__pycache__/__version__.cpython-310.pyc
1748487196|Leonardo|M|/venv/lib/python3.10/site-packages/pip/_vendor/requests/__pycache__/_internal_utils.cpython-310.pyc
1748487196|Leonardo|M|/venv/lib/python3.10/site-packages/pip/_vendor/requests/__pycache__/adapters.cpython-310.pyc
1748487196|Leonardo|M|/venv/lib/python3.10/site-packages/pip/_vendor/requests/__pycache__/api.cpython-310.pyc
1748487196|Leonardo|M|/venv/lib/python3.10/site-packages/pip/_vendor/requests/__pycache__/auth.cpython-310.pyc
1748487196|Leonardo|M|/venv/lib/python3.10/site-packages/pip/_vendor/requests/__pycache__/certs.cpython-310.pyc
1748487196|Leonardo|M|/venv/lib/python3.10/site-packages/pip/_vendor/requests/__pycache__/compat.cpython-310.pyc
1748487196|Leonardo|M|/venv/lib/python3.10/site-packages/pip/_vendor/requests/__pycache__/cookies.cpython-310.pyc
1748487196|Leonardo|M|/venv/lib/python3.10/site-packages/pip/_vendor/requests/__pycache__/exceptions.cpython-310.pyc
1748487196|Leonardo|M|/venv/lib/python3.10/site-packages/pip/_vendor/requests/__pycache__/hooks.cpython-310.pyc
1748487196|Leonardo|M|/venv/lib/python3.10/site-packages/pip/_vendor/requests/__pycache__/models.cpython-310.pyc
1748487196|Leonardo|M|/venv/lib/python3.10/site-packages/pip/_vendor/requests/__pycache__/packages.cpython-310.pyc
1748487196|Leonardo|M|/venv/lib/python3.10/site-packages/pip/_vendor/requests/__pycache__/sessions.cpython-310.pyc
1748487196|Leonardo|M|/venv/lib/python3.10/site-packages/pip/_vendor/requests/__pycache__/status_codes.cpython-310.pyc
1748487196|Leonardo|M|/venv/lib/python3.10/site-packages/pip/_vendor/requests/__pycache__/structures.cpython-310.pyc
1748487196|Leonardo|M|/venv/lib/python3.10/site-packages/pip/_vendor/requests/__pycache__/utils.cpython-310.pyc
1748487196|Leonardo|M|/venv/lib/python3.10/site-packages/pip/_vendor/resolvelib/__pycache__/__init__.cpython-310.pyc
1748487196|Leonardo|M|/venv/lib/python3.10/site-packages/pip/_vendor/resolvelib/__pycache__/providers.cpython-310.pyc
1748487196|Leonardo|M|/venv/lib/python3.10/site-packages/pip/_vendor/resolvelib/__pycache__/reporters.cpython-310.pyc
1748487196|Leonardo|M|/venv/lib/python3.10/site-packages/pip/_vendor/resolvelib/__pycache__/resolvers.cpython-310.pyc
1748487196|Leonardo|M|/venv/lib/python3.10/site-packages/pip/_vendor/resolvelib/__pycache__/structs.cpython-310.pyc
1748487196|Leonardo|M|/venv/lib/python3.10/site-packages/pip/_vendor/resolvelib/compat/__pycache__/__init__.cpython-310.pyc
1748487196|Leonardo|M|/venv/lib/python3.10/site-packages/pip/_vendor/resolvelib/compat/__pycache__/collections_abc.cpython-310.pyc
1748487196|Leonardo|M|/venv/lib/python3.10/site-packages/pip/_vendor/rich/__pycache__/__init__.cpython-310.pyc
1748487196|Leonardo|M|/venv/lib/python3.10/site-packages/pip/_vendor/rich/__pycache__/_cell_widths.cpython-310.pyc
1748487196|Leonardo|M|/venv/lib/python3.10/site-packages/pip/_vendor/rich/__pycache__/_emoji_codes.cpython-310.pyc
1748487196|Leonardo|M|/venv/lib/python3.10/site-packages/pip/_vendor/rich/__pycache__/_emoji_replace.cpython-310.pyc
1748487196|Leonardo|M|/venv/lib/python3.10/site-packages/pip/_vendor/rich/__pycache__/_extension.cpython-310.pyc
1748487196|Leonardo|M|/venv/lib/python3.10/site-packages/pip/_vendor/rich/__pycache__/_log_render.cpython-310.pyc
1748487196|Leonardo|M|/venv/lib/python3.10/site-packages/pip/_vendor/rich/__pycache__/_loop.cpython-310.pyc
1748487196|Leonardo|M|/venv/lib/python3.10/site-packages/pip/_vendor/rich/__pycache__/_lru_cache.cpython-310.pyc
1748487196|Leonardo|M|/venv/lib/python3.10/site-packages/pip/_vendor/rich/__pycache__/_palettes.cpython-310.pyc
1748487196|Leonardo|M|/venv/lib/python3.10/site-packages/pip/_vendor/rich/__pycache__/_pick.cpython-310.pyc
1748487196|Leonardo|M|/venv/lib/python3.10/site-packages/pip/_vendor/rich/__pycache__/_ratio.cpython-310.pyc
1748487196|Leonardo|M|/venv/lib/python3.10/site-packages/pip/_vendor/rich/__pycache__/_spinners.cpython-310.pyc
1748487196|Leonardo|M|/venv/lib/python3.10/site-packages/pip/_vendor/rich/__pycache__/_wrap.cpython-310.pyc
1748487196|Leonardo|M|/venv/lib/python3.10/site-packages/pip/_vendor/rich/__pycache__/abc.cpython-310.pyc
1748487196|Leonardo|M|/venv/lib/python3.10/site-packages/pip/_vendor/rich/__pycache__/align.cpython-310.pyc
1748487196|Leonardo|M|/venv/lib/python3.10/site-packages/pip/_vendor/rich/__pycache__/ansi.cpython-310.pyc
1748487196|Leonardo|M|/venv/lib/python3.10/site-packages/pip/_vendor/rich/__pycache__/box.cpython-310.pyc
1748487196|Leonardo|M|/venv/lib/python3.10/site-packages/pip/_vendor/rich/__pycache__/cells.cpython-310.pyc
1748487196|Leonardo|M|/venv/lib/python3.10/site-packages/pip/_vendor/rich/__pycache__/color.cpython-310.pyc
1748487196|Leonardo|M|/venv/lib/python3.10/site-packages/pip/_vendor/rich/__pycache__/color_triplet.cpython-310.pyc
1748487196|Leonardo|M|/venv/lib/python3.10/site-packages/pip/_vendor/rich/__pycache__/columns.cpython-310.pyc
1748487196|Leonardo|M|/venv/lib/python3.10/site-packages/pip/_vendor/rich/__pycache__/console.cpython-310.pyc
1748487196|Leonardo|M|/venv/lib/python3.10/site-packages/pip/_vendor/rich/__pycache__/constrain.cpython-310.pyc
1748487196|Leonardo|M|/venv/lib/python3.10/site-packages/pip/_vendor/rich/__pycache__/containers.cpython-310.pyc
1748487196|Leonardo|M|/venv/lib/python3.10/site-packages/pip/_vendor/rich/__pycache__/control.cpython-310.pyc
1748487196|Leonardo|M|/venv/lib/python3.10/site-packages/pip/_vendor/rich/__pycache__/default_styles.cpython-310.pyc
1748487196|Leonardo|M|/venv/lib/python3.10/site-packages/pip/_vendor/rich/__pycache__/emoji.cpython-310.pyc
1748487196|Leonardo|M|/venv/lib/python3.10/site-packages/pip/_vendor/rich/__pycache__/errors.cpython-310.pyc
1748487196|Leonardo|M|/venv/lib/python3.10/site-packages/pip/_vendor/rich/__pycache__/file_proxy.cpython-310.pyc
1748487196|Leonardo|M|/venv/lib/python3.10/site-packages/pip/_vendor/rich/__pycache__/filesize.cpython-310.pyc
1748487196|Leonardo|M|/venv/lib/python3.10/site-packages/pip/_vendor/rich/__pycache__/highlighter.cpython-310.pyc
1748487196|Leonardo|M|/venv/lib/python3.10/site-packages/pip/_vendor/rich/__pycache__/jupyter.cpython-310.pyc
1748487196|Leonardo|M|/venv/lib/python3.10/site-packages/pip/_vendor/rich/__pycache__/live.cpython-310.pyc
1748487196|Leonardo|M|/venv/lib/python3.10/site-packages/pip/_vendor/rich/__pycache__/live_render.cpython-310.pyc
1748487196|Leonardo|M|/venv/lib/python3.10/site-packages/pip/_vendor/rich/__pycache__/logging.cpython-310.pyc
1748487196|Leonardo|M|/venv/lib/python3.10/site-packages/pip/_vendor/rich/__pycache__/markup.cpython-310.pyc
1748487196|Leonardo|M|/venv/lib/python3.10/site-packages/pip/_vendor/rich/__pycache__/measure.cpython-310.pyc
1748487196|Leonardo|M|/venv/lib/python3.10/site-packages/pip/_vendor/rich/__pycache__/padding.cpython-310.pyc
1748487196|Leonardo|M|/venv/lib/python3.10/site-packages/pip/_vendor/rich/__pycache__/pager.cpython-310.pyc
1748487196|Leonardo|M|/venv/lib/python3.10/site-packages/pip/_vendor/rich/__pycache__/palette.cpython-310.pyc
1748487196|Leonardo|M|/venv/lib/python3.10/site-packages/pip/_vendor/rich/__pycache__/panel.cpython-310.pyc
1748487196|Leonardo|M|/venv/lib/python3.10/site-packages/pip/_vendor/rich/__pycache__/pretty.cpython-310.pyc
1748487196|Leonardo|M|/venv/lib/python3.10/site-packages/pip/_vendor/rich/__pycache__/progress.cpython-310.pyc
1748487196|Leonardo|M|/venv/lib/python3.10/site-packages/pip/_vendor/rich/__pycache__/progress_bar.cpython-310.pyc
1748487196|Leonardo|M|/venv/lib/python3.10/site-packages/pip/_vendor/rich/__pycache__/protocol.cpython-310.pyc
1748487196|Leonardo|M|/venv/lib/python3.10/site-packages/pip/_vendor/rich/__pycache__/region.cpython-310.pyc
1748487196|Leonardo|M|/venv/lib/python3.10/site-packages/pip/_vendor/rich/__pycache__/repr.cpython-310.pyc
1748487196|Leonardo|M|/venv/lib/python3.10/site-packages/pip/_vendor/rich/__pycache__/scope.cpython-310.pyc
1748487196|Leonardo|M|/venv/lib/python3.10/site-packages/pip/_vendor/rich/__pycache__/screen.cpython-310.pyc
1748487196|Leonardo|M|/venv/lib/python3.10/site-packages/pip/_vendor/rich/__pycache__/segment.cpython-310.pyc
1748487196|Leonardo|M|/venv/lib/python3.10/site-packages/pip/_vendor/rich/__pycache__/spinner.cpython-310.pyc
1748487196|Leonardo|M|/venv/lib/python3.10/site-packages/pip/_vendor/rich/__pycache__/style.cpython-310.pyc
1748487196|Leonardo|M|/venv/lib/python3.10/site-packages/pip/_vendor/rich/__pycache__/styled.cpython-310.pyc
1748487196|Leonardo|M|/venv/lib/python3.10/site-packages/pip/_vendor/rich/__pycache__/syntax.cpython-310.pyc
1748487196|Leonardo|M|/venv/lib/python3.10/site-packages/pip/_vendor/rich/__pycache__/table.cpython-310.pyc
1748487196|Leonardo|M|/venv/lib/python3.10/site-packages/pip/_vendor/rich/__pycache__/terminal_theme.cpython-310.pyc
1748487196|Leonardo|M|/venv/lib/python3.10/site-packages/pip/_vendor/rich/__pycache__/text.cpython-310.pyc
1748487196|Leonardo|M|/venv/lib/python3.10/site-packages/pip/_vendor/rich/__pycache__/theme.cpython-310.pyc
1748487196|Leonardo|M|/venv/lib/python3.10/site-packages/pip/_vendor/rich/__pycache__/themes.cpython-310.pyc
1748487196|Leonardo|M|/venv/lib/python3.10/site-packages/pip/_vendor/rich/__pycache__/traceback.cpython-310.pyc
1748487196|Leonardo|M|/venv/lib/python3.10/site-packages/pip/_vendor/tenacity/__pycache__/__init__.cpython-310.pyc
1748487196|Leonardo|M|/venv/lib/python3.10/site-packages/pip/_vendor/tenacity/__pycache__/_asyncio.cpython-310.pyc
1748487196|Leonardo|M|/venv/lib/python3.10/site-packages/pip/_vendor/tenacity/__pycache__/_utils.cpython-310.pyc
1748487196|Leonardo|M|/venv/lib/python3.10/site-packages/pip/_vendor/tenacity/__pycache__/after.cpython-310.pyc
1748487196|Leonardo|M|/venv/lib/python3.10/site-packages/pip/_vendor/tenacity/__pycache__/before.cpython-310.pyc
1748487196|Leonardo|M|/venv/lib/python3.10/site-packages/pip/_vendor/tenacity/__pycache__/before_sleep.cpython-310.pyc
1748487196|Leonardo|M|/venv/lib/python3.10/site-packages/pip/_vendor/tenacity/__pycache__/nap.cpython-310.pyc
1748487196|Leonardo|M|/venv/lib/python3.10/site-packages/pip/_vendor/tenacity/__pycache__/retry.cpython-310.pyc
1748487196|Leonardo|M|/venv/lib/python3.10/site-packages/pip/_vendor/tenacity/__pycache__/stop.cpython-310.pyc
1748487196|Leonardo|M|/venv/lib/python3.10/site-packages/pip/_vendor/tenacity/__pycache__/wait.cpython-310.pyc
1748487196|Leonardo|M|/venv/lib/python3.10/site-packages/pip/_vendor/tomli/__pycache__/__init__.cpython-310.pyc
1748487196|Leonardo|M|/venv/lib/python3.10/site-packages/pip/_vendor/tomli/__pycache__/_parser.cpython-310.pyc
1748487196|Leonardo|M|/venv/lib/python3.10/site-packages/pip/_vendor/tomli/__pycache__/_re.cpython-310.pyc
1748487196|Leonardo|M|/venv/lib/python3.10/site-packages/pip/_vendor/urllib3/__pycache__/__init__.cpython-310.pyc
1748487196|Leonardo|M|/venv/lib/python3.10/site-packages/pip/_vendor/urllib3/__pycache__/_collections.cpython-310.pyc
1748487196|Leonardo|M|/venv/lib/python3.10/site-packages/pip/_vendor/urllib3/__pycache__/_version.cpython-310.pyc
1748487196|Leonardo|M|/venv/lib/python3.10/site-packages/pip/_vendor/urllib3/__pycache__/connection.cpython-310.pyc
1748487196|Leonardo|M|/venv/lib/python3.10/site-packages/pip/_vendor/urllib3/__pycache__/connectionpool.cpython-310.pyc
1748487196|Leonardo|M|/venv/lib/python3.10/site-packages/pip/_vendor/urllib3/__pycache__/exceptions.cpython-310.pyc
1748487196|Leonardo|M|/venv/lib/python3.10/site-packages/pip/_vendor/urllib3/__pycache__/fields.cpython-310.pyc
1748487196|Leonardo|M|/venv/lib/python3.10/site-packages/pip/_vendor/urllib3/__pycache__/filepost.cpython-310.pyc
1748487196|Leonardo|M|/venv/lib/python3.10/site-packages/pip/_vendor/urllib3/__pycache__/poolmanager.cpython-310.pyc
1748487196|Leonardo|M|/venv/lib/python3.10/site-packages/pip/_vendor/urllib3/__pycache__/request.cpython-310.pyc
1748487196|Leonardo|M|/venv/lib/python3.10/site-packages/pip/_vendor/urllib3/__pycache__/response.cpython-310.pyc
1748487196|Leonardo|M|/venv/lib/python3.10/site-packages/pip/_vendor/urllib3/contrib/__pycache__/__init__.cpython-310.pyc
1748487196|Leonardo|M|/venv/lib/python3.10/site-packages/pip/_vendor/urllib3/contrib/__pycache__/_appengine_environ.cpython-310.pyc
1748487196|Leonardo|M|/venv/lib/python3.10/site-packages/pip/_vendor/urllib3/contrib/__pycache__/socks.cpython-310.pyc
1748487196|Leonardo|M|/venv/lib/python3.10/site-packages/pip/_vendor/urllib3/packages/__pycache__/__init__.cpython-310.pyc
1748487196|Leonardo|M|/venv/lib/python3.10/site-packages/pip/_vendor/urllib3/packages/__pycache__/six.cpython-310.pyc
1748487196|Leonardo|M|/venv/lib/python3.10/site-packages/pip/_vendor/urllib3/util/__pycache__/__init__.cpython-310.pyc
1748487196|Leonardo|M|/venv/lib/python3.10/site-packages/pip/_vendor/urllib3/util/__pycache__/connection.cpython-310.pyc
1748487196|Leonardo|M|/venv/lib/python3.10/site-packages/pip/_vendor/urllib3/util/__pycache__/proxy.cpython-310.pyc
1748487196|Leonardo|M|/venv/lib/python3.10/site-packages/pip/_vendor/urllib3/util/__pycache__/queue.cpython-310.pyc
1748487196|Leonardo|M|/venv/lib/python3.10/site-packages/pip/_vendor/urllib3/util/__pycache__/request.cpython-310.pyc
1748487196|Leonardo|M|/venv/lib/python3.10/site-packages/pip/_vendor/urllib3/util/__pycache__/response.cpython-310.pyc
1748487196|Leonardo|M|/venv/lib/python3.10/site-packages/pip/_vendor/urllib3/util/__pycache__/retry.cpython-310.pyc
1748487196|Leonardo|M|/venv/lib/python3.10/site-packages/pip/_vendor/urllib3/util/__pycache__/ssl_.cpython-310.pyc
1748487196|Leonardo|M|/venv/lib/python3.10/site-packages/pip/_vendor/urllib3/util/__pycache__/ssl_match_hostname.cpython-310.pyc
1748487196|Leonardo|M|/venv/lib/python3.10/site-packages/pip/_vendor/urllib3/util/__pycache__/ssltransport.cpython-310.pyc
1748487196|Leonardo|M|/venv/lib/python3.10/site-packages/pip/_vendor/urllib3/util/__pycache__/timeout.cpython-310.pyc
1748487196|Leonardo|M|/venv/lib/python3.10/site-packages/pip/_vendor/urllib3/util/__pycache__/url.cpython-310.pyc
1748487196|Leonardo|M|/venv/lib/python3.10/site-packages/pip/_vendor/urllib3/util/__pycache__/wait.cpython-310.pyc
1748487196|Leonardo|M|/venv/lib/python3.10/site-packages/pip/_vendor/webencodings/__pycache__/__init__.cpython-310.pyc
1748487196|Leonardo|M|/venv/lib/python3.10/site-packages/pip/_vendor/webencodings/__pycache__/labels.cpython-310.pyc
1748487196|Leonardo|A|/venv/lib/python3.10/site-packages/pkginfo-1.12.1.2.dist-info/INSTALLER
1748487196|Leonardo|A|/venv/lib/python3.10/site-packages/pkginfo-1.12.1.2.dist-info/LICENSE.txt
1748487196|Leonardo|A|/venv/lib/python3.10/site-packages/pkginfo-1.12.1.2.dist-info/METADATA
1748487196|Leonardo|A|/venv/lib/python3.10/site-packages/pkginfo-1.12.1.2.dist-info/RECORD
1748487196|Leonardo|A|/venv/lib/python3.10/site-packages/pkginfo-1.12.1.2.dist-info/WHEEL
1748487196|Leonardo|A|/venv/lib/python3.10/site-packages/pkginfo-1.12.1.2.dist-info/entry_points.txt
1748487196|Leonardo|A|/venv/lib/python3.10/site-packages/pkginfo-1.12.1.2.dist-info/top_level.txt
1748487196|Leonardo|A|/venv/lib/python3.10/site-packages/pkginfo/__init__.py
1748487196|Leonardo|A|/venv/lib/python3.10/site-packages/pkginfo/__init__.pyi
1748487196|Leonardo|A|/venv/lib/python3.10/site-packages/pkginfo/__pycache__/__init__.cpython-310.pyc
1748487196|Leonardo|A|/venv/lib/python3.10/site-packages/pkginfo/__pycache__/bdist.cpython-310.pyc
1748487196|Leonardo|A|/venv/lib/python3.10/site-packages/pkginfo/__pycache__/commandline.cpython-310.pyc
1748487196|Leonardo|A|/venv/lib/python3.10/site-packages/pkginfo/__pycache__/develop.cpython-310.pyc
1748487196|Leonardo|A|/venv/lib/python3.10/site-packages/pkginfo/__pycache__/distribution.cpython-310.pyc
1748487196|Leonardo|A|/venv/lib/python3.10/site-packages/pkginfo/__pycache__/index.cpython-310.pyc
1748487196|Leonardo|A|/venv/lib/python3.10/site-packages/pkginfo/__pycache__/installed.cpython-310.pyc
1748487196|Leonardo|A|/venv/lib/python3.10/site-packages/pkginfo/__pycache__/sdist.cpython-310.pyc
1748487196|Leonardo|A|/venv/lib/python3.10/site-packages/pkginfo/__pycache__/utils.cpython-310.pyc
1748487196|Leonardo|A|/venv/lib/python3.10/site-packages/pkginfo/__pycache__/wheel.cpython-310.pyc
1748487196|Leonardo|A|/venv/lib/python3.10/site-packages/pkginfo/bdist.py
1748487196|Leonardo|A|/venv/lib/python3.10/site-packages/pkginfo/bdist.pyi
1748487196|Leonardo|A|/venv/lib/python3.10/site-packages/pkginfo/commandline.py
1748487196|Leonardo|A|/venv/lib/python3.10/site-packages/pkginfo/commandline.pyi
1748487196|Leonardo|A|/venv/lib/python3.10/site-packages/pkginfo/develop.py
1748487196|Leonardo|A|/venv/lib/python3.10/site-packages/pkginfo/develop.pyi
1748487196|Leonardo|A|/venv/lib/python3.10/site-packages/pkginfo/distribution.py
1748487196|Leonardo|A|/venv/lib/python3.10/site-packages/pkginfo/distribution.pyi
1748487196|Leonardo|A|/venv/lib/python3.10/site-packages/pkginfo/index.py
1748487196|Leonardo|A|/venv/lib/python3.10/site-packages/pkginfo/index.pyi
1748487196|Leonardo|A|/venv/lib/python3.10/site-packages/pkginfo/installed.py
1748487196|Leonardo|A|/venv/lib/python3.10/site-packages/pkginfo/installed.pyi
1748487196|Leonardo|A|/venv/lib/python3.10/site-packages/pkginfo/py.typed
1748487196|Leonardo|A|/venv/lib/python3.10/site-packages/pkginfo/sdist.py
1748487196|Leonardo|A|/venv/lib/python3.10/site-packages/pkginfo/sdist.pyi
1748487196|Leonardo|A|/venv/lib/python3.10/site-packages/pkginfo/tests/__init__.py
1748487196|Leonardo|A|/venv/lib/python3.10/site-packages/pkginfo/tests/__pycache__/__init__.cpython-310.pyc
1748487196|Leonardo|A|/venv/lib/python3.10/site-packages/pkginfo/tests/__pycache__/conftest.cpython-310.pyc
1748487196|Leonardo|A|/venv/lib/python3.10/site-packages/pkginfo/tests/__pycache__/test_bdist.cpython-310.pyc
1748487196|Leonardo|A|/venv/lib/python3.10/site-packages/pkginfo/tests/__pycache__/test_commandline.cpython-310.pyc
1748487196|Leonardo|A|/venv/lib/python3.10/site-packages/pkginfo/tests/__pycache__/test_develop.cpython-310.pyc
1748487196|Leonardo|A|/venv/lib/python3.10/site-packages/pkginfo/tests/__pycache__/test_distribution.cpython-310.pyc
1748487196|Leonardo|A|/venv/lib/python3.10/site-packages/pkginfo/tests/__pycache__/test_index.cpython-310.pyc
1748487196|Leonardo|A|/venv/lib/python3.10/site-packages/pkginfo/tests/__pycache__/test_installed.cpython-310.pyc
1748487196|Leonardo|A|/venv/lib/python3.10/site-packages/pkginfo/tests/__pycache__/test_sdist.cpython-310.pyc
1748487196|Leonardo|A|/venv/lib/python3.10/site-packages/pkginfo/tests/__pycache__/test_utils.cpython-310.pyc
1748487196|Leonardo|A|/venv/lib/python3.10/site-packages/pkginfo/tests/__pycache__/test_wheel.cpython-310.pyc
1748487196|Leonardo|A|/venv/lib/python3.10/site-packages/pkginfo/tests/conftest.py
1748487196|Leonardo|A|/venv/lib/python3.10/site-packages/pkginfo/tests/test_bdist.py
1748487196|Leonardo|A|/venv/lib/python3.10/site-packages/pkginfo/tests/test_commandline.py
1748487196|Leonardo|A|/venv/lib/python3.10/site-packages/pkginfo/tests/test_develop.py
1748487196|Leonardo|A|/venv/lib/python3.10/site-packages/pkginfo/tests/test_distribution.py
1748487196|Leonardo|A|/venv/lib/python3.10/site-packages/pkginfo/tests/test_index.py
1748487196|Leonardo|A|/venv/lib/python3.10/site-packages/pkginfo/tests/test_installed.py
1748487196|Leonardo|A|/venv/lib/python3.10/site-packages/pkginfo/tests/test_sdist.py
1748487196|Leonardo|A|/venv/lib/python3.10/site-packages/pkginfo/tests/test_utils.py
1748487196|Leonardo|A|/venv/lib/python3.10/site-packages/pkginfo/tests/test_wheel.py
1748487196|Leonardo|A|/venv/lib/python3.10/site-packages/pkginfo/utils.py
1748487196|Leonardo|A|/venv/lib/python3.10/site-packages/pkginfo/utils.pyi
1748487196|Leonardo|A|/venv/lib/python3.10/site-packages/pkginfo/wheel.py
1748487196|Leonardo|A|/venv/lib/python3.10/site-packages/pkginfo/wheel.pyi
1748487196|Leonardo|A|/venv/lib/python3.10/site-packages/platformdirs-4.3.8.dist-info/INSTALLER
1748487196|Leonardo|A|/venv/lib/python3.10/site-packages/platformdirs-4.3.8.dist-info/METADATA
1748487196|Leonardo|A|/venv/lib/python3.10/site-packages/platformdirs-4.3.8.dist-info/RECORD
1748487196|Leonardo|A|/venv/lib/python3.10/site-packages/platformdirs-4.3.8.dist-info/WHEEL
1748487196|Leonardo|A|/venv/lib/python3.10/site-packages/platformdirs-4.3.8.dist-info/licenses/LICENSE
1748487196|Leonardo|A|/venv/lib/python3.10/site-packages/platformdirs/__init__.py
1748487196|Leonardo|A|/venv/lib/python3.10/site-packages/platformdirs/__main__.py
1748487196|Leonardo|A|/venv/lib/python3.10/site-packages/platformdirs/__pycache__/__init__.cpython-310.pyc
1748487196|Leonardo|A|/venv/lib/python3.10/site-packages/platformdirs/__pycache__/__main__.cpython-310.pyc
1748487196|Leonardo|A|/venv/lib/python3.10/site-packages/platformdirs/__pycache__/android.cpython-310.pyc
1748487196|Leonardo|A|/venv/lib/python3.10/site-packages/platformdirs/__pycache__/api.cpython-310.pyc
1748487196|Leonardo|A|/venv/lib/python3.10/site-packages/platformdirs/__pycache__/macos.cpython-310.pyc
1748487196|Leonardo|A|/venv/lib/python3.10/site-packages/platformdirs/__pycache__/unix.cpython-310.pyc
1748487196|Leonardo|A|/venv/lib/python3.10/site-packages/platformdirs/__pycache__/version.cpython-310.pyc
1748487196|Leonardo|A|/venv/lib/python3.10/site-packages/platformdirs/__pycache__/windows.cpython-310.pyc
1748487196|Leonardo|A|/venv/lib/python3.10/site-packages/platformdirs/android.py
1748487196|Leonardo|A|/venv/lib/python3.10/site-packages/platformdirs/api.py
1748487196|Leonardo|A|/venv/lib/python3.10/site-packages/platformdirs/macos.py
1748487196|Leonardo|A|/venv/lib/python3.10/site-packages/platformdirs/py.typed
1748487196|Leonardo|A|/venv/lib/python3.10/site-packages/platformdirs/unix.py
1748487196|Leonardo|A|/venv/lib/python3.10/site-packages/platformdirs/version.py
1748487196|Leonardo|A|/venv/lib/python3.10/site-packages/platformdirs/windows.py
1748487196|Leonardo|A|/venv/lib/python3.10/site-packages/poetry-1.1.12.dist-info/INSTALLER
1748487196|Leonardo|A|/venv/lib/python3.10/site-packages/poetry-1.1.12.dist-info/LICENSE
1748487196|Leonardo|A|/venv/lib/python3.10/site-packages/poetry-1.1.12.dist-info/METADATA
1748487196|Leonardo|A|/venv/lib/python3.10/site-packages/poetry-1.1.12.dist-info/RECORD
1748487196|Leonardo|A|/venv/lib/python3.10/site-packages/poetry-1.1.12.dist-info/REQUESTED
1748487196|Leonardo|A|/venv/lib/python3.10/site-packages/poetry-1.1.12.dist-info/WHEEL
1748487196|Leonardo|A|/venv/lib/python3.10/site-packages/poetry-1.1.12.dist-info/entry_points.txt
1748487196|Leonardo|A|/venv/lib/python3.10/site-packages/poetry/__init__.py
1748487196|Leonardo|A|/venv/lib/python3.10/site-packages/poetry/__main__.py
1748487196|Leonardo|A|/venv/lib/python3.10/site-packages/poetry/__pycache__/__init__.cpython-310.pyc
1748487196|Leonardo|A|/venv/lib/python3.10/site-packages/poetry/__pycache__/__main__.cpython-310.pyc
1748487196|Leonardo|A|/venv/lib/python3.10/site-packages/poetry/__pycache__/__version__.cpython-310.pyc
1748487196|Leonardo|A|/venv/lib/python3.10/site-packages/poetry/__pycache__/exceptions.cpython-310.pyc
1748487196|Leonardo|A|/venv/lib/python3.10/site-packages/poetry/__pycache__/factory.cpython-310.pyc
1748487196|Leonardo|A|/venv/lib/python3.10/site-packages/poetry/__pycache__/locations.cpython-310.pyc
1748487196|Leonardo|A|/venv/lib/python3.10/site-packages/poetry/__pycache__/poetry.cpython-310.pyc
1748487196|Leonardo|A|/venv/lib/python3.10/site-packages/poetry/__version__.py
1748487196|Leonardo|A|/venv/lib/python3.10/site-packages/poetry/_vendor/.gitignore
1748487196|Leonardo|A|/venv/lib/python3.10/site-packages/poetry/config/__init__.py
1748487196|Leonardo|A|/venv/lib/python3.10/site-packages/poetry/config/__pycache__/__init__.cpython-310.pyc
1748487196|Leonardo|A|/venv/lib/python3.10/site-packages/poetry/config/__pycache__/config.cpython-310.pyc
1748487196|Leonardo|A|/venv/lib/python3.10/site-packages/poetry/config/__pycache__/config_source.cpython-310.pyc
1748487196|Leonardo|A|/venv/lib/python3.10/site-packages/poetry/config/__pycache__/dict_config_source.cpython-310.pyc
1748487196|Leonardo|A|/venv/lib/python3.10/site-packages/poetry/config/__pycache__/file_config_source.cpython-310.pyc
1748487196|Leonardo|A|/venv/lib/python3.10/site-packages/poetry/config/config.py
1748487196|Leonardo|A|/venv/lib/python3.10/site-packages/poetry/config/config_source.py
1748487196|Leonardo|A|/venv/lib/python3.10/site-packages/poetry/config/dict_config_source.py
1748487196|Leonardo|A|/venv/lib/python3.10/site-packages/poetry/config/file_config_source.py
1748487196|Leonardo|A|/venv/lib/python3.10/site-packages/poetry/console/__init__.py
1748487196|Leonardo|A|/venv/lib/python3.10/site-packages/poetry/console/__pycache__/__init__.cpython-310.pyc
1748487196|Leonardo|A|/venv/lib/python3.10/site-packages/poetry/console/__pycache__/application.cpython-310.pyc
1748487196|Leonardo|A|/venv/lib/python3.10/site-packages/poetry/console/application.py
1748487196|Leonardo|A|/venv/lib/python3.10/site-packages/poetry/console/args/__init__.py
1748487196|Leonardo|A|/venv/lib/python3.10/site-packages/poetry/console/args/__pycache__/__init__.cpython-310.pyc
1748487196|Leonardo|A|/venv/lib/python3.10/site-packages/poetry/console/args/__pycache__/run_args_parser.cpython-310.pyc
1748487196|Leonardo|A|/venv/lib/python3.10/site-packages/poetry/console/args/run_args_parser.py
1748487196|Leonardo|A|/venv/lib/python3.10/site-packages/poetry/console/commands/__init__.py
1748487196|Leonardo|A|/venv/lib/python3.10/site-packages/poetry/console/commands/__pycache__/__init__.cpython-310.pyc
1748487196|Leonardo|A|/venv/lib/python3.10/site-packages/poetry/console/commands/__pycache__/about.cpython-310.pyc
1748487196|Leonardo|A|/venv/lib/python3.10/site-packages/poetry/console/commands/__pycache__/add.cpython-310.pyc
1748487196|Leonardo|A|/venv/lib/python3.10/site-packages/poetry/console/commands/__pycache__/build.cpython-310.pyc
1748487196|Leonardo|A|/venv/lib/python3.10/site-packages/poetry/console/commands/__pycache__/check.cpython-310.pyc
1748487196|Leonardo|A|/venv/lib/python3.10/site-packages/poetry/console/commands/__pycache__/command.cpython-310.pyc
1748487196|Leonardo|A|/venv/lib/python3.10/site-packages/poetry/console/commands/__pycache__/config.cpython-310.pyc
1748487196|Leonardo|A|/venv/lib/python3.10/site-packages/poetry/console/commands/__pycache__/env_command.cpython-310.pyc
1748487196|Leonardo|A|/venv/lib/python3.10/site-packages/poetry/console/commands/__pycache__/export.cpython-310.pyc
1748487196|Leonardo|A|/venv/lib/python3.10/site-packages/poetry/console/commands/__pycache__/init.cpython-310.pyc
1748487196|Leonardo|A|/venv/lib/python3.10/site-packages/poetry/console/commands/__pycache__/install.cpython-310.pyc
1748487196|Leonardo|A|/venv/lib/python3.10/site-packages/poetry/console/commands/__pycache__/installer_command.cpython-310.pyc
1748487196|Leonardo|A|/venv/lib/python3.10/site-packages/poetry/console/commands/__pycache__/lock.cpython-310.pyc
1748487196|Leonardo|A|/venv/lib/python3.10/site-packages/poetry/console/commands/__pycache__/new.cpython-310.pyc
1748487196|Leonardo|A|/venv/lib/python3.10/site-packages/poetry/console/commands/__pycache__/publish.cpython-310.pyc
1748487196|Leonardo|A|/venv/lib/python3.10/site-packages/poetry/console/commands/__pycache__/remove.cpython-310.pyc
1748487196|Leonardo|A|/venv/lib/python3.10/site-packages/poetry/console/commands/__pycache__/run.cpython-310.pyc
1748487196|Leonardo|A|/venv/lib/python3.10/site-packages/poetry/console/commands/__pycache__/search.cpython-310.pyc
1748487196|Leonardo|A|/venv/lib/python3.10/site-packages/poetry/console/commands/__pycache__/shell.cpython-310.pyc
1748487196|Leonardo|A|/venv/lib/python3.10/site-packages/poetry/console/commands/__pycache__/show.cpython-310.pyc
1748487196|Leonardo|A|/venv/lib/python3.10/site-packages/poetry/console/commands/__pycache__/update.cpython-310.pyc
1748487196|Leonardo|A|/venv/lib/python3.10/site-packages/poetry/console/commands/__pycache__/version.cpython-310.pyc
1748487196|Leonardo|A|/venv/lib/python3.10/site-packages/poetry/console/commands/about.py
1748487196|Leonardo|A|/venv/lib/python3.10/site-packages/poetry/console/commands/add.py
1748487196|Leonardo|A|/venv/lib/python3.10/site-packages/poetry/console/commands/build.py
1748487196|Leonardo|A|/venv/lib/python3.10/site-packages/poetry/console/commands/cache/__init__.py
1748487196|Leonardo|A|/venv/lib/python3.10/site-packages/poetry/console/commands/cache/__pycache__/__init__.cpython-310.pyc
1748487196|Leonardo|A|/venv/lib/python3.10/site-packages/poetry/console/commands/cache/__pycache__/cache.cpython-310.pyc
1748487196|Leonardo|A|/venv/lib/python3.10/site-packages/poetry/console/commands/cache/__pycache__/clear.cpython-310.pyc
1748487196|Leonardo|A|/venv/lib/python3.10/site-packages/poetry/console/commands/cache/__pycache__/list.cpython-310.pyc
1748487196|Leonardo|A|/venv/lib/python3.10/site-packages/poetry/console/commands/cache/cache.py
1748487196|Leonardo|A|/venv/lib/python3.10/site-packages/poetry/console/commands/cache/clear.py
1748487196|Leonardo|A|/venv/lib/python3.10/site-packages/poetry/console/commands/cache/list.py
1748487196|Leonardo|A|/venv/lib/python3.10/site-packages/poetry/console/commands/check.py
1748487196|Leonardo|A|/venv/lib/python3.10/site-packages/poetry/console/commands/command.py
1748487196|Leonardo|A|/venv/lib/python3.10/site-packages/poetry/console/commands/config.py
1748487196|Leonardo|A|/venv/lib/python3.10/site-packages/poetry/console/commands/debug/__init__.py
1748487196|Leonardo|A|/venv/lib/python3.10/site-packages/poetry/console/commands/debug/__pycache__/__init__.cpython-310.pyc
1748487196|Leonardo|A|/venv/lib/python3.10/site-packages/poetry/console/commands/debug/__pycache__/debug.cpython-310.pyc
1748487196|Leonardo|A|/venv/lib/python3.10/site-packages/poetry/console/commands/debug/__pycache__/info.cpython-310.pyc
1748487196|Leonardo|A|/venv/lib/python3.10/site-packages/poetry/console/commands/debug/__pycache__/resolve.cpython-310.pyc
1748487196|Leonardo|A|/venv/lib/python3.10/site-packages/poetry/console/commands/debug/debug.py
1748487196|Leonardo|A|/venv/lib/python3.10/site-packages/poetry/console/commands/debug/info.py
1748487196|Leonardo|A|/venv/lib/python3.10/site-packages/poetry/console/commands/debug/resolve.py
1748487196|Leonardo|A|/venv/lib/python3.10/site-packages/poetry/console/commands/env/__init__.py
1748487196|Leonardo|A|/venv/lib/python3.10/site-packages/poetry/console/commands/env/__pycache__/__init__.cpython-310.pyc
1748487196|Leonardo|A|/venv/lib/python3.10/site-packages/poetry/console/commands/env/__pycache__/env.cpython-310.pyc
1748487196|Leonardo|A|/venv/lib/python3.10/site-packages/poetry/console/commands/env/__pycache__/info.cpython-310.pyc
1748487196|Leonardo|A|/venv/lib/python3.10/site-packages/poetry/console/commands/env/__pycache__/list.cpython-310.pyc
1748487196|Leonardo|A|/venv/lib/python3.10/site-packages/poetry/console/commands/env/__pycache__/remove.cpython-310.pyc
1748487196|Leonardo|A|/venv/lib/python3.10/site-packages/poetry/console/commands/env/__pycache__/use.cpython-310.pyc
1748487196|Leonardo|A|/venv/lib/python3.10/site-packages/poetry/console/commands/env/env.py
1748487196|Leonardo|A|/venv/lib/python3.10/site-packages/poetry/console/commands/env/info.py
1748487196|Leonardo|A|/venv/lib/python3.10/site-packages/poetry/console/commands/env/list.py
1748487196|Leonardo|A|/venv/lib/python3.10/site-packages/poetry/console/commands/env/remove.py
1748487196|Leonardo|A|/venv/lib/python3.10/site-packages/poetry/console/commands/env/use.py
1748487196|Leonardo|A|/venv/lib/python3.10/site-packages/poetry/console/commands/env_command.py
1748487196|Leonardo|A|/venv/lib/python3.10/site-packages/poetry/console/commands/export.py
1748487196|Leonardo|A|/venv/lib/python3.10/site-packages/poetry/console/commands/init.py
1748487196|Leonardo|A|/venv/lib/python3.10/site-packages/poetry/console/commands/install.py
1748487196|Leonardo|A|/venv/lib/python3.10/site-packages/poetry/console/commands/installer_command.py
1748487196|Leonardo|A|/venv/lib/python3.10/site-packages/poetry/console/commands/lock.py
1748487196|Leonardo|A|/venv/lib/python3.10/site-packages/poetry/console/commands/new.py
1748487196|Leonardo|A|/venv/lib/python3.10/site-packages/poetry/console/commands/publish.py
1748487196|Leonardo|A|/venv/lib/python3.10/site-packages/poetry/console/commands/remove.py
1748487196|Leonardo|A|/venv/lib/python3.10/site-packages/poetry/console/commands/run.py
1748487196|Leonardo|A|/venv/lib/python3.10/site-packages/poetry/console/commands/search.py
1748487196|Leonardo|A|/venv/lib/python3.10/site-packages/poetry/console/commands/self/__init__.py
1748487196|Leonardo|A|/venv/lib/python3.10/site-packages/poetry/console/commands/self/__pycache__/__init__.cpython-310.pyc
1748487196|Leonardo|A|/venv/lib/python3.10/site-packages/poetry/console/commands/self/__pycache__/self.cpython-310.pyc
1748487196|Leonardo|A|/venv/lib/python3.10/site-packages/poetry/console/commands/self/__pycache__/update.cpython-310.pyc
1748487196|Leonardo|A|/venv/lib/python3.10/site-packages/poetry/console/commands/self/self.py
1748487196|Leonardo|A|/venv/lib/python3.10/site-packages/poetry/console/commands/self/update.py
1748487196|Leonardo|A|/venv/lib/python3.10/site-packages/poetry/console/commands/shell.py
1748487196|Leonardo|A|/venv/lib/python3.10/site-packages/poetry/console/commands/show.py
1748487196|Leonardo|A|/venv/lib/python3.10/site-packages/poetry/console/commands/update.py
1748487196|Leonardo|A|/venv/lib/python3.10/site-packages/poetry/console/commands/version.py
1748487196|Leonardo|A|/venv/lib/python3.10/site-packages/poetry/console/config/__init__.py
1748487196|Leonardo|A|/venv/lib/python3.10/site-packages/poetry/console/config/__pycache__/__init__.cpython-310.pyc
1748487196|Leonardo|A|/venv/lib/python3.10/site-packages/poetry/console/config/__pycache__/application_config.cpython-310.pyc
1748487196|Leonardo|A|/venv/lib/python3.10/site-packages/poetry/console/config/application_config.py
1748487196|Leonardo|A|/venv/lib/python3.10/site-packages/poetry/console/logging/__init__.py
1748487196|Leonardo|A|/venv/lib/python3.10/site-packages/poetry/console/logging/__pycache__/__init__.cpython-310.pyc
1748487196|Leonardo|A|/venv/lib/python3.10/site-packages/poetry/console/logging/__pycache__/io_formatter.cpython-310.pyc
1748487196|Leonardo|A|/venv/lib/python3.10/site-packages/poetry/console/logging/__pycache__/io_handler.cpython-310.pyc
1748487196|Leonardo|A|/venv/lib/python3.10/site-packages/poetry/console/logging/formatters/__init__.py
1748487196|Leonardo|A|/venv/lib/python3.10/site-packages/poetry/console/logging/formatters/__pycache__/__init__.cpython-310.pyc
1748487196|Leonardo|A|/venv/lib/python3.10/site-packages/poetry/console/logging/formatters/__pycache__/builder_formatter.cpython-310.pyc
1748487196|Leonardo|A|/venv/lib/python3.10/site-packages/poetry/console/logging/formatters/__pycache__/formatter.cpython-310.pyc
1748487196|Leonardo|A|/venv/lib/python3.10/site-packages/poetry/console/logging/formatters/builder_formatter.py
1748487196|Leonardo|A|/venv/lib/python3.10/site-packages/poetry/console/logging/formatters/formatter.py
1748487196|Leonardo|A|/venv/lib/python3.10/site-packages/poetry/console/logging/io_formatter.py
1748487196|Leonardo|A|/venv/lib/python3.10/site-packages/poetry/console/logging/io_handler.py
1748487196|Leonardo|A|/venv/lib/python3.10/site-packages/poetry/core/__init__.py
1748487196|Leonardo|A|/venv/lib/python3.10/site-packages/poetry/core/__pycache__/__init__.cpython-310.pyc
1748487196|Leonardo|A|/venv/lib/python3.10/site-packages/poetry/core/__pycache__/factory.cpython-310.pyc
1748487196|Leonardo|A|/venv/lib/python3.10/site-packages/poetry/core/__pycache__/poetry.cpython-310.pyc
1748487196|Leonardo|A|/venv/lib/python3.10/site-packages/poetry/core/_vendor/__pycache__/_pyrsistent_version.cpython-310.pyc
1748487196|Leonardo|A|/venv/lib/python3.10/site-packages/poetry/core/_vendor/__pycache__/pyparsing.cpython-310.pyc
1748487196|Leonardo|A|/venv/lib/python3.10/site-packages/poetry/core/_vendor/__pycache__/six.cpython-310.pyc
1748487196|Leonardo|A|/venv/lib/python3.10/site-packages/poetry/core/_vendor/_pyrsistent_version.py
1748487196|Leonardo|A|/venv/lib/python3.10/site-packages/poetry/core/_vendor/attr/__init__.py
1748487196|Leonardo|A|/venv/lib/python3.10/site-packages/poetry/core/_vendor/attr/__pycache__/__init__.cpython-310.pyc
1748487196|Leonardo|A|/venv/lib/python3.10/site-packages/poetry/core/_vendor/attr/__pycache__/_compat.cpython-310.pyc
1748487196|Leonardo|A|/venv/lib/python3.10/site-packages/poetry/core/_vendor/attr/__pycache__/_config.cpython-310.pyc
1748487196|Leonardo|A|/venv/lib/python3.10/site-packages/poetry/core/_vendor/attr/__pycache__/_funcs.cpython-310.pyc
1748487196|Leonardo|A|/venv/lib/python3.10/site-packages/poetry/core/_vendor/attr/__pycache__/_make.cpython-310.pyc
1748487196|Leonardo|A|/venv/lib/python3.10/site-packages/poetry/core/_vendor/attr/__pycache__/_next_gen.cpython-310.pyc
1748487196|Leonardo|A|/venv/lib/python3.10/site-packages/poetry/core/_vendor/attr/__pycache__/_version_info.cpython-310.pyc
1748487196|Leonardo|A|/venv/lib/python3.10/site-packages/poetry/core/_vendor/attr/__pycache__/converters.cpython-310.pyc
1748487196|Leonardo|A|/venv/lib/python3.10/site-packages/poetry/core/_vendor/attr/__pycache__/exceptions.cpython-310.pyc
1748487196|Leonardo|A|/venv/lib/python3.10/site-packages/poetry/core/_vendor/attr/__pycache__/filters.cpython-310.pyc
1748487196|Leonardo|A|/venv/lib/python3.10/site-packages/poetry/core/_vendor/attr/__pycache__/setters.cpython-310.pyc
1748487196|Leonardo|A|/venv/lib/python3.10/site-packages/poetry/core/_vendor/attr/__pycache__/validators.cpython-310.pyc
1748487196|Leonardo|A|/venv/lib/python3.10/site-packages/poetry/core/_vendor/attr/_compat.py
1748487196|Leonardo|A|/venv/lib/python3.10/site-packages/poetry/core/_vendor/attr/_config.py
1748487196|Leonardo|A|/venv/lib/python3.10/site-packages/poetry/core/_vendor/attr/_funcs.py
1748487196|Leonardo|A|/venv/lib/python3.10/site-packages/poetry/core/_vendor/attr/_make.py
1748487196|Leonardo|A|/venv/lib/python3.10/site-packages/poetry/core/_vendor/attr/_next_gen.py
1748487196|Leonardo|A|/venv/lib/python3.10/site-packages/poetry/core/_vendor/attr/_version_info.py
1748487196|Leonardo|A|/venv/lib/python3.10/site-packages/poetry/core/_vendor/attr/converters.py
1748487196|Leonardo|A|/venv/lib/python3.10/site-packages/poetry/core/_vendor/attr/exceptions.py
1748487196|Leonardo|A|/venv/lib/python3.10/site-packages/poetry/core/_vendor/attr/filters.py
1748487196|Leonardo|A|/venv/lib/python3.10/site-packages/poetry/core/_vendor/attr/py.typed
1748487196|Leonardo|A|/venv/lib/python3.10/site-packages/poetry/core/_vendor/attr/setters.py
1748487196|Leonardo|A|/venv/lib/python3.10/site-packages/poetry/core/_vendor/attr/validators.py
1748487196|Leonardo|A|/venv/lib/python3.10/site-packages/poetry/core/_vendor/attrs.LICENSE
1748487196|Leonardo|A|/venv/lib/python3.10/site-packages/poetry/core/_vendor/jsonschema/COPYING
1748487196|Leonardo|A|/venv/lib/python3.10/site-packages/poetry/core/_vendor/jsonschema/LICENSE
1748487196|Leonardo|A|/venv/lib/python3.10/site-packages/poetry/core/_vendor/jsonschema/__init__.py
1748487196|Leonardo|A|/venv/lib/python3.10/site-packages/poetry/core/_vendor/jsonschema/__main__.py
1748487196|Leonardo|A|/venv/lib/python3.10/site-packages/poetry/core/_vendor/jsonschema/__pycache__/__init__.cpython-310.pyc
1748487196|Leonardo|A|/venv/lib/python3.10/site-packages/poetry/core/_vendor/jsonschema/__pycache__/__main__.cpython-310.pyc
1748487196|Leonardo|A|/venv/lib/python3.10/site-packages/poetry/core/_vendor/jsonschema/__pycache__/_format.cpython-310.pyc
1748487196|Leonardo|A|/venv/lib/python3.10/site-packages/poetry/core/_vendor/jsonschema/__pycache__/_legacy_validators.cpython-310.pyc
1748487196|Leonardo|A|/venv/lib/python3.10/site-packages/poetry/core/_vendor/jsonschema/__pycache__/_reflect.cpython-310.pyc
1748487196|Leonardo|A|/venv/lib/python3.10/site-packages/poetry/core/_vendor/jsonschema/__pycache__/_types.cpython-310.pyc
1748487196|Leonardo|A|/venv/lib/python3.10/site-packages/poetry/core/_vendor/jsonschema/__pycache__/_utils.cpython-310.pyc
1748487196|Leonardo|A|/venv/lib/python3.10/site-packages/poetry/core/_vendor/jsonschema/__pycache__/_validators.cpython-310.pyc
1748487196|Leonardo|A|/venv/lib/python3.10/site-packages/poetry/core/_vendor/jsonschema/__pycache__/cli.cpython-310.pyc
1748487196|Leonardo|A|/venv/lib/python3.10/site-packages/poetry/core/_vendor/jsonschema/__pycache__/compat.cpython-310.pyc
1748487196|Leonardo|A|/venv/lib/python3.10/site-packages/poetry/core/_vendor/jsonschema/__pycache__/exceptions.cpython-310.pyc
1748487196|Leonardo|A|/venv/lib/python3.10/site-packages/poetry/core/_vendor/jsonschema/__pycache__/validators.cpython-310.pyc
1748487196|Leonardo|A|/venv/lib/python3.10/site-packages/poetry/core/_vendor/jsonschema/_format.py
1748487196|Leonardo|A|/venv/lib/python3.10/site-packages/poetry/core/_vendor/jsonschema/_legacy_validators.py
1748487196|Leonardo|A|/venv/lib/python3.10/site-packages/poetry/core/_vendor/jsonschema/_reflect.py
1748487196|Leonardo|A|/venv/lib/python3.10/site-packages/poetry/core/_vendor/jsonschema/_types.py
1748487196|Leonardo|A|/venv/lib/python3.10/site-packages/poetry/core/_vendor/jsonschema/_utils.py
1748487196|Leonardo|A|/venv/lib/python3.10/site-packages/poetry/core/_vendor/jsonschema/_validators.py
1748487196|Leonardo|A|/venv/lib/python3.10/site-packages/poetry/core/_vendor/jsonschema/benchmarks/__init__.py
1748487196|Leonardo|A|/venv/lib/python3.10/site-packages/poetry/core/_vendor/jsonschema/benchmarks/__pycache__/__init__.cpython-310.pyc
1748487196|Leonardo|A|/venv/lib/python3.10/site-packages/poetry/core/_vendor/jsonschema/benchmarks/__pycache__/issue232.cpython-310.pyc
1748487196|Leonardo|A|/venv/lib/python3.10/site-packages/poetry/core/_vendor/jsonschema/benchmarks/__pycache__/json_schema_test_suite.cpython-310.pyc
1748487196|Leonardo|A|/venv/lib/python3.10/site-packages/poetry/core/_vendor/jsonschema/benchmarks/issue232.py
1748487196|Leonardo|A|/venv/lib/python3.10/site-packages/poetry/core/_vendor/jsonschema/benchmarks/json_schema_test_suite.py
1748487196|Leonardo|A|/venv/lib/python3.10/site-packages/poetry/core/_vendor/jsonschema/cli.py
1748487196|Leonardo|A|/venv/lib/python3.10/site-packages/poetry/core/_vendor/jsonschema/compat.py
1748487196|Leonardo|A|/venv/lib/python3.10/site-packages/poetry/core/_vendor/jsonschema/exceptions.py
1748487196|Leonardo|A|/venv/lib/python3.10/site-packages/poetry/core/_vendor/jsonschema/schemas/draft3.json
1748487196|Leonardo|A|/venv/lib/python3.10/site-packages/poetry/core/_vendor/jsonschema/schemas/draft4.json
1748487196|Leonardo|A|/venv/lib/python3.10/site-packages/poetry/core/_vendor/jsonschema/schemas/draft6.json
1748487196|Leonardo|A|/venv/lib/python3.10/site-packages/poetry/core/_vendor/jsonschema/schemas/draft7.json
1748487196|Leonardo|A|/venv/lib/python3.10/site-packages/poetry/core/_vendor/jsonschema/validators.py
1748487196|Leonardo|A|/venv/lib/python3.10/site-packages/poetry/core/_vendor/lark-parser.LICENSE
1748487196|Leonardo|A|/venv/lib/python3.10/site-packages/poetry/core/_vendor/lark/__init__.py
1748487196|Leonardo|A|/venv/lib/python3.10/site-packages/poetry/core/_vendor/lark/__pycache__/__init__.cpython-310.pyc
1748487196|Leonardo|A|/venv/lib/python3.10/site-packages/poetry/core/_vendor/lark/__pycache__/common.cpython-310.pyc
1748487196|Leonardo|A|/venv/lib/python3.10/site-packages/poetry/core/_vendor/lark/__pycache__/exceptions.cpython-310.pyc
1748487196|Leonardo|A|/venv/lib/python3.10/site-packages/poetry/core/_vendor/lark/__pycache__/grammar.cpython-310.pyc
1748487196|Leonardo|A|/venv/lib/python3.10/site-packages/poetry/core/_vendor/lark/__pycache__/indenter.cpython-310.pyc
1748487196|Leonardo|A|/venv/lib/python3.10/site-packages/poetry/core/_vendor/lark/__pycache__/lark.cpython-310.pyc
1748487196|Leonardo|A|/venv/lib/python3.10/site-packages/poetry/core/_vendor/lark/__pycache__/lexer.cpython-310.pyc
1748487196|Leonardo|A|/venv/lib/python3.10/site-packages/poetry/core/_vendor/lark/__pycache__/load_grammar.cpython-310.pyc
1748487196|Leonardo|A|/venv/lib/python3.10/site-packages/poetry/core/_vendor/lark/__pycache__/parse_tree_builder.cpython-310.pyc
1748487196|Leonardo|A|/venv/lib/python3.10/site-packages/poetry/core/_vendor/lark/__pycache__/parser_frontends.cpython-310.pyc
1748487196|Leonardo|A|/venv/lib/python3.10/site-packages/poetry/core/_vendor/lark/__pycache__/reconstruct.cpython-310.pyc
1748487196|Leonardo|A|/venv/lib/python3.10/site-packages/poetry/core/_vendor/lark/__pycache__/reconstruct2.cpython-310.pyc
1748487196|Leonardo|A|/venv/lib/python3.10/site-packages/poetry/core/_vendor/lark/__pycache__/tree.cpython-310.pyc
1748487196|Leonardo|A|/venv/lib/python3.10/site-packages/poetry/core/_vendor/lark/__pycache__/utils.cpython-310.pyc
1748487196|Leonardo|A|/venv/lib/python3.10/site-packages/poetry/core/_vendor/lark/__pycache__/visitors.cpython-310.pyc
1748487196|Leonardo|A|/venv/lib/python3.10/site-packages/poetry/core/_vendor/lark/__pyinstaller/__init__.py
1748487196|Leonardo|A|/venv/lib/python3.10/site-packages/poetry/core/_vendor/lark/__pyinstaller/__pycache__/__init__.cpython-310.pyc
1748487196|Leonardo|A|/venv/lib/python3.10/site-packages/poetry/core/_vendor/lark/__pyinstaller/__pycache__/hook-lark.cpython-310.pyc
1748487196|Leonardo|A|/venv/lib/python3.10/site-packages/poetry/core/_vendor/lark/__pyinstaller/hook-lark.py
1748487196|Leonardo|A|/venv/lib/python3.10/site-packages/poetry/core/_vendor/lark/common.py
1748487196|Leonardo|A|/venv/lib/python3.10/site-packages/poetry/core/_vendor/lark/exceptions.py
1748487196|Leonardo|A|/venv/lib/python3.10/site-packages/poetry/core/_vendor/lark/grammar.py
1748487196|Leonardo|A|/venv/lib/python3.10/site-packages/poetry/core/_vendor/lark/grammars/common.lark
1748487196|Leonardo|A|/venv/lib/python3.10/site-packages/poetry/core/_vendor/lark/indenter.py
1748487196|Leonardo|A|/venv/lib/python3.10/site-packages/poetry/core/_vendor/lark/lark.py
1748487196|Leonardo|A|/venv/lib/python3.10/site-packages/poetry/core/_vendor/lark/lexer.py
1748487196|Leonardo|A|/venv/lib/python3.10/site-packages/poetry/core/_vendor/lark/load_grammar.py
1748487196|Leonardo|A|/venv/lib/python3.10/site-packages/poetry/core/_vendor/lark/parse_tree_builder.py
1748487196|Leonardo|A|/venv/lib/python3.10/site-packages/poetry/core/_vendor/lark/parser_frontends.py
1748487196|Leonardo|A|/venv/lib/python3.10/site-packages/poetry/core/_vendor/lark/parsers/__init__.py
1748487196|Leonardo|A|/venv/lib/python3.10/site-packages/poetry/core/_vendor/lark/parsers/__pycache__/__init__.cpython-310.pyc
1748487196|Leonardo|A|/venv/lib/python3.10/site-packages/poetry/core/_vendor/lark/parsers/__pycache__/cyk.cpython-310.pyc
1748487196|Leonardo|A|/venv/lib/python3.10/site-packages/poetry/core/_vendor/lark/parsers/__pycache__/earley.cpython-310.pyc
1748487196|Leonardo|A|/venv/lib/python3.10/site-packages/poetry/core/_vendor/lark/parsers/__pycache__/earley_common.cpython-310.pyc
1748487196|Leonardo|A|/venv/lib/python3.10/site-packages/poetry/core/_vendor/lark/parsers/__pycache__/earley_forest.cpython-310.pyc
1748487196|Leonardo|A|/venv/lib/python3.10/site-packages/poetry/core/_vendor/lark/parsers/__pycache__/grammar_analysis.cpython-310.pyc
1748487196|Leonardo|A|/venv/lib/python3.10/site-packages/poetry/core/_vendor/lark/parsers/__pycache__/lalr_analysis.cpython-310.pyc
1748487196|Leonardo|A|/venv/lib/python3.10/site-packages/poetry/core/_vendor/lark/parsers/__pycache__/lalr_parser.cpython-310.pyc
1748487196|Leonardo|A|/venv/lib/python3.10/site-packages/poetry/core/_vendor/lark/parsers/__pycache__/lalr_puppet.cpython-310.pyc
1748487196|Leonardo|A|/venv/lib/python3.10/site-packages/poetry/core/_vendor/lark/parsers/__pycache__/xearley.cpython-310.pyc
1748487196|Leonardo|A|/venv/lib/python3.10/site-packages/poetry/core/_vendor/lark/parsers/cyk.py
1748487196|Leonardo|A|/venv/lib/python3.10/site-packages/poetry/core/_vendor/lark/parsers/earley.py
1748487196|Leonardo|A|/venv/lib/python3.10/site-packages/poetry/core/_vendor/lark/parsers/earley_common.py
1748487196|Leonardo|A|/venv/lib/python3.10/site-packages/poetry/core/_vendor/lark/parsers/earley_forest.py
1748487196|Leonardo|A|/venv/lib/python3.10/site-packages/poetry/core/_vendor/lark/parsers/grammar_analysis.py
1748487196|Leonardo|A|/venv/lib/python3.10/site-packages/poetry/core/_vendor/lark/parsers/lalr_analysis.py
1748487196|Leonardo|A|/venv/lib/python3.10/site-packages/poetry/core/_vendor/lark/parsers/lalr_parser.py
1748487196|Leonardo|A|/venv/lib/python3.10/site-packages/poetry/core/_vendor/lark/parsers/lalr_puppet.py
1748487196|Leonardo|A|/venv/lib/python3.10/site-packages/poetry/core/_vendor/lark/parsers/xearley.py
1748487196|Leonardo|A|/venv/lib/python3.10/site-packages/poetry/core/_vendor/lark/reconstruct.py
1748487196|Leonardo|A|/venv/lib/python3.10/site-packages/poetry/core/_vendor/lark/reconstruct2.py
1748487196|Leonardo|A|/venv/lib/python3.10/site-packages/poetry/core/_vendor/lark/tools/__init__.py
1748487196|Leonardo|A|/venv/lib/python3.10/site-packages/poetry/core/_vendor/lark/tools/__pycache__/__init__.cpython-310.pyc
1748487196|Leonardo|A|/venv/lib/python3.10/site-packages/poetry/core/_vendor/lark/tools/__pycache__/nearley.cpython-310.pyc
1748487196|Leonardo|A|/venv/lib/python3.10/site-packages/poetry/core/_vendor/lark/tools/__pycache__/serialize.cpython-310.pyc
1748487196|Leonardo|A|/venv/lib/python3.10/site-packages/poetry/core/_vendor/lark/tools/__pycache__/standalone.cpython-310.pyc
1748487196|Leonardo|A|/venv/lib/python3.10/site-packages/poetry/core/_vendor/lark/tools/nearley.py
1748487196|Leonardo|A|/venv/lib/python3.10/site-packages/poetry/core/_vendor/lark/tools/serialize.py
1748487196|Leonardo|A|/venv/lib/python3.10/site-packages/poetry/core/_vendor/lark/tools/standalone.py
1748487196|Leonardo|A|/venv/lib/python3.10/site-packages/poetry/core/_vendor/lark/tree.py
1748487196|Leonardo|A|/venv/lib/python3.10/site-packages/poetry/core/_vendor/lark/utils.py
1748487196|Leonardo|A|/venv/lib/python3.10/site-packages/poetry/core/_vendor/lark/visitors.py
1748487196|Leonardo|A|/venv/lib/python3.10/site-packages/poetry/core/_vendor/packaging/LICENSE
1748487196|Leonardo|A|/venv/lib/python3.10/site-packages/poetry/core/_vendor/packaging/LICENSE.APACHE
1748487196|Leonardo|A|/venv/lib/python3.10/site-packages/poetry/core/_vendor/packaging/LICENSE.BSD
1748487196|Leonardo|A|/venv/lib/python3.10/site-packages/poetry/core/_vendor/packaging/__about__.py
1748487196|Leonardo|A|/venv/lib/python3.10/site-packages/poetry/core/_vendor/packaging/__init__.py
1748487196|Leonardo|A|/venv/lib/python3.10/site-packages/poetry/core/_vendor/packaging/__pycache__/__about__.cpython-310.pyc
1748487196|Leonardo|A|/venv/lib/python3.10/site-packages/poetry/core/_vendor/packaging/__pycache__/__init__.cpython-310.pyc
1748487196|Leonardo|A|/venv/lib/python3.10/site-packages/poetry/core/_vendor/packaging/__pycache__/_compat.cpython-310.pyc
1748487196|Leonardo|A|/venv/lib/python3.10/site-packages/poetry/core/_vendor/packaging/__pycache__/_structures.cpython-310.pyc
1748487196|Leonardo|A|/venv/lib/python3.10/site-packages/poetry/core/_vendor/packaging/__pycache__/_typing.cpython-310.pyc
1748487196|Leonardo|A|/venv/lib/python3.10/site-packages/poetry/core/_vendor/packaging/__pycache__/markers.cpython-310.pyc
1748487196|Leonardo|A|/venv/lib/python3.10/site-packages/poetry/core/_vendor/packaging/__pycache__/requirements.cpython-310.pyc
1748487196|Leonardo|A|/venv/lib/python3.10/site-packages/poetry/core/_vendor/packaging/__pycache__/specifiers.cpython-310.pyc
1748487196|Leonardo|A|/venv/lib/python3.10/site-packages/poetry/core/_vendor/packaging/__pycache__/tags.cpython-310.pyc
1748487196|Leonardo|A|/venv/lib/python3.10/site-packages/poetry/core/_vendor/packaging/__pycache__/utils.cpython-310.pyc
1748487196|Leonardo|A|/venv/lib/python3.10/site-packages/poetry/core/_vendor/packaging/__pycache__/version.cpython-310.pyc
1748487196|Leonardo|A|/venv/lib/python3.10/site-packages/poetry/core/_vendor/packaging/_compat.py
1748487196|Leonardo|A|/venv/lib/python3.10/site-packages/poetry/core/_vendor/packaging/_structures.py
1748487196|Leonardo|A|/venv/lib/python3.10/site-packages/poetry/core/_vendor/packaging/_typing.py
1748487196|Leonardo|A|/venv/lib/python3.10/site-packages/poetry/core/_vendor/packaging/markers.py
1748487196|Leonardo|A|/venv/lib/python3.10/site-packages/poetry/core/_vendor/packaging/py.typed
1748487196|Leonardo|A|/venv/lib/python3.10/site-packages/poetry/core/_vendor/packaging/requirements.py
1748487196|Leonardo|A|/venv/lib/python3.10/site-packages/poetry/core/_vendor/packaging/specifiers.py
1748487196|Leonardo|A|/venv/lib/python3.10/site-packages/poetry/core/_vendor/packaging/tags.py
1748487196|Leonardo|A|/venv/lib/python3.10/site-packages/poetry/core/_vendor/packaging/utils.py
1748487196|Leonardo|A|/venv/lib/python3.10/site-packages/poetry/core/_vendor/packaging/version.py
1748487196|Leonardo|A|/venv/lib/python3.10/site-packages/poetry/core/_vendor/pyparsing.LICENSE
1748487196|Leonardo|A|/venv/lib/python3.10/site-packages/poetry/core/_vendor/pyparsing.py
1748487196|Leonardo|A|/venv/lib/python3.10/site-packages/poetry/core/_vendor/pyrsistent/LICENSE.mit
1748487196|Leonardo|A|/venv/lib/python3.10/site-packages/poetry/core/_vendor/pyrsistent/__init__.py
1748487196|Leonardo|A|/venv/lib/python3.10/site-packages/poetry/core/_vendor/pyrsistent/__pycache__/__init__.cpython-310.pyc
1748487196|Leonardo|A|/venv/lib/python3.10/site-packages/poetry/core/_vendor/pyrsistent/__pycache__/_checked_types.cpython-310.pyc
1748487196|Leonardo|A|/venv/lib/python3.10/site-packages/poetry/core/_vendor/pyrsistent/__pycache__/_compat.cpython-310.pyc
1748487196|Leonardo|A|/venv/lib/python3.10/site-packages/poetry/core/_vendor/pyrsistent/__pycache__/_field_common.cpython-310.pyc
1748487196|Leonardo|A|/venv/lib/python3.10/site-packages/poetry/core/_vendor/pyrsistent/__pycache__/_helpers.cpython-310.pyc
1748487196|Leonardo|A|/venv/lib/python3.10/site-packages/poetry/core/_vendor/pyrsistent/__pycache__/_immutable.cpython-310.pyc
1748487196|Leonardo|A|/venv/lib/python3.10/site-packages/poetry/core/_vendor/pyrsistent/__pycache__/_pbag.cpython-310.pyc
1748487196|Leonardo|A|/venv/lib/python3.10/site-packages/poetry/core/_vendor/pyrsistent/__pycache__/_pclass.cpython-310.pyc
1748487196|Leonardo|A|/venv/lib/python3.10/site-packages/poetry/core/_vendor/pyrsistent/__pycache__/_pdeque.cpython-310.pyc
1748487196|Leonardo|A|/venv/lib/python3.10/site-packages/poetry/core/_vendor/pyrsistent/__pycache__/_plist.cpython-310.pyc
1748487196|Leonardo|A|/venv/lib/python3.10/site-packages/poetry/core/_vendor/pyrsistent/__pycache__/_pmap.cpython-310.pyc
1748487196|Leonardo|A|/venv/lib/python3.10/site-packages/poetry/core/_vendor/pyrsistent/__pycache__/_precord.cpython-310.pyc
1748487196|Leonardo|A|/venv/lib/python3.10/site-packages/poetry/core/_vendor/pyrsistent/__pycache__/_pset.cpython-310.pyc
1748487196|Leonardo|A|/venv/lib/python3.10/site-packages/poetry/core/_vendor/pyrsistent/__pycache__/_pvector.cpython-310.pyc
1748487196|Leonardo|A|/venv/lib/python3.10/site-packages/poetry/core/_vendor/pyrsistent/__pycache__/_toolz.cpython-310.pyc
1748487196|Leonardo|A|/venv/lib/python3.10/site-packages/poetry/core/_vendor/pyrsistent/__pycache__/_transformations.cpython-310.pyc
1748487196|Leonardo|A|/venv/lib/python3.10/site-packages/poetry/core/_vendor/pyrsistent/__pycache__/typing.cpython-310.pyc
1748487196|Leonardo|A|/venv/lib/python3.10/site-packages/poetry/core/_vendor/pyrsistent/_checked_types.py
1748487196|Leonardo|A|/venv/lib/python3.10/site-packages/poetry/core/_vendor/pyrsistent/_compat.py
1748487196|Leonardo|A|/venv/lib/python3.10/site-packages/poetry/core/_vendor/pyrsistent/_field_common.py
1748487196|Leonardo|A|/venv/lib/python3.10/site-packages/poetry/core/_vendor/pyrsistent/_helpers.py
1748487196|Leonardo|A|/venv/lib/python3.10/site-packages/poetry/core/_vendor/pyrsistent/_immutable.py
1748487196|Leonardo|A|/venv/lib/python3.10/site-packages/poetry/core/_vendor/pyrsistent/_pbag.py
1748487196|Leonardo|A|/venv/lib/python3.10/site-packages/poetry/core/_vendor/pyrsistent/_pclass.py
1748487196|Leonardo|A|/venv/lib/python3.10/site-packages/poetry/core/_vendor/pyrsistent/_pdeque.py
1748487196|Leonardo|A|/venv/lib/python3.10/site-packages/poetry/core/_vendor/pyrsistent/_plist.py
1748487196|Leonardo|A|/venv/lib/python3.10/site-packages/poetry/core/_vendor/pyrsistent/_pmap.py
1748487196|Leonardo|A|/venv/lib/python3.10/site-packages/poetry/core/_vendor/pyrsistent/_precord.py
1748487196|Leonardo|A|/venv/lib/python3.10/site-packages/poetry/core/_vendor/pyrsistent/_pset.py
1748487196|Leonardo|A|/venv/lib/python3.10/site-packages/poetry/core/_vendor/pyrsistent/_pvector.py
1748487196|Leonardo|A|/venv/lib/python3.10/site-packages/poetry/core/_vendor/pyrsistent/_toolz.py
1748487196|Leonardo|A|/venv/lib/python3.10/site-packages/poetry/core/_vendor/pyrsistent/_transformations.py
1748487196|Leonardo|A|/venv/lib/python3.10/site-packages/poetry/core/_vendor/pyrsistent/py.typed
1748487196|Leonardo|A|/venv/lib/python3.10/site-packages/poetry/core/_vendor/pyrsistent/typing.py
1748487196|Leonardo|A|/venv/lib/python3.10/site-packages/poetry/core/_vendor/six.LICENSE
1748487196|Leonardo|A|/venv/lib/python3.10/site-packages/poetry/core/_vendor/six.py
1748487196|Leonardo|A|/venv/lib/python3.10/site-packages/poetry/core/_vendor/tomlkit/LICENSE
1748487196|Leonardo|A|/venv/lib/python3.10/site-packages/poetry/core/_vendor/tomlkit/__init__.py
1748487196|Leonardo|A|/venv/lib/python3.10/site-packages/poetry/core/_vendor/tomlkit/__pycache__/__init__.cpython-310.pyc
1748487196|Leonardo|A|/venv/lib/python3.10/site-packages/poetry/core/_vendor/tomlkit/__pycache__/_compat.cpython-310.pyc
1748487196|Leonardo|A|/venv/lib/python3.10/site-packages/poetry/core/_vendor/tomlkit/__pycache__/_utils.cpython-310.pyc
1748487196|Leonardo|A|/venv/lib/python3.10/site-packages/poetry/core/_vendor/tomlkit/__pycache__/api.cpython-310.pyc
1748487196|Leonardo|A|/venv/lib/python3.10/site-packages/poetry/core/_vendor/tomlkit/__pycache__/container.cpython-310.pyc
1748487196|Leonardo|A|/venv/lib/python3.10/site-packages/poetry/core/_vendor/tomlkit/__pycache__/exceptions.cpython-310.pyc
1748487196|Leonardo|A|/venv/lib/python3.10/site-packages/poetry/core/_vendor/tomlkit/__pycache__/items.cpython-310.pyc
1748487196|Leonardo|A|/venv/lib/python3.10/site-packages/poetry/core/_vendor/tomlkit/__pycache__/parser.cpython-310.pyc
1748487196|Leonardo|A|/venv/lib/python3.10/site-packages/poetry/core/_vendor/tomlkit/__pycache__/source.cpython-310.pyc
1748487196|Leonardo|A|/venv/lib/python3.10/site-packages/poetry/core/_vendor/tomlkit/__pycache__/toml_char.cpython-310.pyc
1748487196|Leonardo|A|/venv/lib/python3.10/site-packages/poetry/core/_vendor/tomlkit/__pycache__/toml_document.cpython-310.pyc
1748487196|Leonardo|A|/venv/lib/python3.10/site-packages/poetry/core/_vendor/tomlkit/__pycache__/toml_file.cpython-310.pyc
1748487196|Leonardo|A|/venv/lib/python3.10/site-packages/poetry/core/_vendor/tomlkit/_compat.py
1748487196|Leonardo|A|/venv/lib/python3.10/site-packages/poetry/core/_vendor/tomlkit/_utils.py
1748487196|Leonardo|A|/venv/lib/python3.10/site-packages/poetry/core/_vendor/tomlkit/api.py
1748487196|Leonardo|A|/venv/lib/python3.10/site-packages/poetry/core/_vendor/tomlkit/container.py
1748487196|Leonardo|A|/venv/lib/python3.10/site-packages/poetry/core/_vendor/tomlkit/exceptions.py
1748487196|Leonardo|A|/venv/lib/python3.10/site-packages/poetry/core/_vendor/tomlkit/items.py
1748487196|Leonardo|A|/venv/lib/python3.10/site-packages/poetry/core/_vendor/tomlkit/parser.py
1748487196|Leonardo|A|/venv/lib/python3.10/site-packages/poetry/core/_vendor/tomlkit/source.py
1748487196|Leonardo|A|/venv/lib/python3.10/site-packages/poetry/core/_vendor/tomlkit/toml_char.py
1748487196|Leonardo|A|/venv/lib/python3.10/site-packages/poetry/core/_vendor/tomlkit/toml_document.py
1748487196|Leonardo|A|/venv/lib/python3.10/site-packages/poetry/core/_vendor/tomlkit/toml_file.py
1748487196|Leonardo|A|/venv/lib/python3.10/site-packages/poetry/core/_vendor/vendor.txt
1748487196|Leonardo|A|/venv/lib/python3.10/site-packages/poetry/core/exceptions/__init__.py
1748487196|Leonardo|A|/venv/lib/python3.10/site-packages/poetry/core/exceptions/__pycache__/__init__.cpython-310.pyc
1748487196|Leonardo|A|/venv/lib/python3.10/site-packages/poetry/core/exceptions/__pycache__/base.cpython-310.pyc
1748487196|Leonardo|A|/venv/lib/python3.10/site-packages/poetry/core/exceptions/base.py
1748487196|Leonardo|A|/venv/lib/python3.10/site-packages/poetry/core/factory.py
1748487196|Leonardo|A|/venv/lib/python3.10/site-packages/poetry/core/json/__init__.py
1748487196|Leonardo|A|/venv/lib/python3.10/site-packages/poetry/core/json/__pycache__/__init__.cpython-310.pyc
1748487196|Leonardo|A|/venv/lib/python3.10/site-packages/poetry/core/json/schemas/poetry-schema.json
1748487196|Leonardo|A|/venv/lib/python3.10/site-packages/poetry/core/masonry/__init__.py
1748487196|Leonardo|A|/venv/lib/python3.10/site-packages/poetry/core/masonry/__pycache__/__init__.cpython-310.pyc
1748487196|Leonardo|A|/venv/lib/python3.10/site-packages/poetry/core/masonry/__pycache__/api.cpython-310.pyc
1748487196|Leonardo|A|/venv/lib/python3.10/site-packages/poetry/core/masonry/__pycache__/builder.cpython-310.pyc
1748487196|Leonardo|A|/venv/lib/python3.10/site-packages/poetry/core/masonry/__pycache__/metadata.cpython-310.pyc
1748487196|Leonardo|A|/venv/lib/python3.10/site-packages/poetry/core/masonry/api.py
1748487196|Leonardo|A|/venv/lib/python3.10/site-packages/poetry/core/masonry/builder.py
1748487196|Leonardo|A|/venv/lib/python3.10/site-packages/poetry/core/masonry/builders/__init__.py
1748487196|Leonardo|A|/venv/lib/python3.10/site-packages/poetry/core/masonry/builders/__pycache__/__init__.cpython-310.pyc
1748487196|Leonardo|A|/venv/lib/python3.10/site-packages/poetry/core/masonry/builders/__pycache__/builder.cpython-310.pyc
1748487196|Leonardo|A|/venv/lib/python3.10/site-packages/poetry/core/masonry/builders/__pycache__/sdist.cpython-310.pyc
1748487196|Leonardo|A|/venv/lib/python3.10/site-packages/poetry/core/masonry/builders/__pycache__/wheel.cpython-310.pyc
1748487196|Leonardo|A|/venv/lib/python3.10/site-packages/poetry/core/masonry/builders/builder.py
1748487196|Leonardo|A|/venv/lib/python3.10/site-packages/poetry/core/masonry/builders/sdist.py
1748487196|Leonardo|A|/venv/lib/python3.10/site-packages/poetry/core/masonry/builders/wheel.py
1748487196|Leonardo|A|/venv/lib/python3.10/site-packages/poetry/core/masonry/metadata.py
1748487196|Leonardo|A|/venv/lib/python3.10/site-packages/poetry/core/masonry/utils/__init__.py
1748487196|Leonardo|A|/venv/lib/python3.10/site-packages/poetry/core/masonry/utils/__pycache__/__init__.cpython-310.pyc
1748487196|Leonardo|A|/venv/lib/python3.10/site-packages/poetry/core/masonry/utils/__pycache__/helpers.cpython-310.pyc
1748487196|Leonardo|A|/venv/lib/python3.10/site-packages/poetry/core/masonry/utils/__pycache__/include.cpython-310.pyc
1748487196|Leonardo|A|/venv/lib/python3.10/site-packages/poetry/core/masonry/utils/__pycache__/module.cpython-310.pyc
1748487196|Leonardo|A|/venv/lib/python3.10/site-packages/poetry/core/masonry/utils/__pycache__/package_include.cpython-310.pyc
1748487196|Leonardo|A|/venv/lib/python3.10/site-packages/poetry/core/masonry/utils/helpers.py
1748487196|Leonardo|A|/venv/lib/python3.10/site-packages/poetry/core/masonry/utils/include.py
1748487196|Leonardo|A|/venv/lib/python3.10/site-packages/poetry/core/masonry/utils/module.py
1748487196|Leonardo|A|/venv/lib/python3.10/site-packages/poetry/core/masonry/utils/package_include.py
1748487196|Leonardo|A|/venv/lib/python3.10/site-packages/poetry/core/packages/__init__.py
1748487196|Leonardo|A|/venv/lib/python3.10/site-packages/poetry/core/packages/__pycache__/__init__.cpython-310.pyc
1748487196|Leonardo|A|/venv/lib/python3.10/site-packages/poetry/core/packages/__pycache__/dependency.cpython-310.pyc
1748487196|Leonardo|A|/venv/lib/python3.10/site-packages/poetry/core/packages/__pycache__/directory_dependency.cpython-310.pyc
1748487196|Leonardo|A|/venv/lib/python3.10/site-packages/poetry/core/packages/__pycache__/file_dependency.cpython-310.pyc
1748487196|Leonardo|A|/venv/lib/python3.10/site-packages/poetry/core/packages/__pycache__/package.cpython-310.pyc
1748487196|Leonardo|A|/venv/lib/python3.10/site-packages/poetry/core/packages/__pycache__/project_package.cpython-310.pyc
1748487196|Leonardo|A|/venv/lib/python3.10/site-packages/poetry/core/packages/__pycache__/specification.cpython-310.pyc
1748487196|Leonardo|A|/venv/lib/python3.10/site-packages/poetry/core/packages/__pycache__/url_dependency.cpython-310.pyc
1748487196|Leonardo|A|/venv/lib/python3.10/site-packages/poetry/core/packages/__pycache__/vcs_dependency.cpython-310.pyc
1748487196|Leonardo|A|/venv/lib/python3.10/site-packages/poetry/core/packages/constraints/__init__.py
1748487196|Leonardo|A|/venv/lib/python3.10/site-packages/poetry/core/packages/constraints/__pycache__/__init__.cpython-310.pyc
1748487196|Leonardo|A|/venv/lib/python3.10/site-packages/poetry/core/packages/constraints/__pycache__/any_constraint.cpython-310.pyc
1748487196|Leonardo|A|/venv/lib/python3.10/site-packages/poetry/core/packages/constraints/__pycache__/base_constraint.cpython-310.pyc
1748487196|Leonardo|A|/venv/lib/python3.10/site-packages/poetry/core/packages/constraints/__pycache__/constraint.cpython-310.pyc
1748487196|Leonardo|A|/venv/lib/python3.10/site-packages/poetry/core/packages/constraints/__pycache__/empty_constraint.cpython-310.pyc
1748487196|Leonardo|A|/venv/lib/python3.10/site-packages/poetry/core/packages/constraints/__pycache__/multi_constraint.cpython-310.pyc
1748487196|Leonardo|A|/venv/lib/python3.10/site-packages/poetry/core/packages/constraints/__pycache__/union_constraint.cpython-310.pyc
1748487196|Leonardo|A|/venv/lib/python3.10/site-packages/poetry/core/packages/constraints/any_constraint.py
1748487196|Leonardo|A|/venv/lib/python3.10/site-packages/poetry/core/packages/constraints/base_constraint.py
1748487196|Leonardo|A|/venv/lib/python3.10/site-packages/poetry/core/packages/constraints/constraint.py
1748487196|Leonardo|A|/venv/lib/python3.10/site-packages/poetry/core/packages/constraints/empty_constraint.py
1748487196|Leonardo|A|/venv/lib/python3.10/site-packages/poetry/core/packages/constraints/multi_constraint.py
1748487196|Leonardo|A|/venv/lib/python3.10/site-packages/poetry/core/packages/constraints/union_constraint.py
1748487196|Leonardo|A|/venv/lib/python3.10/site-packages/poetry/core/packages/dependency.py
1748487196|Leonardo|A|/venv/lib/python3.10/site-packages/poetry/core/packages/directory_dependency.py
1748487196|Leonardo|A|/venv/lib/python3.10/site-packages/poetry/core/packages/file_dependency.py
1748487196|Leonardo|A|/venv/lib/python3.10/site-packages/poetry/core/packages/package.py
1748487196|Leonardo|A|/venv/lib/python3.10/site-packages/poetry/core/packages/project_package.py
1748487196|Leonardo|A|/venv/lib/python3.10/site-packages/poetry/core/packages/specification.py
1748487196|Leonardo|A|/venv/lib/python3.10/site-packages/poetry/core/packages/url_dependency.py
1748487196|Leonardo|A|/venv/lib/python3.10/site-packages/poetry/core/packages/utils/__init__.py
1748487196|Leonardo|A|/venv/lib/python3.10/site-packages/poetry/core/packages/utils/__pycache__/__init__.cpython-310.pyc
1748487196|Leonardo|A|/venv/lib/python3.10/site-packages/poetry/core/packages/utils/__pycache__/link.cpython-310.pyc
1748487196|Leonardo|A|/venv/lib/python3.10/site-packages/poetry/core/packages/utils/__pycache__/utils.cpython-310.pyc
1748487196|Leonardo|A|/venv/lib/python3.10/site-packages/poetry/core/packages/utils/link.py
1748487196|Leonardo|A|/venv/lib/python3.10/site-packages/poetry/core/packages/utils/utils.py
1748487196|Leonardo|A|/venv/lib/python3.10/site-packages/poetry/core/packages/vcs_dependency.py
1748487196|Leonardo|A|/venv/lib/python3.10/site-packages/poetry/core/poetry.py
1748487196|Leonardo|A|/venv/lib/python3.10/site-packages/poetry/core/pyproject/__init__.py
1748487196|Leonardo|A|/venv/lib/python3.10/site-packages/poetry/core/pyproject/__pycache__/__init__.cpython-310.pyc
1748487196|Leonardo|A|/venv/lib/python3.10/site-packages/poetry/core/pyproject/__pycache__/exceptions.cpython-310.pyc
1748487196|Leonardo|A|/venv/lib/python3.10/site-packages/poetry/core/pyproject/__pycache__/tables.cpython-310.pyc
1748487196|Leonardo|A|/venv/lib/python3.10/site-packages/poetry/core/pyproject/__pycache__/toml.cpython-310.pyc
1748487196|Leonardo|A|/venv/lib/python3.10/site-packages/poetry/core/pyproject/exceptions.py
1748487196|Leonardo|A|/venv/lib/python3.10/site-packages/poetry/core/pyproject/tables.py
1748487196|Leonardo|A|/venv/lib/python3.10/site-packages/poetry/core/pyproject/toml.py
1748487196|Leonardo|A|/venv/lib/python3.10/site-packages/poetry/core/semver/__init__.py
1748487196|Leonardo|A|/venv/lib/python3.10/site-packages/poetry/core/semver/__pycache__/__init__.cpython-310.pyc
1748487196|Leonardo|A|/venv/lib/python3.10/site-packages/poetry/core/semver/__pycache__/empty_constraint.cpython-310.pyc
1748487196|Leonardo|A|/venv/lib/python3.10/site-packages/poetry/core/semver/__pycache__/exceptions.cpython-310.pyc
1748487196|Leonardo|A|/venv/lib/python3.10/site-packages/poetry/core/semver/__pycache__/patterns.cpython-310.pyc
1748487196|Leonardo|A|/venv/lib/python3.10/site-packages/poetry/core/semver/__pycache__/version.cpython-310.pyc
1748487196|Leonardo|A|/venv/lib/python3.10/site-packages/poetry/core/semver/__pycache__/version_constraint.cpython-310.pyc
1748487196|Leonardo|A|/venv/lib/python3.10/site-packages/poetry/core/semver/__pycache__/version_range.cpython-310.pyc
1748487196|Leonardo|A|/venv/lib/python3.10/site-packages/poetry/core/semver/__pycache__/version_union.cpython-310.pyc
1748487196|Leonardo|A|/venv/lib/python3.10/site-packages/poetry/core/semver/empty_constraint.py
1748487196|Leonardo|A|/venv/lib/python3.10/site-packages/poetry/core/semver/exceptions.py
1748487196|Leonardo|A|/venv/lib/python3.10/site-packages/poetry/core/semver/patterns.py
1748487196|Leonardo|A|/venv/lib/python3.10/site-packages/poetry/core/semver/version.py
1748487196|Leonardo|A|/venv/lib/python3.10/site-packages/poetry/core/semver/version_constraint.py
1748487196|Leonardo|A|/venv/lib/python3.10/site-packages/poetry/core/semver/version_range.py
1748487196|Leonardo|A|/venv/lib/python3.10/site-packages/poetry/core/semver/version_union.py
1748487196|Leonardo|A|/venv/lib/python3.10/site-packages/poetry/core/spdx/__init__.py
1748487196|Leonardo|A|/venv/lib/python3.10/site-packages/poetry/core/spdx/__pycache__/__init__.cpython-310.pyc
1748487196|Leonardo|A|/venv/lib/python3.10/site-packages/poetry/core/spdx/__pycache__/license.cpython-310.pyc
1748487196|Leonardo|A|/venv/lib/python3.10/site-packages/poetry/core/spdx/__pycache__/updater.cpython-310.pyc
1748487196|Leonardo|A|/venv/lib/python3.10/site-packages/poetry/core/spdx/data/licenses.json
1748487196|Leonardo|A|/venv/lib/python3.10/site-packages/poetry/core/spdx/license.py
1748487196|Leonardo|A|/venv/lib/python3.10/site-packages/poetry/core/spdx/updater.py
1748487196|Leonardo|A|/venv/lib/python3.10/site-packages/poetry/core/toml/__init__.py
1748487196|Leonardo|A|/venv/lib/python3.10/site-packages/poetry/core/toml/__pycache__/__init__.cpython-310.pyc
1748487196|Leonardo|A|/venv/lib/python3.10/site-packages/poetry/core/toml/__pycache__/exceptions.cpython-310.pyc
1748487196|Leonardo|A|/venv/lib/python3.10/site-packages/poetry/core/toml/__pycache__/file.cpython-310.pyc
1748487196|Leonardo|A|/venv/lib/python3.10/site-packages/poetry/core/toml/exceptions.py
1748487196|Leonardo|A|/venv/lib/python3.10/site-packages/poetry/core/toml/file.py
1748487196|Leonardo|A|/venv/lib/python3.10/site-packages/poetry/core/utils/__init__.py
1748487196|Leonardo|A|/venv/lib/python3.10/site-packages/poetry/core/utils/__pycache__/__init__.cpython-310.pyc
1748487196|Leonardo|A|/venv/lib/python3.10/site-packages/poetry/core/utils/__pycache__/_compat.cpython-310.pyc
1748487196|Leonardo|A|/venv/lib/python3.10/site-packages/poetry/core/utils/__pycache__/helpers.cpython-310.pyc
1748487196|Leonardo|A|/venv/lib/python3.10/site-packages/poetry/core/utils/__pycache__/patterns.cpython-310.pyc
1748487196|Leonardo|A|/venv/lib/python3.10/site-packages/poetry/core/utils/__pycache__/toml_file.cpython-310.pyc
1748487196|Leonardo|A|/venv/lib/python3.10/site-packages/poetry/core/utils/_compat.py
1748487196|Leonardo|A|/venv/lib/python3.10/site-packages/poetry/core/utils/helpers.py
1748487196|Leonardo|A|/venv/lib/python3.10/site-packages/poetry/core/utils/patterns.py
1748487196|Leonardo|A|/venv/lib/python3.10/site-packages/poetry/core/utils/toml_file.py
1748487196|Leonardo|A|/venv/lib/python3.10/site-packages/poetry/core/vcs/__init__.py
1748487196|Leonardo|A|/venv/lib/python3.10/site-packages/poetry/core/vcs/__pycache__/__init__.cpython-310.pyc
1748487196|Leonardo|A|/venv/lib/python3.10/site-packages/poetry/core/vcs/__pycache__/git.cpython-310.pyc
1748487196|Leonardo|A|/venv/lib/python3.10/site-packages/poetry/core/vcs/git.py
1748487196|Leonardo|A|/venv/lib/python3.10/site-packages/poetry/core/version/__init__.py
1748487196|Leonardo|A|/venv/lib/python3.10/site-packages/poetry/core/version/__pycache__/__init__.cpython-310.pyc
1748487196|Leonardo|A|/venv/lib/python3.10/site-packages/poetry/core/version/__pycache__/base.cpython-310.pyc
1748487196|Leonardo|A|/venv/lib/python3.10/site-packages/poetry/core/version/__pycache__/exceptions.cpython-310.pyc
1748487196|Leonardo|A|/venv/lib/python3.10/site-packages/poetry/core/version/__pycache__/helpers.cpython-310.pyc
1748487196|Leonardo|A|/venv/lib/python3.10/site-packages/poetry/core/version/__pycache__/legacy_version.cpython-310.pyc
1748487196|Leonardo|A|/venv/lib/python3.10/site-packages/poetry/core/version/__pycache__/markers.cpython-310.pyc
1748487196|Leonardo|A|/venv/lib/python3.10/site-packages/poetry/core/version/__pycache__/requirements.cpython-310.pyc
1748487196|Leonardo|A|/venv/lib/python3.10/site-packages/poetry/core/version/__pycache__/utils.cpython-310.pyc
1748487196|Leonardo|A|/venv/lib/python3.10/site-packages/poetry/core/version/__pycache__/version.cpython-310.pyc
1748487196|Leonardo|A|/venv/lib/python3.10/site-packages/poetry/core/version/base.py
1748487196|Leonardo|A|/venv/lib/python3.10/site-packages/poetry/core/version/exceptions.py
1748487196|Leonardo|A|/venv/lib/python3.10/site-packages/poetry/core/version/grammars/__init__.py
1748487196|Leonardo|A|/venv/lib/python3.10/site-packages/poetry/core/version/grammars/__pycache__/__init__.cpython-310.pyc
1748487196|Leonardo|A|/venv/lib/python3.10/site-packages/poetry/core/version/grammars/markers.lark
1748487196|Leonardo|A|/venv/lib/python3.10/site-packages/poetry/core/version/grammars/pep508.lark
1748487196|Leonardo|A|/venv/lib/python3.10/site-packages/poetry/core/version/helpers.py
1748487196|Leonardo|A|/venv/lib/python3.10/site-packages/poetry/core/version/legacy_version.py
1748487196|Leonardo|A|/venv/lib/python3.10/site-packages/poetry/core/version/markers.py
1748487196|Leonardo|A|/venv/lib/python3.10/site-packages/poetry/core/version/requirements.py
1748487196|Leonardo|A|/venv/lib/python3.10/site-packages/poetry/core/version/utils.py
1748487196|Leonardo|A|/venv/lib/python3.10/site-packages/poetry/core/version/version.py
1748487196|Leonardo|A|/venv/lib/python3.10/site-packages/poetry/exceptions.py
1748487196|Leonardo|A|/venv/lib/python3.10/site-packages/poetry/factory.py
1748487196|Leonardo|A|/venv/lib/python3.10/site-packages/poetry/inspection/__init__.py
1748487196|Leonardo|A|/venv/lib/python3.10/site-packages/poetry/inspection/__pycache__/__init__.cpython-310.pyc
1748487196|Leonardo|A|/venv/lib/python3.10/site-packages/poetry/inspection/__pycache__/info.cpython-310.pyc
1748487196|Leonardo|A|/venv/lib/python3.10/site-packages/poetry/inspection/info.py
1748487196|Leonardo|A|/venv/lib/python3.10/site-packages/poetry/installation/__init__.py
1748487196|Leonardo|A|/venv/lib/python3.10/site-packages/poetry/installation/__pycache__/__init__.cpython-310.pyc
1748487196|Leonardo|A|/venv/lib/python3.10/site-packages/poetry/installation/__pycache__/authenticator.cpython-310.pyc
1748487196|Leonardo|A|/venv/lib/python3.10/site-packages/poetry/installation/__pycache__/base_installer.cpython-310.pyc
1748487196|Leonardo|A|/venv/lib/python3.10/site-packages/poetry/installation/__pycache__/chef.cpython-310.pyc
1748487196|Leonardo|A|/venv/lib/python3.10/site-packages/poetry/installation/__pycache__/chooser.cpython-310.pyc
1748487196|Leonardo|A|/venv/lib/python3.10/site-packages/poetry/installation/__pycache__/executor.cpython-310.pyc
1748487196|Leonardo|A|/venv/lib/python3.10/site-packages/poetry/installation/__pycache__/installer.cpython-310.pyc
1748487196|Leonardo|A|/venv/lib/python3.10/site-packages/poetry/installation/__pycache__/noop_installer.cpython-310.pyc
1748487196|Leonardo|A|/venv/lib/python3.10/site-packages/poetry/installation/__pycache__/pip_installer.cpython-310.pyc
1748487196|Leonardo|A|/venv/lib/python3.10/site-packages/poetry/installation/authenticator.py
1748487196|Leonardo|A|/venv/lib/python3.10/site-packages/poetry/installation/base_installer.py
1748487196|Leonardo|A|/venv/lib/python3.10/site-packages/poetry/installation/chef.py
1748487196|Leonardo|A|/venv/lib/python3.10/site-packages/poetry/installation/chooser.py
1748487196|Leonardo|A|/venv/lib/python3.10/site-packages/poetry/installation/executor.py
1748487196|Leonardo|A|/venv/lib/python3.10/site-packages/poetry/installation/installer.py
1748487196|Leonardo|A|/venv/lib/python3.10/site-packages/poetry/installation/noop_installer.py
1748487196|Leonardo|A|/venv/lib/python3.10/site-packages/poetry/installation/operations/__init__.py
1748487196|Leonardo|A|/venv/lib/python3.10/site-packages/poetry/installation/operations/__pycache__/__init__.cpython-310.pyc
1748487196|Leonardo|A|/venv/lib/python3.10/site-packages/poetry/installation/operations/__pycache__/install.cpython-310.pyc
1748487196|Leonardo|A|/venv/lib/python3.10/site-packages/poetry/installation/operations/__pycache__/operation.cpython-310.pyc
1748487196|Leonardo|A|/venv/lib/python3.10/site-packages/poetry/installation/operations/__pycache__/uninstall.cpython-310.pyc
1748487196|Leonardo|A|/venv/lib/python3.10/site-packages/poetry/installation/operations/__pycache__/update.cpython-310.pyc
1748487196|Leonardo|A|/venv/lib/python3.10/site-packages/poetry/installation/operations/install.py
1748487196|Leonardo|A|/venv/lib/python3.10/site-packages/poetry/installation/operations/operation.py
1748487196|Leonardo|A|/venv/lib/python3.10/site-packages/poetry/installation/operations/uninstall.py
1748487196|Leonardo|A|/venv/lib/python3.10/site-packages/poetry/installation/operations/update.py
1748487196|Leonardo|A|/venv/lib/python3.10/site-packages/poetry/installation/pip_installer.py
1748487196|Leonardo|A|/venv/lib/python3.10/site-packages/poetry/io/__init__.py
1748487196|Leonardo|A|/venv/lib/python3.10/site-packages/poetry/io/__pycache__/__init__.cpython-310.pyc
1748487196|Leonardo|A|/venv/lib/python3.10/site-packages/poetry/io/__pycache__/null_io.cpython-310.pyc
1748487196|Leonardo|A|/venv/lib/python3.10/site-packages/poetry/io/null_io.py
1748487196|Leonardo|A|/venv/lib/python3.10/site-packages/poetry/json/__init__.py
1748487196|Leonardo|A|/venv/lib/python3.10/site-packages/poetry/json/__pycache__/__init__.cpython-310.pyc
1748487196|Leonardo|A|/venv/lib/python3.10/site-packages/poetry/json/schemas/poetry-schema.json
1748487196|Leonardo|A|/venv/lib/python3.10/site-packages/poetry/layouts/__init__.py
1748487196|Leonardo|A|/venv/lib/python3.10/site-packages/poetry/layouts/__pycache__/__init__.cpython-310.pyc
1748487196|Leonardo|A|/venv/lib/python3.10/site-packages/poetry/layouts/__pycache__/layout.cpython-310.pyc
1748487196|Leonardo|A|/venv/lib/python3.10/site-packages/poetry/layouts/__pycache__/src.cpython-310.pyc
1748487196|Leonardo|A|/venv/lib/python3.10/site-packages/poetry/layouts/__pycache__/standard.cpython-310.pyc
1748487196|Leonardo|A|/venv/lib/python3.10/site-packages/poetry/layouts/layout.py
1748487196|Leonardo|A|/venv/lib/python3.10/site-packages/poetry/layouts/src.py
1748487196|Leonardo|A|/venv/lib/python3.10/site-packages/poetry/layouts/standard.py
1748487196|Leonardo|A|/venv/lib/python3.10/site-packages/poetry/locations.py
1748487196|Leonardo|A|/venv/lib/python3.10/site-packages/poetry/masonry/__init__.py
1748487196|Leonardo|A|/venv/lib/python3.10/site-packages/poetry/masonry/__pycache__/__init__.cpython-310.pyc
1748487196|Leonardo|A|/venv/lib/python3.10/site-packages/poetry/masonry/__pycache__/api.cpython-310.pyc
1748487196|Leonardo|A|/venv/lib/python3.10/site-packages/poetry/masonry/api.py
1748487196|Leonardo|A|/venv/lib/python3.10/site-packages/poetry/masonry/builders/__init__.py
1748487196|Leonardo|A|/venv/lib/python3.10/site-packages/poetry/masonry/builders/__pycache__/__init__.cpython-310.pyc
1748487196|Leonardo|A|/venv/lib/python3.10/site-packages/poetry/masonry/builders/__pycache__/editable.cpython-310.pyc
1748487196|Leonardo|A|/venv/lib/python3.10/site-packages/poetry/masonry/builders/editable.py
1748487196|Leonardo|A|/venv/lib/python3.10/site-packages/poetry/mixology/__init__.py
1748487196|Leonardo|A|/venv/lib/python3.10/site-packages/poetry/mixology/__pycache__/__init__.cpython-310.pyc
1748487196|Leonardo|A|/venv/lib/python3.10/site-packages/poetry/mixology/__pycache__/assignment.cpython-310.pyc
1748487196|Leonardo|A|/venv/lib/python3.10/site-packages/poetry/mixology/__pycache__/failure.cpython-310.pyc
1748487196|Leonardo|A|/venv/lib/python3.10/site-packages/poetry/mixology/__pycache__/incompatibility.cpython-310.pyc
1748487196|Leonardo|A|/venv/lib/python3.10/site-packages/poetry/mixology/__pycache__/incompatibility_cause.cpython-310.pyc
1748487196|Leonardo|A|/venv/lib/python3.10/site-packages/poetry/mixology/__pycache__/partial_solution.cpython-310.pyc
1748487196|Leonardo|A|/venv/lib/python3.10/site-packages/poetry/mixology/__pycache__/result.cpython-310.pyc
1748487196|Leonardo|A|/venv/lib/python3.10/site-packages/poetry/mixology/__pycache__/set_relation.cpython-310.pyc
1748487196|Leonardo|A|/venv/lib/python3.10/site-packages/poetry/mixology/__pycache__/term.cpython-310.pyc
1748487196|Leonardo|A|/venv/lib/python3.10/site-packages/poetry/mixology/__pycache__/version_solver.cpython-310.pyc
1748487196|Leonardo|A|/venv/lib/python3.10/site-packages/poetry/mixology/assignment.py
1748487196|Leonardo|A|/venv/lib/python3.10/site-packages/poetry/mixology/failure.py
1748487196|Leonardo|A|/venv/lib/python3.10/site-packages/poetry/mixology/incompatibility.py
1748487196|Leonardo|A|/venv/lib/python3.10/site-packages/poetry/mixology/incompatibility_cause.py
1748487196|Leonardo|A|/venv/lib/python3.10/site-packages/poetry/mixology/partial_solution.py
1748487196|Leonardo|A|/venv/lib/python3.10/site-packages/poetry/mixology/result.py
1748487196|Leonardo|A|/venv/lib/python3.10/site-packages/poetry/mixology/set_relation.py
1748487196|Leonardo|A|/venv/lib/python3.10/site-packages/poetry/mixology/solutions/__init__.py
1748487196|Leonardo|A|/venv/lib/python3.10/site-packages/poetry/mixology/solutions/__pycache__/__init__.cpython-310.pyc
1748487196|Leonardo|A|/venv/lib/python3.10/site-packages/poetry/mixology/solutions/providers/__init__.py
1748487196|Leonardo|A|/venv/lib/python3.10/site-packages/poetry/mixology/solutions/providers/__pycache__/__init__.cpython-310.pyc
1748487196|Leonardo|A|/venv/lib/python3.10/site-packages/poetry/mixology/solutions/providers/__pycache__/python_requirement_solution_provider.cpython-310.pyc
1748487196|Leonardo|A|/venv/lib/python3.10/site-packages/poetry/mixology/solutions/providers/python_requirement_solution_provider.py
1748487196|Leonardo|A|/venv/lib/python3.10/site-packages/poetry/mixology/solutions/solutions/__init__.py
1748487196|Leonardo|A|/venv/lib/python3.10/site-packages/poetry/mixology/solutions/solutions/__pycache__/__init__.cpython-310.pyc
1748487196|Leonardo|A|/venv/lib/python3.10/site-packages/poetry/mixology/solutions/solutions/__pycache__/python_requirement_solution.cpython-310.pyc
1748487196|Leonardo|A|/venv/lib/python3.10/site-packages/poetry/mixology/solutions/solutions/python_requirement_solution.py
1748487196|Leonardo|A|/venv/lib/python3.10/site-packages/poetry/mixology/term.py
1748487196|Leonardo|A|/venv/lib/python3.10/site-packages/poetry/mixology/version_solver.py
1748487196|Leonardo|A|/venv/lib/python3.10/site-packages/poetry/packages/__init__.py
1748487196|Leonardo|A|/venv/lib/python3.10/site-packages/poetry/packages/__pycache__/__init__.cpython-310.pyc
1748487196|Leonardo|A|/venv/lib/python3.10/site-packages/poetry/packages/__pycache__/dependency_package.cpython-310.pyc
1748487196|Leonardo|A|/venv/lib/python3.10/site-packages/poetry/packages/__pycache__/locker.cpython-310.pyc
1748487196|Leonardo|A|/venv/lib/python3.10/site-packages/poetry/packages/__pycache__/package_collection.cpython-310.pyc
1748487196|Leonardo|A|/venv/lib/python3.10/site-packages/poetry/packages/dependency_package.py
1748487196|Leonardo|A|/venv/lib/python3.10/site-packages/poetry/packages/locker.py
1748487196|Leonardo|A|/venv/lib/python3.10/site-packages/poetry/packages/package_collection.py
1748487196|Leonardo|A|/venv/lib/python3.10/site-packages/poetry/poetry.py
1748487196|Leonardo|A|/venv/lib/python3.10/site-packages/poetry/publishing/__init__.py
1748487196|Leonardo|A|/venv/lib/python3.10/site-packages/poetry/publishing/__pycache__/__init__.cpython-310.pyc
1748487196|Leonardo|A|/venv/lib/python3.10/site-packages/poetry/publishing/__pycache__/publisher.cpython-310.pyc
1748487196|Leonardo|A|/venv/lib/python3.10/site-packages/poetry/publishing/__pycache__/uploader.cpython-310.pyc
1748487196|Leonardo|A|/venv/lib/python3.10/site-packages/poetry/publishing/publisher.py
1748487196|Leonardo|A|/venv/lib/python3.10/site-packages/poetry/publishing/uploader.py
1748487196|Leonardo|A|/venv/lib/python3.10/site-packages/poetry/puzzle/__init__.py
1748487196|Leonardo|A|/venv/lib/python3.10/site-packages/poetry/puzzle/__pycache__/__init__.cpython-310.pyc
1748487196|Leonardo|A|/venv/lib/python3.10/site-packages/poetry/puzzle/__pycache__/exceptions.cpython-310.pyc
1748487196|Leonardo|A|/venv/lib/python3.10/site-packages/poetry/puzzle/__pycache__/provider.cpython-310.pyc
1748487196|Leonardo|A|/venv/lib/python3.10/site-packages/poetry/puzzle/__pycache__/solver.cpython-310.pyc
1748487196|Leonardo|A|/venv/lib/python3.10/site-packages/poetry/puzzle/exceptions.py
1748487196|Leonardo|A|/venv/lib/python3.10/site-packages/poetry/puzzle/provider.py
1748487196|Leonardo|A|/venv/lib/python3.10/site-packages/poetry/puzzle/solver.py
1748487196|Leonardo|A|/venv/lib/python3.10/site-packages/poetry/repositories/__init__.py
1748487196|Leonardo|A|/venv/lib/python3.10/site-packages/poetry/repositories/__pycache__/__init__.cpython-310.pyc
1748487196|Leonardo|A|/venv/lib/python3.10/site-packages/poetry/repositories/__pycache__/base_repository.cpython-310.pyc
1748487196|Leonardo|A|/venv/lib/python3.10/site-packages/poetry/repositories/__pycache__/exceptions.cpython-310.pyc
1748487196|Leonardo|A|/venv/lib/python3.10/site-packages/poetry/repositories/__pycache__/installed_repository.cpython-310.pyc
1748487196|Leonardo|A|/venv/lib/python3.10/site-packages/poetry/repositories/__pycache__/legacy_repository.cpython-310.pyc
1748487196|Leonardo|A|/venv/lib/python3.10/site-packages/poetry/repositories/__pycache__/pool.cpython-310.pyc
1748487196|Leonardo|A|/venv/lib/python3.10/site-packages/poetry/repositories/__pycache__/pypi_repository.cpython-310.pyc
1748487196|Leonardo|A|/venv/lib/python3.10/site-packages/poetry/repositories/__pycache__/remote_repository.cpython-310.pyc
1748487196|Leonardo|A|/venv/lib/python3.10/site-packages/poetry/repositories/__pycache__/repository.cpython-310.pyc
1748487196|Leonardo|A|/venv/lib/python3.10/site-packages/poetry/repositories/base_repository.py
1748487196|Leonardo|A|/venv/lib/python3.10/site-packages/poetry/repositories/exceptions.py
1748487196|Leonardo|A|/venv/lib/python3.10/site-packages/poetry/repositories/installed_repository.py
1748487196|Leonardo|A|/venv/lib/python3.10/site-packages/poetry/repositories/legacy_repository.py
1748487196|Leonardo|A|/venv/lib/python3.10/site-packages/poetry/repositories/pool.py
1748487196|Leonardo|A|/venv/lib/python3.10/site-packages/poetry/repositories/pypi_repository.py
1748487196|Leonardo|A|/venv/lib/python3.10/site-packages/poetry/repositories/remote_repository.py
1748487196|Leonardo|A|/venv/lib/python3.10/site-packages/poetry/repositories/repository.py
1748487196|Leonardo|A|/venv/lib/python3.10/site-packages/poetry/utils/__init__.py
1748487196|Leonardo|A|/venv/lib/python3.10/site-packages/poetry/utils/__pycache__/__init__.cpython-310.pyc
1748487196|Leonardo|A|/venv/lib/python3.10/site-packages/poetry/utils/__pycache__/_compat.cpython-310.pyc
1748487196|Leonardo|A|/venv/lib/python3.10/site-packages/poetry/utils/__pycache__/appdirs.cpython-310.pyc
1748487196|Leonardo|A|/venv/lib/python3.10/site-packages/poetry/utils/__pycache__/env.cpython-310.pyc
1748487196|Leonardo|A|/venv/lib/python3.10/site-packages/poetry/utils/__pycache__/exporter.cpython-310.pyc
1748487196|Leonardo|A|/venv/lib/python3.10/site-packages/poetry/utils/__pycache__/extras.cpython-310.pyc
1748487196|Leonardo|A|/venv/lib/python3.10/site-packages/poetry/utils/__pycache__/helpers.cpython-310.pyc
1748487196|Leonardo|A|/venv/lib/python3.10/site-packages/poetry/utils/__pycache__/password_manager.cpython-310.pyc
1748487196|Leonardo|A|/venv/lib/python3.10/site-packages/poetry/utils/__pycache__/patterns.cpython-310.pyc
1748487196|Leonardo|A|/venv/lib/python3.10/site-packages/poetry/utils/__pycache__/setup_reader.cpython-310.pyc
1748487196|Leonardo|A|/venv/lib/python3.10/site-packages/poetry/utils/__pycache__/shell.cpython-310.pyc
1748487196|Leonardo|A|/venv/lib/python3.10/site-packages/poetry/utils/_compat.py
1748487196|Leonardo|A|/venv/lib/python3.10/site-packages/poetry/utils/appdirs.py
1748487196|Leonardo|A|/venv/lib/python3.10/site-packages/poetry/utils/env.py
1748487196|Leonardo|A|/venv/lib/python3.10/site-packages/poetry/utils/exporter.py
1748487196|Leonardo|A|/venv/lib/python3.10/site-packages/poetry/utils/extras.py
1748487196|Leonardo|A|/venv/lib/python3.10/site-packages/poetry/utils/helpers.py
1748487196|Leonardo|A|/venv/lib/python3.10/site-packages/poetry/utils/password_manager.py
1748487196|Leonardo|A|/venv/lib/python3.10/site-packages/poetry/utils/patterns.py
1748487196|Leonardo|A|/venv/lib/python3.10/site-packages/poetry/utils/setup_reader.py
1748487196|Leonardo|A|/venv/lib/python3.10/site-packages/poetry/utils/shell.py
1748487196|Leonardo|A|/venv/lib/python3.10/site-packages/poetry/version/__init__.py
1748487196|Leonardo|A|/venv/lib/python3.10/site-packages/poetry/version/__pycache__/__init__.cpython-310.pyc
1748487196|Leonardo|A|/venv/lib/python3.10/site-packages/poetry/version/__pycache__/version_selector.cpython-310.pyc
1748487196|Leonardo|A|/venv/lib/python3.10/site-packages/poetry/version/version_selector.py
1748487196|Leonardo|A|/venv/lib/python3.10/site-packages/poetry_core-1.0.7.dist-info/INSTALLER
1748487196|Leonardo|A|/venv/lib/python3.10/site-packages/poetry_core-1.0.7.dist-info/LICENSE
1748487196|Leonardo|A|/venv/lib/python3.10/site-packages/poetry_core-1.0.7.dist-info/METADATA
1748487196|Leonardo|A|/venv/lib/python3.10/site-packages/poetry_core-1.0.7.dist-info/RECORD
1748487196|Leonardo|A|/venv/lib/python3.10/site-packages/poetry_core-1.0.7.dist-info/REQUESTED
1748487196|Leonardo|A|/venv/lib/python3.10/site-packages/poetry_core-1.0.7.dist-info/WHEEL
1748487196|Leonardo|A|/venv/lib/python3.10/site-packages/protobuf-3.12.4-nspkg.pth
1748487196|Leonardo|A|/venv/lib/python3.10/site-packages/protobuf-3.12.4.dist-info/INSTALLER
1748487196|Leonardo|A|/venv/lib/python3.10/site-packages/protobuf-3.12.4.dist-info/METADATA
1748487196|Leonardo|A|/venv/lib/python3.10/site-packages/protobuf-3.12.4.dist-info/RECORD
1748487196|Leonardo|A|/venv/lib/python3.10/site-packages/protobuf-3.12.4.dist-info/REQUESTED
1748487196|Leonardo|A|/venv/lib/python3.10/site-packages/protobuf-3.12.4.dist-info/WHEEL
1748487196|Leonardo|A|/venv/lib/python3.10/site-packages/protobuf-3.12.4.dist-info/namespace_packages.txt
1748487196|Leonardo|A|/venv/lib/python3.10/site-packages/protobuf-3.12.4.dist-info/top_level.txt
1748487196|Leonardo|M|/venv/lib/python3.10/site-packages/psycopg2/__pycache__/__init__.cpython-310.pyc
1748487196|Leonardo|M|/venv/lib/python3.10/site-packages/psycopg2/__pycache__/_ipaddress.cpython-310.pyc
1748487196|Leonardo|M|/venv/lib/python3.10/site-packages/psycopg2/__pycache__/_json.cpython-310.pyc
1748487196|Leonardo|M|/venv/lib/python3.10/site-packages/psycopg2/__pycache__/_range.cpython-310.pyc
1748487196|Leonardo|M|/venv/lib/python3.10/site-packages/psycopg2/__pycache__/errorcodes.cpython-310.pyc
1748487196|Leonardo|M|/venv/lib/python3.10/site-packages/psycopg2/__pycache__/errors.cpython-310.pyc
1748487196|Leonardo|M|/venv/lib/python3.10/site-packages/psycopg2/__pycache__/extensions.cpython-310.pyc
1748487196|Leonardo|M|/venv/lib/python3.10/site-packages/psycopg2/__pycache__/extras.cpython-310.pyc
1748487196|Leonardo|M|/venv/lib/python3.10/site-packages/psycopg2/__pycache__/pool.cpython-310.pyc
1748487196|Leonardo|M|/venv/lib/python3.10/site-packages/psycopg2/__pycache__/sql.cpython-310.pyc
1748487196|Leonardo|M|/venv/lib/python3.10/site-packages/psycopg2/__pycache__/tz.cpython-310.pyc
1748487196|Leonardo|M|/venv/lib/python3.10/site-packages/psycopg2/_psycopg.cpython-310-x86_64-linux-gnu.so
1748487196|Leonardo|M|/venv/lib/python3.10/site-packages/psycopg2/errorcodes.py
1748487196|Leonardo|D|/venv/lib/python3.10/site-packages/psycopg2_binary-2.9.10.dist-info/INSTALLER
1748487196|Leonardo|D|/venv/lib/python3.10/site-packages/psycopg2_binary-2.9.10.dist-info/LICENSE
1748487196|Leonardo|D|/venv/lib/python3.10/site-packages/psycopg2_binary-2.9.10.dist-info/METADATA
1748487196|Leonardo|D|/venv/lib/python3.10/site-packages/psycopg2_binary-2.9.10.dist-info/RECORD
1748487196|Leonardo|D|/venv/lib/python3.10/site-packages/psycopg2_binary-2.9.10.dist-info/REQUESTED
1748487196|Leonardo|D|/venv/lib/python3.10/site-packages/psycopg2_binary-2.9.10.dist-info/WHEEL
1748487196|Leonardo|D|/venv/lib/python3.10/site-packages/psycopg2_binary-2.9.10.dist-info/top_level.txt
1748487196|Leonardo|A|/venv/lib/python3.10/site-packages/psycopg2_binary-2.9.9.dist-info/INSTALLER
1748487196|Leonardo|A|/venv/lib/python3.10/site-packages/psycopg2_binary-2.9.9.dist-info/LICENSE
1748487196|Leonardo|A|/venv/lib/python3.10/site-packages/psycopg2_binary-2.9.9.dist-info/METADATA
1748487196|Leonardo|A|/venv/lib/python3.10/site-packages/psycopg2_binary-2.9.9.dist-info/RECORD
1748487196|Leonardo|A|/venv/lib/python3.10/site-packages/psycopg2_binary-2.9.9.dist-info/REQUESTED
1748487196|Leonardo|A|/venv/lib/python3.10/site-packages/psycopg2_binary-2.9.9.dist-info/WHEEL
1748487196|Leonardo|A|/venv/lib/python3.10/site-packages/psycopg2_binary-2.9.9.dist-info/top_level.txt
1748487196|Leonardo|A|/venv/lib/python3.10/site-packages/psycopg2_binary.libs/libcrypto-e63abc84.so.1.1
1748487196|Leonardo|D|/venv/lib/python3.10/site-packages/psycopg2_binary.libs/libcrypto-ea28cefb.so.1.1
1748487196|Leonardo|A|/venv/lib/python3.10/site-packages/psycopg2_binary.libs/liblber-9c9bf9ef.so.2.0.200
1748487196|Leonardo|D|/venv/lib/python3.10/site-packages/psycopg2_binary.libs/liblber-e0f57070.so.2.0.200
1748487196|Leonardo|D|/venv/lib/python3.10/site-packages/psycopg2_binary.libs/libldap-c37ed727.so.2.0.200
1748487196|Leonardo|A|/venv/lib/python3.10/site-packages/psycopg2_binary.libs/libldap-c6646621.so.2.0.200
1748487196|Leonardo|M|/venv/lib/python3.10/site-packages/psycopg2_binary.libs/libpq-e8a033dd.so.5.16
1748487196|Leonardo|M|/venv/lib/python3.10/site-packages/psycopg2_binary.libs/libssl-3e69114b.so.1.1
1748487196|Leonardo|A|/venv/lib/python3.10/site-packages/ptyprocess-0.7.0.dist-info/INSTALLER
1748487196|Leonardo|A|/venv/lib/python3.10/site-packages/ptyprocess-0.7.0.dist-info/LICENSE
1748487196|Leonardo|A|/venv/lib/python3.10/site-packages/ptyprocess-0.7.0.dist-info/METADATA
1748487196|Leonardo|A|/venv/lib/python3.10/site-packages/ptyprocess-0.7.0.dist-info/RECORD
1748487196|Leonardo|A|/venv/lib/python3.10/site-packages/ptyprocess-0.7.0.dist-info/REQUESTED
1748487196|Leonardo|A|/venv/lib/python3.10/site-packages/ptyprocess-0.7.0.dist-info/WHEEL
1748487196|Leonardo|A|/venv/lib/python3.10/site-packages/ptyprocess/__init__.py
1748487196|Leonardo|A|/venv/lib/python3.10/site-packages/ptyprocess/__pycache__/__init__.cpython-310.pyc
1748487196|Leonardo|A|/venv/lib/python3.10/site-packages/ptyprocess/__pycache__/_fork_pty.cpython-310.pyc
1748487196|Leonardo|A|/venv/lib/python3.10/site-packages/ptyprocess/__pycache__/ptyprocess.cpython-310.pyc
1748487196|Leonardo|A|/venv/lib/python3.10/site-packages/ptyprocess/__pycache__/util.cpython-310.pyc
1748487196|Leonardo|A|/venv/lib/python3.10/site-packages/ptyprocess/_fork_pty.py
1748487196|Leonardo|A|/venv/lib/python3.10/site-packages/ptyprocess/ptyprocess.py
1748487196|Leonardo|A|/venv/lib/python3.10/site-packages/ptyprocess/util.py
1748487196|Leonardo|A|/venv/lib/python3.10/site-packages/pycparser-2.22.dist-info/INSTALLER
1748487196|Leonardo|A|/venv/lib/python3.10/site-packages/pycparser-2.22.dist-info/LICENSE
1748487196|Leonardo|A|/venv/lib/python3.10/site-packages/pycparser-2.22.dist-info/METADATA
1748487196|Leonardo|A|/venv/lib/python3.10/site-packages/pycparser-2.22.dist-info/RECORD
1748487196|Leonardo|A|/venv/lib/python3.10/site-packages/pycparser-2.22.dist-info/WHEEL
1748487196|Leonardo|A|/venv/lib/python3.10/site-packages/pycparser-2.22.dist-info/top_level.txt
1748487196|Leonardo|A|/venv/lib/python3.10/site-packages/pycparser/__init__.py
1748487196|Leonardo|A|/venv/lib/python3.10/site-packages/pycparser/__pycache__/__init__.cpython-310.pyc
1748487196|Leonardo|A|/venv/lib/python3.10/site-packages/pycparser/__pycache__/_ast_gen.cpython-310.pyc
1748487196|Leonardo|A|/venv/lib/python3.10/site-packages/pycparser/__pycache__/_build_tables.cpython-310.pyc
1748487196|Leonardo|A|/venv/lib/python3.10/site-packages/pycparser/__pycache__/ast_transforms.cpython-310.pyc
1748487196|Leonardo|A|/venv/lib/python3.10/site-packages/pycparser/__pycache__/c_ast.cpython-310.pyc
1748487196|Leonardo|A|/venv/lib/python3.10/site-packages/pycparser/__pycache__/c_generator.cpython-310.pyc
1748487196|Leonardo|A|/venv/lib/python3.10/site-packages/pycparser/__pycache__/c_lexer.cpython-310.pyc
1748487196|Leonardo|A|/venv/lib/python3.10/site-packages/pycparser/__pycache__/c_parser.cpython-310.pyc
1748487196|Leonardo|A|/venv/lib/python3.10/site-packages/pycparser/__pycache__/lextab.cpython-310.pyc
1748487196|Leonardo|A|/venv/lib/python3.10/site-packages/pycparser/__pycache__/plyparser.cpython-310.pyc
1748487196|Leonardo|A|/venv/lib/python3.10/site-packages/pycparser/__pycache__/yacctab.cpython-310.pyc
1748487196|Leonardo|A|/venv/lib/python3.10/site-packages/pycparser/_ast_gen.py
1748487196|Leonardo|A|/venv/lib/python3.10/site-packages/pycparser/_build_tables.py
1748487196|Leonardo|A|/venv/lib/python3.10/site-packages/pycparser/_c_ast.cfg
1748487196|Leonardo|A|/venv/lib/python3.10/site-packages/pycparser/ast_transforms.py
1748487196|Leonardo|A|/venv/lib/python3.10/site-packages/pycparser/c_ast.py
1748487196|Leonardo|A|/venv/lib/python3.10/site-packages/pycparser/c_generator.py
1748487196|Leonardo|A|/venv/lib/python3.10/site-packages/pycparser/c_lexer.py
1748487196|Leonardo|A|/venv/lib/python3.10/site-packages/pycparser/c_parser.py
1748487196|Leonardo|A|/venv/lib/python3.10/site-packages/pycparser/lextab.py
1748487196|Leonardo|A|/venv/lib/python3.10/site-packages/pycparser/ply/__init__.py
1748487196|Leonardo|A|/venv/lib/python3.10/site-packages/pycparser/ply/__pycache__/__init__.cpython-310.pyc
1748487196|Leonardo|A|/venv/lib/python3.10/site-packages/pycparser/ply/__pycache__/cpp.cpython-310.pyc
1748487196|Leonardo|A|/venv/lib/python3.10/site-packages/pycparser/ply/__pycache__/ctokens.cpython-310.pyc
1748487196|Leonardo|A|/venv/lib/python3.10/site-packages/pycparser/ply/__pycache__/lex.cpython-310.pyc
1748487196|Leonardo|A|/venv/lib/python3.10/site-packages/pycparser/ply/__pycache__/yacc.cpython-310.pyc
1748487196|Leonardo|A|/venv/lib/python3.10/site-packages/pycparser/ply/__pycache__/ygen.cpython-310.pyc
1748487196|Leonardo|A|/venv/lib/python3.10/site-packages/pycparser/ply/cpp.py
1748487196|Leonardo|A|/venv/lib/python3.10/site-packages/pycparser/ply/ctokens.py
1748487196|Leonardo|A|/venv/lib/python3.10/site-packages/pycparser/ply/lex.py
1748487196|Leonardo|A|/venv/lib/python3.10/site-packages/pycparser/ply/yacc.py
1748487196|Leonardo|A|/venv/lib/python3.10/site-packages/pycparser/ply/ygen.py
1748487196|Leonardo|A|/venv/lib/python3.10/site-packages/pycparser/plyparser.py
1748487196|Leonardo|A|/venv/lib/python3.10/site-packages/pycparser/yacctab.py
1748487196|Leonardo|A|/venv/lib/python3.10/site-packages/pylev-1.4.0.dist-info/INSTALLER
1748487196|Leonardo|A|/venv/lib/python3.10/site-packages/pylev-1.4.0.dist-info/LICENSE
1748487196|Leonardo|A|/venv/lib/python3.10/site-packages/pylev-1.4.0.dist-info/METADATA
1748487196|Leonardo|A|/venv/lib/python3.10/site-packages/pylev-1.4.0.dist-info/RECORD
1748487196|Leonardo|A|/venv/lib/python3.10/site-packages/pylev-1.4.0.dist-info/WHEEL
1748487196|Leonardo|A|/venv/lib/python3.10/site-packages/pylev-1.4.0.dist-info/top_level.txt
1748487196|Leonardo|A|/venv/lib/python3.10/site-packages/pylev/__init__.py
1748487196|Leonardo|A|/venv/lib/python3.10/site-packages/pylev/__pycache__/__init__.cpython-310.pyc
1748487196|Leonardo|A|/venv/lib/python3.10/site-packages/pylev/__pycache__/classic.cpython-310.pyc
1748487196|Leonardo|A|/venv/lib/python3.10/site-packages/pylev/__pycache__/damerau.cpython-310.pyc
1748487196|Leonardo|A|/venv/lib/python3.10/site-packages/pylev/__pycache__/recursive.cpython-310.pyc
1748487196|Leonardo|A|/venv/lib/python3.10/site-packages/pylev/__pycache__/wf.cpython-310.pyc
1748487196|Leonardo|A|/venv/lib/python3.10/site-packages/pylev/classic.py
1748487196|Leonardo|A|/venv/lib/python3.10/site-packages/pylev/damerau.py
1748487196|Leonardo|A|/venv/lib/python3.10/site-packages/pylev/recursive.py
1748487196|Leonardo|A|/venv/lib/python3.10/site-packages/pylev/wf.py
1748487196|Leonardo|A|/venv/lib/python3.10/site-packages/pyparsing-3.2.3.dist-info/INSTALLER
1748487196|Leonardo|A|/venv/lib/python3.10/site-packages/pyparsing-3.2.3.dist-info/LICENSE
1748487196|Leonardo|A|/venv/lib/python3.10/site-packages/pyparsing-3.2.3.dist-info/METADATA
1748487196|Leonardo|A|/venv/lib/python3.10/site-packages/pyparsing-3.2.3.dist-info/RECORD
1748487196|Leonardo|A|/venv/lib/python3.10/site-packages/pyparsing-3.2.3.dist-info/WHEEL
1748487196|Leonardo|A|/venv/lib/python3.10/site-packages/pyparsing/__init__.py
1748487196|Leonardo|A|/venv/lib/python3.10/site-packages/pyparsing/__pycache__/__init__.cpython-310.pyc
1748487196|Leonardo|A|/venv/lib/python3.10/site-packages/pyparsing/__pycache__/actions.cpython-310.pyc
1748487196|Leonardo|A|/venv/lib/python3.10/site-packages/pyparsing/__pycache__/common.cpython-310.pyc
1748487196|Leonardo|A|/venv/lib/python3.10/site-packages/pyparsing/__pycache__/core.cpython-310.pyc
1748487196|Leonardo|A|/venv/lib/python3.10/site-packages/pyparsing/__pycache__/exceptions.cpython-310.pyc
1748487196|Leonardo|A|/venv/lib/python3.10/site-packages/pyparsing/__pycache__/helpers.cpython-310.pyc
1748487196|Leonardo|A|/venv/lib/python3.10/site-packages/pyparsing/__pycache__/results.cpython-310.pyc
1748487196|Leonardo|A|/venv/lib/python3.10/site-packages/pyparsing/__pycache__/testing.cpython-310.pyc
1748487196|Leonardo|A|/venv/lib/python3.10/site-packages/pyparsing/__pycache__/unicode.cpython-310.pyc
1748487196|Leonardo|A|/venv/lib/python3.10/site-packages/pyparsing/__pycache__/util.cpython-310.pyc
1748487196|Leonardo|A|/venv/lib/python3.10/site-packages/pyparsing/actions.py
1748487196|Leonardo|A|/venv/lib/python3.10/site-packages/pyparsing/common.py
1748487196|Leonardo|A|/venv/lib/python3.10/site-packages/pyparsing/core.py
1748487196|Leonardo|A|/venv/lib/python3.10/site-packages/pyparsing/diagram/__init__.py
1748487196|Leonardo|A|/venv/lib/python3.10/site-packages/pyparsing/diagram/__pycache__/__init__.cpython-310.pyc
1748487196|Leonardo|A|/venv/lib/python3.10/site-packages/pyparsing/exceptions.py
1748487196|Leonardo|A|/venv/lib/python3.10/site-packages/pyparsing/helpers.py
1748487196|Leonardo|A|/venv/lib/python3.10/site-packages/pyparsing/py.typed
1748487196|Leonardo|A|/venv/lib/python3.10/site-packages/pyparsing/results.py
1748487196|Leonardo|A|/venv/lib/python3.10/site-packages/pyparsing/testing.py
1748487196|Leonardo|A|/venv/lib/python3.10/site-packages/pyparsing/tools/__init__.py
1748487196|Leonardo|A|/venv/lib/python3.10/site-packages/pyparsing/tools/__pycache__/__init__.cpython-310.pyc
1748487196|Leonardo|A|/venv/lib/python3.10/site-packages/pyparsing/tools/__pycache__/cvt_pyparsing_pep8_names.cpython-310.pyc
1748487196|Leonardo|A|/venv/lib/python3.10/site-packages/pyparsing/tools/cvt_pyparsing_pep8_names.py
1748487196|Leonardo|A|/venv/lib/python3.10/site-packages/pyparsing/unicode.py
1748487196|Leonardo|A|/venv/lib/python3.10/site-packages/pyparsing/util.py
1748487196|Leonardo|A|/venv/lib/python3.10/site-packages/python_dotenv-1.0.1.dist-info/INSTALLER
1748487196|Leonardo|A|/venv/lib/python3.10/site-packages/python_dotenv-1.0.1.dist-info/LICENSE
1748487196|Leonardo|A|/venv/lib/python3.10/site-packages/python_dotenv-1.0.1.dist-info/METADATA
1748487196|Leonardo|A|/venv/lib/python3.10/site-packages/python_dotenv-1.0.1.dist-info/RECORD
1748487196|Leonardo|A|/venv/lib/python3.10/site-packages/python_dotenv-1.0.1.dist-info/REQUESTED
1748487196|Leonardo|A|/venv/lib/python3.10/site-packages/python_dotenv-1.0.1.dist-info/WHEEL
1748487196|Leonardo|A|/venv/lib/python3.10/site-packages/python_dotenv-1.0.1.dist-info/entry_points.txt
1748487196|Leonardo|A|/venv/lib/python3.10/site-packages/python_dotenv-1.0.1.dist-info/top_level.txt
1748487196|Leonardo|D|/venv/lib/python3.10/site-packages/python_dotenv-1.1.0.dist-info/INSTALLER
1748487196|Leonardo|D|/venv/lib/python3.10/site-packages/python_dotenv-1.1.0.dist-info/METADATA
1748487196|Leonardo|D|/venv/lib/python3.10/site-packages/python_dotenv-1.1.0.dist-info/RECORD
1748487196|Leonardo|D|/venv/lib/python3.10/site-packages/python_dotenv-1.1.0.dist-info/REQUESTED
1748487196|Leonardo|D|/venv/lib/python3.10/site-packages/python_dotenv-1.1.0.dist-info/WHEEL
1748487196|Leonardo|D|/venv/lib/python3.10/site-packages/python_dotenv-1.1.0.dist-info/entry_points.txt
1748487196|Leonardo|D|/venv/lib/python3.10/site-packages/python_dotenv-1.1.0.dist-info/licenses/LICENSE
1748487196|Leonardo|D|/venv/lib/python3.10/site-packages/python_dotenv-1.1.0.dist-info/top_level.txt
1748487196|Leonardo|A|/venv/lib/python3.10/site-packages/requests-2.32.3.dist-info/INSTALLER
1748487196|Leonardo|A|/venv/lib/python3.10/site-packages/requests-2.32.3.dist-info/LICENSE
1748487196|Leonardo|A|/venv/lib/python3.10/site-packages/requests-2.32.3.dist-info/METADATA
1748487196|Leonardo|A|/venv/lib/python3.10/site-packages/requests-2.32.3.dist-info/RECORD
1748487196|Leonardo|A|/venv/lib/python3.10/site-packages/requests-2.32.3.dist-info/WHEEL
1748487196|Leonardo|A|/venv/lib/python3.10/site-packages/requests-2.32.3.dist-info/top_level.txt
1748487196|Leonardo|A|/venv/lib/python3.10/site-packages/requests/__init__.py
1748487196|Leonardo|A|/venv/lib/python3.10/site-packages/requests/__pycache__/__init__.cpython-310.pyc
1748487196|Leonardo|A|/venv/lib/python3.10/site-packages/requests/__pycache__/__version__.cpython-310.pyc
1748487196|Leonardo|A|/venv/lib/python3.10/site-packages/requests/__pycache__/_internal_utils.cpython-310.pyc
1748487196|Leonardo|A|/venv/lib/python3.10/site-packages/requests/__pycache__/adapters.cpython-310.pyc
1748487196|Leonardo|A|/venv/lib/python3.10/site-packages/requests/__pycache__/api.cpython-310.pyc
1748487196|Leonardo|A|/venv/lib/python3.10/site-packages/requests/__pycache__/auth.cpython-310.pyc
1748487196|Leonardo|A|/venv/lib/python3.10/site-packages/requests/__pycache__/certs.cpython-310.pyc
1748487196|Leonardo|A|/venv/lib/python3.10/site-packages/requests/__pycache__/compat.cpython-310.pyc
1748487196|Leonardo|A|/venv/lib/python3.10/site-packages/requests/__pycache__/cookies.cpython-310.pyc
1748487196|Leonardo|A|/venv/lib/python3.10/site-packages/requests/__pycache__/exceptions.cpython-310.pyc
1748487196|Leonardo|A|/venv/lib/python3.10/site-packages/requests/__pycache__/help.cpython-310.pyc
1748487196|Leonardo|A|/venv/lib/python3.10/site-packages/requests/__pycache__/hooks.cpython-310.pyc
1748487196|Leonardo|A|/venv/lib/python3.10/site-packages/requests/__pycache__/models.cpython-310.pyc
1748487196|Leonardo|A|/venv/lib/python3.10/site-packages/requests/__pycache__/packages.cpython-310.pyc
1748487196|Leonardo|A|/venv/lib/python3.10/site-packages/requests/__pycache__/sessions.cpython-310.pyc
1748487196|Leonardo|A|/venv/lib/python3.10/site-packages/requests/__pycache__/status_codes.cpython-310.pyc
1748487196|Leonardo|A|/venv/lib/python3.10/site-packages/requests/__pycache__/structures.cpython-310.pyc
1748487196|Leonardo|A|/venv/lib/python3.10/site-packages/requests/__pycache__/utils.cpython-310.pyc
1748487196|Leonardo|A|/venv/lib/python3.10/site-packages/requests/__version__.py
1748487196|Leonardo|A|/venv/lib/python3.10/site-packages/requests/_internal_utils.py
1748487196|Leonardo|A|/venv/lib/python3.10/site-packages/requests/adapters.py
1748487196|Leonardo|A|/venv/lib/python3.10/site-packages/requests/api.py
1748487196|Leonardo|A|/venv/lib/python3.10/site-packages/requests/auth.py
1748487196|Leonardo|A|/venv/lib/python3.10/site-packages/requests/certs.py
1748487196|Leonardo|A|/venv/lib/python3.10/site-packages/requests/compat.py
1748487196|Leonardo|A|/venv/lib/python3.10/site-packages/requests/cookies.py
1748487196|Leonardo|A|/venv/lib/python3.10/site-packages/requests/exceptions.py
1748487196|Leonardo|A|/venv/lib/python3.10/site-packages/requests/help.py
1748487196|Leonardo|A|/venv/lib/python3.10/site-packages/requests/hooks.py
1748487196|Leonardo|A|/venv/lib/python3.10/site-packages/requests/models.py
1748487196|Leonardo|A|/venv/lib/python3.10/site-packages/requests/packages.py
1748487196|Leonardo|A|/venv/lib/python3.10/site-packages/requests/sessions.py
1748487196|Leonardo|A|/venv/lib/python3.10/site-packages/requests/status_codes.py
1748487196|Leonardo|A|/venv/lib/python3.10/site-packages/requests/structures.py
1748487196|Leonardo|A|/venv/lib/python3.10/site-packages/requests/utils.py
1748487196|Leonardo|A|/venv/lib/python3.10/site-packages/requests_toolbelt-0.9.1.dist-info/AUTHORS.rst
1748487196|Leonardo|A|/venv/lib/python3.10/site-packages/requests_toolbelt-0.9.1.dist-info/INSTALLER
1748487196|Leonardo|A|/venv/lib/python3.10/site-packages/requests_toolbelt-0.9.1.dist-info/LICENSE
1748487196|Leonardo|A|/venv/lib/python3.10/site-packages/requests_toolbelt-0.9.1.dist-info/METADATA
1748487196|Leonardo|A|/venv/lib/python3.10/site-packages/requests_toolbelt-0.9.1.dist-info/RECORD
1748487196|Leonardo|A|/venv/lib/python3.10/site-packages/requests_toolbelt-0.9.1.dist-info/WHEEL
1748487196|Leonardo|A|/venv/lib/python3.10/site-packages/requests_toolbelt-0.9.1.dist-info/top_level.txt
1748487196|Leonardo|A|/venv/lib/python3.10/site-packages/requests_toolbelt/__init__.py
1748487196|Leonardo|A|/venv/lib/python3.10/site-packages/requests_toolbelt/__pycache__/__init__.cpython-310.pyc
1748487196|Leonardo|A|/venv/lib/python3.10/site-packages/requests_toolbelt/__pycache__/_compat.cpython-310.pyc
1748487196|Leonardo|A|/venv/lib/python3.10/site-packages/requests_toolbelt/__pycache__/exceptions.cpython-310.pyc
1748487196|Leonardo|A|/venv/lib/python3.10/site-packages/requests_toolbelt/__pycache__/sessions.cpython-310.pyc
1748487196|Leonardo|A|/venv/lib/python3.10/site-packages/requests_toolbelt/__pycache__/streaming_iterator.cpython-310.pyc
1748487196|Leonardo|A|/venv/lib/python3.10/site-packages/requests_toolbelt/_compat.py
1748487196|Leonardo|A|/venv/lib/python3.10/site-packages/requests_toolbelt/adapters/__init__.py
1748487196|Leonardo|A|/venv/lib/python3.10/site-packages/requests_toolbelt/adapters/__pycache__/__init__.cpython-310.pyc
1748487196|Leonardo|A|/venv/lib/python3.10/site-packages/requests_toolbelt/adapters/__pycache__/appengine.cpython-310.pyc
1748487196|Leonardo|A|/venv/lib/python3.10/site-packages/requests_toolbelt/adapters/__pycache__/fingerprint.cpython-310.pyc
1748487196|Leonardo|A|/venv/lib/python3.10/site-packages/requests_toolbelt/adapters/__pycache__/host_header_ssl.cpython-310.pyc
1748487196|Leonardo|A|/venv/lib/python3.10/site-packages/requests_toolbelt/adapters/__pycache__/socket_options.cpython-310.pyc
1748487196|Leonardo|A|/venv/lib/python3.10/site-packages/requests_toolbelt/adapters/__pycache__/source.cpython-310.pyc
1748487196|Leonardo|A|/venv/lib/python3.10/site-packages/requests_toolbelt/adapters/__pycache__/ssl.cpython-310.pyc
1748487196|Leonardo|A|/venv/lib/python3.10/site-packages/requests_toolbelt/adapters/__pycache__/x509.cpython-310.pyc
1748487196|Leonardo|A|/venv/lib/python3.10/site-packages/requests_toolbelt/adapters/appengine.py
1748487196|Leonardo|A|/venv/lib/python3.10/site-packages/requests_toolbelt/adapters/fingerprint.py
1748487196|Leonardo|A|/venv/lib/python3.10/site-packages/requests_toolbelt/adapters/host_header_ssl.py
1748487196|Leonardo|A|/venv/lib/python3.10/site-packages/requests_toolbelt/adapters/socket_options.py
1748487196|Leonardo|A|/venv/lib/python3.10/site-packages/requests_toolbelt/adapters/source.py
1748487196|Leonardo|A|/venv/lib/python3.10/site-packages/requests_toolbelt/adapters/ssl.py
1748487196|Leonardo|A|/venv/lib/python3.10/site-packages/requests_toolbelt/adapters/x509.py
1748487196|Leonardo|A|/venv/lib/python3.10/site-packages/requests_toolbelt/auth/__init__.py
1748487196|Leonardo|A|/venv/lib/python3.10/site-packages/requests_toolbelt/auth/__pycache__/__init__.cpython-310.pyc
1748487196|Leonardo|A|/venv/lib/python3.10/site-packages/requests_toolbelt/auth/__pycache__/_digest_auth_compat.cpython-310.pyc
1748487196|Leonardo|A|/venv/lib/python3.10/site-packages/requests_toolbelt/auth/__pycache__/guess.cpython-310.pyc
1748487196|Leonardo|A|/venv/lib/python3.10/site-packages/requests_toolbelt/auth/__pycache__/handler.cpython-310.pyc
1748487196|Leonardo|A|/venv/lib/python3.10/site-packages/requests_toolbelt/auth/__pycache__/http_proxy_digest.cpython-310.pyc
1748487196|Leonardo|A|/venv/lib/python3.10/site-packages/requests_toolbelt/auth/_digest_auth_compat.py
1748487196|Leonardo|A|/venv/lib/python3.10/site-packages/requests_toolbelt/auth/guess.py
1748487196|Leonardo|A|/venv/lib/python3.10/site-packages/requests_toolbelt/auth/handler.py
1748487196|Leonardo|A|/venv/lib/python3.10/site-packages/requests_toolbelt/auth/http_proxy_digest.py
1748487196|Leonardo|A|/venv/lib/python3.10/site-packages/requests_toolbelt/cookies/__init__.py
1748487196|Leonardo|A|/venv/lib/python3.10/site-packages/requests_toolbelt/cookies/__pycache__/__init__.cpython-310.pyc
1748487196|Leonardo|A|/venv/lib/python3.10/site-packages/requests_toolbelt/cookies/__pycache__/forgetful.cpython-310.pyc
1748487196|Leonardo|A|/venv/lib/python3.10/site-packages/requests_toolbelt/cookies/forgetful.py
1748487196|Leonardo|A|/venv/lib/python3.10/site-packages/requests_toolbelt/downloadutils/__init__.py
1748487196|Leonardo|A|/venv/lib/python3.10/site-packages/requests_toolbelt/downloadutils/__pycache__/__init__.cpython-310.pyc
1748487196|Leonardo|A|/venv/lib/python3.10/site-packages/requests_toolbelt/downloadutils/__pycache__/stream.cpython-310.pyc
1748487196|Leonardo|A|/venv/lib/python3.10/site-packages/requests_toolbelt/downloadutils/__pycache__/tee.cpython-310.pyc
1748487196|Leonardo|A|/venv/lib/python3.10/site-packages/requests_toolbelt/downloadutils/stream.py
1748487196|Leonardo|A|/venv/lib/python3.10/site-packages/requests_toolbelt/downloadutils/tee.py
1748487196|Leonardo|A|/venv/lib/python3.10/site-packages/requests_toolbelt/exceptions.py
1748487196|Leonardo|A|/venv/lib/python3.10/site-packages/requests_toolbelt/multipart/__init__.py
1748487196|Leonardo|A|/venv/lib/python3.10/site-packages/requests_toolbelt/multipart/__pycache__/__init__.cpython-310.pyc
1748487196|Leonardo|A|/venv/lib/python3.10/site-packages/requests_toolbelt/multipart/__pycache__/decoder.cpython-310.pyc
1748487196|Leonardo|A|/venv/lib/python3.10/site-packages/requests_toolbelt/multipart/__pycache__/encoder.cpython-310.pyc
1748487196|Leonardo|A|/venv/lib/python3.10/site-packages/requests_toolbelt/multipart/decoder.py
1748487196|Leonardo|A|/venv/lib/python3.10/site-packages/requests_toolbelt/multipart/encoder.py
1748487196|Leonardo|A|/venv/lib/python3.10/site-packages/requests_toolbelt/sessions.py
1748487196|Leonardo|A|/venv/lib/python3.10/site-packages/requests_toolbelt/streaming_iterator.py
1748487196|Leonardo|A|/venv/lib/python3.10/site-packages/requests_toolbelt/threaded/__init__.py
1748487196|Leonardo|A|/venv/lib/python3.10/site-packages/requests_toolbelt/threaded/__pycache__/__init__.cpython-310.pyc
1748487196|Leonardo|A|/venv/lib/python3.10/site-packages/requests_toolbelt/threaded/__pycache__/pool.cpython-310.pyc
1748487196|Leonardo|A|/venv/lib/python3.10/site-packages/requests_toolbelt/threaded/__pycache__/thread.cpython-310.pyc
1748487196|Leonardo|A|/venv/lib/python3.10/site-packages/requests_toolbelt/threaded/pool.py
1748487196|Leonardo|A|/venv/lib/python3.10/site-packages/requests_toolbelt/threaded/thread.py
1748487196|Leonardo|A|/venv/lib/python3.10/site-packages/requests_toolbelt/utils/__init__.py
1748487196|Leonardo|A|/venv/lib/python3.10/site-packages/requests_toolbelt/utils/__pycache__/__init__.cpython-310.pyc
1748487196|Leonardo|A|/venv/lib/python3.10/site-packages/requests_toolbelt/utils/__pycache__/deprecated.cpython-310.pyc
1748487196|Leonardo|A|/venv/lib/python3.10/site-packages/requests_toolbelt/utils/__pycache__/dump.cpython-310.pyc
1748487196|Leonardo|A|/venv/lib/python3.10/site-packages/requests_toolbelt/utils/__pycache__/formdata.cpython-310.pyc
1748487196|Leonardo|A|/venv/lib/python3.10/site-packages/requests_toolbelt/utils/__pycache__/user_agent.cpython-310.pyc
1748487196|Leonardo|A|/venv/lib/python3.10/site-packages/requests_toolbelt/utils/deprecated.py
1748487196|Leonardo|A|/venv/lib/python3.10/site-packages/requests_toolbelt/utils/dump.py
1748487196|Leonardo|A|/venv/lib/python3.10/site-packages/requests_toolbelt/utils/formdata.py
1748487196|Leonardo|A|/venv/lib/python3.10/site-packages/requests_toolbelt/utils/user_agent.py
1748487196|Leonardo|A|/venv/lib/python3.10/site-packages/secretstorage/__init__.py
1748487196|Leonardo|A|/venv/lib/python3.10/site-packages/secretstorage/__pycache__/__init__.cpython-310.pyc
1748487196|Leonardo|A|/venv/lib/python3.10/site-packages/secretstorage/__pycache__/collection.cpython-310.pyc
1748487196|Leonardo|A|/venv/lib/python3.10/site-packages/secretstorage/__pycache__/defines.cpython-310.pyc
1748487196|Leonardo|A|/venv/lib/python3.10/site-packages/secretstorage/__pycache__/dhcrypto.cpython-310.pyc
1748487196|Leonardo|A|/venv/lib/python3.10/site-packages/secretstorage/__pycache__/exceptions.cpython-310.pyc
1748487196|Leonardo|A|/venv/lib/python3.10/site-packages/secretstorage/__pycache__/item.cpython-310.pyc
1748487196|Leonardo|A|/venv/lib/python3.10/site-packages/secretstorage/__pycache__/util.cpython-310.pyc
1748487196|Leonardo|A|/venv/lib/python3.10/site-packages/secretstorage/collection.py
1748487196|Leonardo|A|/venv/lib/python3.10/site-packages/secretstorage/defines.py
1748487196|Leonardo|A|/venv/lib/python3.10/site-packages/secretstorage/dhcrypto.py
1748487196|Leonardo|A|/venv/lib/python3.10/site-packages/secretstorage/exceptions.py
1748487196|Leonardo|A|/venv/lib/python3.10/site-packages/secretstorage/item.py
1748487196|Leonardo|A|/venv/lib/python3.10/site-packages/secretstorage/py.typed
1748487196|Leonardo|A|/venv/lib/python3.10/site-packages/secretstorage/util.py
1748487196|Leonardo|A|/venv/lib/python3.10/site-packages/shellingham-1.5.4.dist-info/INSTALLER
1748487196|Leonardo|A|/venv/lib/python3.10/site-packages/shellingham-1.5.4.dist-info/LICENSE
1748487196|Leonardo|A|/venv/lib/python3.10/site-packages/shellingham-1.5.4.dist-info/METADATA
1748487196|Leonardo|A|/venv/lib/python3.10/site-packages/shellingham-1.5.4.dist-info/RECORD
1748487196|Leonardo|A|/venv/lib/python3.10/site-packages/shellingham-1.5.4.dist-info/WHEEL
1748487196|Leonardo|A|/venv/lib/python3.10/site-packages/shellingham-1.5.4.dist-info/top_level.txt
1748487196|Leonardo|A|/venv/lib/python3.10/site-packages/shellingham-1.5.4.dist-info/zip-safe
1748487196|Leonardo|A|/venv/lib/python3.10/site-packages/shellingham/__init__.py
1748487196|Leonardo|A|/venv/lib/python3.10/site-packages/shellingham/__pycache__/__init__.cpython-310.pyc
1748487196|Leonardo|A|/venv/lib/python3.10/site-packages/shellingham/__pycache__/_core.cpython-310.pyc
1748487196|Leonardo|A|/venv/lib/python3.10/site-packages/shellingham/__pycache__/nt.cpython-310.pyc
1748487196|Leonardo|A|/venv/lib/python3.10/site-packages/shellingham/_core.py
1748487196|Leonardo|A|/venv/lib/python3.10/site-packages/shellingham/nt.py
1748487196|Leonardo|A|/venv/lib/python3.10/site-packages/shellingham/posix/__init__.py
1748487196|Leonardo|A|/venv/lib/python3.10/site-packages/shellingham/posix/__pycache__/__init__.cpython-310.pyc
1748487196|Leonardo|A|/venv/lib/python3.10/site-packages/shellingham/posix/__pycache__/_core.cpython-310.pyc
1748487196|Leonardo|A|/venv/lib/python3.10/site-packages/shellingham/posix/__pycache__/proc.cpython-310.pyc
1748487196|Leonardo|A|/venv/lib/python3.10/site-packages/shellingham/posix/__pycache__/ps.cpython-310.pyc
1748487196|Leonardo|A|/venv/lib/python3.10/site-packages/shellingham/posix/_core.py
1748487196|Leonardo|A|/venv/lib/python3.10/site-packages/shellingham/posix/proc.py
1748487196|Leonardo|A|/venv/lib/python3.10/site-packages/shellingham/posix/ps.py
1748487196|Leonardo|A|/venv/lib/python3.10/site-packages/six-1.17.0.dist-info/INSTALLER
1748487196|Leonardo|A|/venv/lib/python3.10/site-packages/six-1.17.0.dist-info/LICENSE
1748487196|Leonardo|A|/venv/lib/python3.10/site-packages/six-1.17.0.dist-info/METADATA
1748487196|Leonardo|A|/venv/lib/python3.10/site-packages/six-1.17.0.dist-info/RECORD
1748487196|Leonardo|A|/venv/lib/python3.10/site-packages/six-1.17.0.dist-info/WHEEL
1748487196|Leonardo|A|/venv/lib/python3.10/site-packages/six-1.17.0.dist-info/top_level.txt
1748487196|Leonardo|A|/venv/lib/python3.10/site-packages/six.py
1748487196|Leonardo|M|/venv/lib/python3.10/site-packages/sqlalchemy/__pycache__/__init__.cpython-310.pyc
1748487196|Leonardo|M|/venv/lib/python3.10/site-packages/sqlalchemy/__pycache__/exc.cpython-310.pyc
1748487196|Leonardo|M|/venv/lib/python3.10/site-packages/sqlalchemy/__pycache__/inspection.cpython-310.pyc
1748487196|Leonardo|M|/venv/lib/python3.10/site-packages/sqlalchemy/__pycache__/log.cpython-310.pyc
1748487196|Leonardo|M|/venv/lib/python3.10/site-packages/sqlalchemy/__pycache__/schema.cpython-310.pyc
1748487196|Leonardo|M|/venv/lib/python3.10/site-packages/sqlalchemy/__pycache__/types.cpython-310.pyc
1748487196|Leonardo|M|/venv/lib/python3.10/site-packages/sqlalchemy/cyextension/__pycache__/__init__.cpython-310.pyc
1748487196|Leonardo|M|/venv/lib/python3.10/site-packages/sqlalchemy/dialects/__pycache__/__init__.cpython-310.pyc
1748487196|Leonardo|M|/venv/lib/python3.10/site-packages/sqlalchemy/dialects/__pycache__/_typing.cpython-310.pyc
1748487196|Leonardo|M|/venv/lib/python3.10/site-packages/sqlalchemy/dialects/postgresql/__pycache__/__init__.cpython-310.pyc
1748487196|Leonardo|M|/venv/lib/python3.10/site-packages/sqlalchemy/dialects/postgresql/__pycache__/_psycopg_common.cpython-310.pyc
1748487196|Leonardo|M|/venv/lib/python3.10/site-packages/sqlalchemy/dialects/postgresql/__pycache__/array.cpython-310.pyc
1748487196|Leonardo|M|/venv/lib/python3.10/site-packages/sqlalchemy/dialects/postgresql/__pycache__/asyncpg.cpython-310.pyc
1748487196|Leonardo|M|/venv/lib/python3.10/site-packages/sqlalchemy/dialects/postgresql/__pycache__/base.cpython-310.pyc
1748487196|Leonardo|M|/venv/lib/python3.10/site-packages/sqlalchemy/dialects/postgresql/__pycache__/dml.cpython-310.pyc
1748487196|Leonardo|M|/venv/lib/python3.10/site-packages/sqlalchemy/dialects/postgresql/__pycache__/ext.cpython-310.pyc
1748487196|Leonardo|M|/venv/lib/python3.10/site-packages/sqlalchemy/dialects/postgresql/__pycache__/hstore.cpython-310.pyc
1748487196|Leonardo|M|/venv/lib/python3.10/site-packages/sqlalchemy/dialects/postgresql/__pycache__/json.cpython-310.pyc
1748487196|Leonardo|M|/venv/lib/python3.10/site-packages/sqlalchemy/dialects/postgresql/__pycache__/named_types.cpython-310.pyc
1748487196|Leonardo|M|/venv/lib/python3.10/site-packages/sqlalchemy/dialects/postgresql/__pycache__/operators.cpython-310.pyc
1748487196|Leonardo|M|/venv/lib/python3.10/site-packages/sqlalchemy/dialects/postgresql/__pycache__/pg8000.cpython-310.pyc
1748487196|Leonardo|M|/venv/lib/python3.10/site-packages/sqlalchemy/dialects/postgresql/__pycache__/pg_catalog.cpython-310.pyc
1748487196|Leonardo|M|/venv/lib/python3.10/site-packages/sqlalchemy/dialects/postgresql/__pycache__/psycopg.cpython-310.pyc
1748487196|Leonardo|M|/venv/lib/python3.10/site-packages/sqlalchemy/dialects/postgresql/__pycache__/psycopg2.cpython-310.pyc
1748487196|Leonardo|M|/venv/lib/python3.10/site-packages/sqlalchemy/dialects/postgresql/__pycache__/psycopg2cffi.cpython-310.pyc
1748487196|Leonardo|M|/venv/lib/python3.10/site-packages/sqlalchemy/dialects/postgresql/__pycache__/ranges.cpython-310.pyc
1748487196|Leonardo|M|/venv/lib/python3.10/site-packages/sqlalchemy/dialects/postgresql/__pycache__/types.cpython-310.pyc
1748487196|Leonardo|M|/venv/lib/python3.10/site-packages/sqlalchemy/engine/__pycache__/__init__.cpython-310.pyc
1748487196|Leonardo|M|/venv/lib/python3.10/site-packages/sqlalchemy/engine/__pycache__/_py_processors.cpython-310.pyc
1748487196|Leonardo|M|/venv/lib/python3.10/site-packages/sqlalchemy/engine/__pycache__/base.cpython-310.pyc
1748487196|Leonardo|M|/venv/lib/python3.10/site-packages/sqlalchemy/engine/__pycache__/characteristics.cpython-310.pyc
1748487196|Leonardo|M|/venv/lib/python3.10/site-packages/sqlalchemy/engine/__pycache__/create.cpython-310.pyc
1748487196|Leonardo|M|/venv/lib/python3.10/site-packages/sqlalchemy/engine/__pycache__/cursor.cpython-310.pyc
1748487196|Leonardo|M|/venv/lib/python3.10/site-packages/sqlalchemy/engine/__pycache__/default.cpython-310.pyc
1748487196|Leonardo|M|/venv/lib/python3.10/site-packages/sqlalchemy/engine/__pycache__/events.cpython-310.pyc
1748487196|Leonardo|M|/venv/lib/python3.10/site-packages/sqlalchemy/engine/__pycache__/interfaces.cpython-310.pyc
1748487196|Leonardo|M|/venv/lib/python3.10/site-packages/sqlalchemy/engine/__pycache__/mock.cpython-310.pyc
1748487196|Leonardo|M|/venv/lib/python3.10/site-packages/sqlalchemy/engine/__pycache__/processors.cpython-310.pyc
1748487196|Leonardo|M|/venv/lib/python3.10/site-packages/sqlalchemy/engine/__pycache__/reflection.cpython-310.pyc
1748487196|Leonardo|M|/venv/lib/python3.10/site-packages/sqlalchemy/engine/__pycache__/result.cpython-310.pyc
1748487196|Leonardo|M|/venv/lib/python3.10/site-packages/sqlalchemy/engine/__pycache__/row.cpython-310.pyc
1748487196|Leonardo|M|/venv/lib/python3.10/site-packages/sqlalchemy/engine/__pycache__/url.cpython-310.pyc
1748487196|Leonardo|M|/venv/lib/python3.10/site-packages/sqlalchemy/engine/__pycache__/util.cpython-310.pyc
1748487196|Leonardo|M|/venv/lib/python3.10/site-packages/sqlalchemy/event/__pycache__/__init__.cpython-310.pyc
1748487196|Leonardo|M|/venv/lib/python3.10/site-packages/sqlalchemy/event/__pycache__/api.cpython-310.pyc
1748487196|Leonardo|M|/venv/lib/python3.10/site-packages/sqlalchemy/event/__pycache__/attr.cpython-310.pyc
1748487196|Leonardo|M|/venv/lib/python3.10/site-packages/sqlalchemy/event/__pycache__/base.cpython-310.pyc
1748487196|Leonardo|M|/venv/lib/python3.10/site-packages/sqlalchemy/event/__pycache__/legacy.cpython-310.pyc
1748487196|Leonardo|M|/venv/lib/python3.10/site-packages/sqlalchemy/event/__pycache__/registry.cpython-310.pyc
1748487196|Leonardo|M|/venv/lib/python3.10/site-packages/sqlalchemy/future/__pycache__/__init__.cpython-310.pyc
1748487196|Leonardo|M|/venv/lib/python3.10/site-packages/sqlalchemy/future/__pycache__/engine.cpython-310.pyc
1748487196|Leonardo|M|/venv/lib/python3.10/site-packages/sqlalchemy/orm/__pycache__/__init__.cpython-310.pyc
1748487196|Leonardo|M|/venv/lib/python3.10/site-packages/sqlalchemy/orm/__pycache__/_orm_constructors.cpython-310.pyc
1748487196|Leonardo|M|/venv/lib/python3.10/site-packages/sqlalchemy/orm/__pycache__/_typing.cpython-310.pyc
1748487196|Leonardo|M|/venv/lib/python3.10/site-packages/sqlalchemy/orm/__pycache__/attributes.cpython-310.pyc
1748487196|Leonardo|M|/venv/lib/python3.10/site-packages/sqlalchemy/orm/__pycache__/base.cpython-310.pyc
1748487196|Leonardo|M|/venv/lib/python3.10/site-packages/sqlalchemy/orm/__pycache__/bulk_persistence.cpython-310.pyc
1748487196|Leonardo|M|/venv/lib/python3.10/site-packages/sqlalchemy/orm/__pycache__/clsregistry.cpython-310.pyc
1748487196|Leonardo|M|/venv/lib/python3.10/site-packages/sqlalchemy/orm/__pycache__/collections.cpython-310.pyc
1748487196|Leonardo|M|/venv/lib/python3.10/site-packages/sqlalchemy/orm/__pycache__/context.cpython-310.pyc
1748487196|Leonardo|M|/venv/lib/python3.10/site-packages/sqlalchemy/orm/__pycache__/decl_api.cpython-310.pyc
1748487196|Leonardo|M|/venv/lib/python3.10/site-packages/sqlalchemy/orm/__pycache__/decl_base.cpython-310.pyc
1748487196|Leonardo|M|/venv/lib/python3.10/site-packages/sqlalchemy/orm/__pycache__/dependency.cpython-310.pyc
1748487196|Leonardo|M|/venv/lib/python3.10/site-packages/sqlalchemy/orm/__pycache__/descriptor_props.cpython-310.pyc
1748487196|Leonardo|M|/venv/lib/python3.10/site-packages/sqlalchemy/orm/__pycache__/dynamic.cpython-310.pyc
1748487196|Leonardo|M|/venv/lib/python3.10/site-packages/sqlalchemy/orm/__pycache__/evaluator.cpython-310.pyc
1748487196|Leonardo|M|/venv/lib/python3.10/site-packages/sqlalchemy/orm/__pycache__/events.cpython-310.pyc
1748487196|Leonardo|M|/venv/lib/python3.10/site-packages/sqlalchemy/orm/__pycache__/exc.cpython-310.pyc
1748487196|Leonardo|M|/venv/lib/python3.10/site-packages/sqlalchemy/orm/__pycache__/identity.cpython-310.pyc
1748487196|Leonardo|M|/venv/lib/python3.10/site-packages/sqlalchemy/orm/__pycache__/instrumentation.cpython-310.pyc
1748487196|Leonardo|M|/venv/lib/python3.10/site-packages/sqlalchemy/orm/__pycache__/interfaces.cpython-310.pyc
1748487196|Leonardo|M|/venv/lib/python3.10/site-packages/sqlalchemy/orm/__pycache__/loading.cpython-310.pyc
1748487196|Leonardo|M|/venv/lib/python3.10/site-packages/sqlalchemy/orm/__pycache__/mapped_collection.cpython-310.pyc
1748487196|Leonardo|M|/venv/lib/python3.10/site-packages/sqlalchemy/orm/__pycache__/mapper.cpython-310.pyc
1748487196|Leonardo|M|/venv/lib/python3.10/site-packages/sqlalchemy/orm/__pycache__/path_registry.cpython-310.pyc
1748487196|Leonardo|M|/venv/lib/python3.10/site-packages/sqlalchemy/orm/__pycache__/persistence.cpython-310.pyc
1748487196|Leonardo|M|/venv/lib/python3.10/site-packages/sqlalchemy/orm/__pycache__/properties.cpython-310.pyc
1748487196|Leonardo|M|/venv/lib/python3.10/site-packages/sqlalchemy/orm/__pycache__/query.cpython-310.pyc
1748487196|Leonardo|M|/venv/lib/python3.10/site-packages/sqlalchemy/orm/__pycache__/relationships.cpython-310.pyc
1748487196|Leonardo|M|/venv/lib/python3.10/site-packages/sqlalchemy/orm/__pycache__/scoping.cpython-310.pyc
1748487196|Leonardo|M|/venv/lib/python3.10/site-packages/sqlalchemy/orm/__pycache__/session.cpython-310.pyc
1748487196|Leonardo|M|/venv/lib/python3.10/site-packages/sqlalchemy/orm/__pycache__/state.cpython-310.pyc
1748487196|Leonardo|M|/venv/lib/python3.10/site-packages/sqlalchemy/orm/__pycache__/state_changes.cpython-310.pyc
1748487196|Leonardo|M|/venv/lib/python3.10/site-packages/sqlalchemy/orm/__pycache__/strategies.cpython-310.pyc
1748487196|Leonardo|M|/venv/lib/python3.10/site-packages/sqlalchemy/orm/__pycache__/strategy_options.cpython-310.pyc
1748487196|Leonardo|M|/venv/lib/python3.10/site-packages/sqlalchemy/orm/__pycache__/sync.cpython-310.pyc
1748487196|Leonardo|M|/venv/lib/python3.10/site-packages/sqlalchemy/orm/__pycache__/unitofwork.cpython-310.pyc
1748487196|Leonardo|M|/venv/lib/python3.10/site-packages/sqlalchemy/orm/__pycache__/util.cpython-310.pyc
1748487196|Leonardo|M|/venv/lib/python3.10/site-packages/sqlalchemy/orm/__pycache__/writeonly.cpython-310.pyc
1748487196|Leonardo|M|/venv/lib/python3.10/site-packages/sqlalchemy/pool/__pycache__/__init__.cpython-310.pyc
1748487196|Leonardo|M|/venv/lib/python3.10/site-packages/sqlalchemy/pool/__pycache__/base.cpython-310.pyc
1748487196|Leonardo|M|/venv/lib/python3.10/site-packages/sqlalchemy/pool/__pycache__/events.cpython-310.pyc
1748487196|Leonardo|M|/venv/lib/python3.10/site-packages/sqlalchemy/pool/__pycache__/impl.cpython-310.pyc
1748487196|Leonardo|M|/venv/lib/python3.10/site-packages/sqlalchemy/sql/__pycache__/__init__.cpython-310.pyc
1748487196|Leonardo|M|/venv/lib/python3.10/site-packages/sqlalchemy/sql/__pycache__/_dml_constructors.cpython-310.pyc
1748487196|Leonardo|M|/venv/lib/python3.10/site-packages/sqlalchemy/sql/__pycache__/_elements_constructors.cpython-310.pyc
1748487196|Leonardo|M|/venv/lib/python3.10/site-packages/sqlalchemy/sql/__pycache__/_orm_types.cpython-310.pyc
1748487196|Leonardo|M|/venv/lib/python3.10/site-packages/sqlalchemy/sql/__pycache__/_selectable_constructors.cpython-310.pyc
1748487196|Leonardo|M|/venv/lib/python3.10/site-packages/sqlalchemy/sql/__pycache__/_typing.cpython-310.pyc
1748487196|Leonardo|M|/venv/lib/python3.10/site-packages/sqlalchemy/sql/__pycache__/annotation.cpython-310.pyc
1748487196|Leonardo|M|/venv/lib/python3.10/site-packages/sqlalchemy/sql/__pycache__/base.cpython-310.pyc
1748487196|Leonardo|M|/venv/lib/python3.10/site-packages/sqlalchemy/sql/__pycache__/cache_key.cpython-310.pyc
1748487196|Leonardo|M|/venv/lib/python3.10/site-packages/sqlalchemy/sql/__pycache__/coercions.cpython-310.pyc
1748487196|Leonardo|M|/venv/lib/python3.10/site-packages/sqlalchemy/sql/__pycache__/compiler.cpython-310.pyc
1748487196|Leonardo|M|/venv/lib/python3.10/site-packages/sqlalchemy/sql/__pycache__/crud.cpython-310.pyc
1748487196|Leonardo|M|/venv/lib/python3.10/site-packages/sqlalchemy/sql/__pycache__/ddl.cpython-310.pyc
1748487196|Leonardo|M|/venv/lib/python3.10/site-packages/sqlalchemy/sql/__pycache__/default_comparator.cpython-310.pyc
1748487196|Leonardo|M|/venv/lib/python3.10/site-packages/sqlalchemy/sql/__pycache__/dml.cpython-310.pyc
1748487196|Leonardo|M|/venv/lib/python3.10/site-packages/sqlalchemy/sql/__pycache__/elements.cpython-310.pyc
1748487196|Leonardo|M|/venv/lib/python3.10/site-packages/sqlalchemy/sql/__pycache__/events.cpython-310.pyc
1748487196|Leonardo|M|/venv/lib/python3.10/site-packages/sqlalchemy/sql/__pycache__/expression.cpython-310.pyc
1748487196|Leonardo|M|/venv/lib/python3.10/site-packages/sqlalchemy/sql/__pycache__/functions.cpython-310.pyc
1748487196|Leonardo|M|/venv/lib/python3.10/site-packages/sqlalchemy/sql/__pycache__/lambdas.cpython-310.pyc
1748487196|Leonardo|M|/venv/lib/python3.10/site-packages/sqlalchemy/sql/__pycache__/naming.cpython-310.pyc
1748487196|Leonardo|M|/venv/lib/python3.10/site-packages/sqlalchemy/sql/__pycache__/operators.cpython-310.pyc
1748487196|Leonardo|M|/venv/lib/python3.10/site-packages/sqlalchemy/sql/__pycache__/roles.cpython-310.pyc
1748487196|Leonardo|M|/venv/lib/python3.10/site-packages/sqlalchemy/sql/__pycache__/schema.cpython-310.pyc
1748487196|Leonardo|M|/venv/lib/python3.10/site-packages/sqlalchemy/sql/__pycache__/selectable.cpython-310.pyc
1748487196|Leonardo|M|/venv/lib/python3.10/site-packages/sqlalchemy/sql/__pycache__/sqltypes.cpython-310.pyc
1748487196|Leonardo|M|/venv/lib/python3.10/site-packages/sqlalchemy/sql/__pycache__/traversals.cpython-310.pyc
1748487196|Leonardo|M|/venv/lib/python3.10/site-packages/sqlalchemy/sql/__pycache__/type_api.cpython-310.pyc
1748487196|Leonardo|M|/venv/lib/python3.10/site-packages/sqlalchemy/sql/__pycache__/util.cpython-310.pyc
1748487196|Leonardo|M|/venv/lib/python3.10/site-packages/sqlalchemy/sql/__pycache__/visitors.cpython-310.pyc
1748487196|Leonardo|M|/venv/lib/python3.10/site-packages/sqlalchemy/util/__pycache__/__init__.cpython-310.pyc
1748487196|Leonardo|M|/venv/lib/python3.10/site-packages/sqlalchemy/util/__pycache__/_collections.cpython-310.pyc
1748487196|Leonardo|M|/venv/lib/python3.10/site-packages/sqlalchemy/util/__pycache__/_concurrency_py3k.cpython-310.pyc
1748487196|Leonardo|M|/venv/lib/python3.10/site-packages/sqlalchemy/util/__pycache__/_has_cy.cpython-310.pyc
1748487196|Leonardo|M|/venv/lib/python3.10/site-packages/sqlalchemy/util/__pycache__/compat.cpython-310.pyc
1748487196|Leonardo|M|/venv/lib/python3.10/site-packages/sqlalchemy/util/__pycache__/concurrency.cpython-310.pyc
1748487196|Leonardo|M|/venv/lib/python3.10/site-packages/sqlalchemy/util/__pycache__/deprecations.cpython-310.pyc
1748487196|Leonardo|M|/venv/lib/python3.10/site-packages/sqlalchemy/util/__pycache__/langhelpers.cpython-310.pyc
1748487196|Leonardo|M|/venv/lib/python3.10/site-packages/sqlalchemy/util/__pycache__/preloaded.cpython-310.pyc
1748487196|Leonardo|M|/venv/lib/python3.10/site-packages/sqlalchemy/util/__pycache__/queue.cpython-310.pyc
1748487196|Leonardo|M|/venv/lib/python3.10/site-packages/sqlalchemy/util/__pycache__/topological.cpython-310.pyc
1748487196|Leonardo|M|/venv/lib/python3.10/site-packages/sqlalchemy/util/__pycache__/typing.cpython-310.pyc
1748487196|Leonardo|A|/venv/lib/python3.10/site-packages/tomlkit-0.13.2.dist-info/INSTALLER
1748487196|Leonardo|A|/venv/lib/python3.10/site-packages/tomlkit-0.13.2.dist-info/LICENSE
1748487196|Leonardo|A|/venv/lib/python3.10/site-packages/tomlkit-0.13.2.dist-info/METADATA
1748487196|Leonardo|A|/venv/lib/python3.10/site-packages/tomlkit-0.13.2.dist-info/RECORD
1748487196|Leonardo|A|/venv/lib/python3.10/site-packages/tomlkit-0.13.2.dist-info/WHEEL
1748487196|Leonardo|A|/venv/lib/python3.10/site-packages/tomlkit/__init__.py
1748487196|Leonardo|A|/venv/lib/python3.10/site-packages/tomlkit/__pycache__/__init__.cpython-310.pyc
1748487196|Leonardo|A|/venv/lib/python3.10/site-packages/tomlkit/__pycache__/_compat.cpython-310.pyc
1748487196|Leonardo|A|/venv/lib/python3.10/site-packages/tomlkit/__pycache__/_types.cpython-310.pyc
1748487196|Leonardo|A|/venv/lib/python3.10/site-packages/tomlkit/__pycache__/_utils.cpython-310.pyc
1748487196|Leonardo|A|/venv/lib/python3.10/site-packages/tomlkit/__pycache__/api.cpython-310.pyc
1748487196|Leonardo|A|/venv/lib/python3.10/site-packages/tomlkit/__pycache__/container.cpython-310.pyc
1748487196|Leonardo|A|/venv/lib/python3.10/site-packages/tomlkit/__pycache__/exceptions.cpython-310.pyc
1748487196|Leonardo|A|/venv/lib/python3.10/site-packages/tomlkit/__pycache__/items.cpython-310.pyc
1748487196|Leonardo|A|/venv/lib/python3.10/site-packages/tomlkit/__pycache__/parser.cpython-310.pyc
1748487196|Leonardo|A|/venv/lib/python3.10/site-packages/tomlkit/__pycache__/source.cpython-310.pyc
1748487196|Leonardo|A|/venv/lib/python3.10/site-packages/tomlkit/__pycache__/toml_char.cpython-310.pyc
1748487196|Leonardo|A|/venv/lib/python3.10/site-packages/tomlkit/__pycache__/toml_document.cpython-310.pyc
1748487196|Leonardo|A|/venv/lib/python3.10/site-packages/tomlkit/__pycache__/toml_file.cpython-310.pyc
1748487196|Leonardo|A|/venv/lib/python3.10/site-packages/tomlkit/_compat.py
1748487196|Leonardo|A|/venv/lib/python3.10/site-packages/tomlkit/_types.py
1748487196|Leonardo|A|/venv/lib/python3.10/site-packages/tomlkit/_utils.py
1748487196|Leonardo|A|/venv/lib/python3.10/site-packages/tomlkit/api.py
1748487196|Leonardo|A|/venv/lib/python3.10/site-packages/tomlkit/container.py
1748487196|Leonardo|A|/venv/lib/python3.10/site-packages/tomlkit/exceptions.py
1748487196|Leonardo|A|/venv/lib/python3.10/site-packages/tomlkit/items.py
1748487196|Leonardo|A|/venv/lib/python3.10/site-packages/tomlkit/parser.py
1748487196|Leonardo|A|/venv/lib/python3.10/site-packages/tomlkit/py.typed
1748487196|Leonardo|A|/venv/lib/python3.10/site-packages/tomlkit/source.py
1748487196|Leonardo|A|/venv/lib/python3.10/site-packages/tomlkit/toml_char.py
1748487196|Leonardo|A|/venv/lib/python3.10/site-packages/tomlkit/toml_document.py
1748487196|Leonardo|A|/venv/lib/python3.10/site-packages/tomlkit/toml_file.py
1748487196|Leonardo|A|/venv/lib/python3.10/site-packages/urllib3-2.4.0.dist-info/INSTALLER
1748487196|Leonardo|A|/venv/lib/python3.10/site-packages/urllib3-2.4.0.dist-info/METADATA
1748487196|Leonardo|A|/venv/lib/python3.10/site-packages/urllib3-2.4.0.dist-info/RECORD
1748487196|Leonardo|A|/venv/lib/python3.10/site-packages/urllib3-2.4.0.dist-info/WHEEL
1748487196|Leonardo|A|/venv/lib/python3.10/site-packages/urllib3-2.4.0.dist-info/licenses/LICENSE.txt
1748487196|Leonardo|A|/venv/lib/python3.10/site-packages/urllib3/__init__.py
1748487196|Leonardo|A|/venv/lib/python3.10/site-packages/urllib3/__pycache__/__init__.cpython-310.pyc
1748487196|Leonardo|A|/venv/lib/python3.10/site-packages/urllib3/__pycache__/_base_connection.cpython-310.pyc
1748487196|Leonardo|A|/venv/lib/python3.10/site-packages/urllib3/__pycache__/_collections.cpython-310.pyc
1748487196|Leonardo|A|/venv/lib/python3.10/site-packages/urllib3/__pycache__/_request_methods.cpython-310.pyc
1748487196|Leonardo|A|/venv/lib/python3.10/site-packages/urllib3/__pycache__/_version.cpython-310.pyc
1748487196|Leonardo|A|/venv/lib/python3.10/site-packages/urllib3/__pycache__/connection.cpython-310.pyc
1748487196|Leonardo|A|/venv/lib/python3.10/site-packages/urllib3/__pycache__/connectionpool.cpython-310.pyc
1748487196|Leonardo|A|/venv/lib/python3.10/site-packages/urllib3/__pycache__/exceptions.cpython-310.pyc
1748487196|Leonardo|A|/venv/lib/python3.10/site-packages/urllib3/__pycache__/fields.cpython-310.pyc
1748487196|Leonardo|A|/venv/lib/python3.10/site-packages/urllib3/__pycache__/filepost.cpython-310.pyc
1748487196|Leonardo|A|/venv/lib/python3.10/site-packages/urllib3/__pycache__/poolmanager.cpython-310.pyc
1748487196|Leonardo|A|/venv/lib/python3.10/site-packages/urllib3/__pycache__/response.cpython-310.pyc
1748487196|Leonardo|A|/venv/lib/python3.10/site-packages/urllib3/_base_connection.py
1748487196|Leonardo|A|/venv/lib/python3.10/site-packages/urllib3/_collections.py
1748487196|Leonardo|A|/venv/lib/python3.10/site-packages/urllib3/_request_methods.py
1748487196|Leonardo|A|/venv/lib/python3.10/site-packages/urllib3/_version.py
1748487196|Leonardo|A|/venv/lib/python3.10/site-packages/urllib3/connection.py
1748487196|Leonardo|A|/venv/lib/python3.10/site-packages/urllib3/connectionpool.py
1748487196|Leonardo|A|/venv/lib/python3.10/site-packages/urllib3/contrib/__init__.py
1748487196|Leonardo|A|/venv/lib/python3.10/site-packages/urllib3/contrib/__pycache__/__init__.cpython-310.pyc
1748487196|Leonardo|A|/venv/lib/python3.10/site-packages/urllib3/contrib/__pycache__/pyopenssl.cpython-310.pyc
1748487196|Leonardo|A|/venv/lib/python3.10/site-packages/urllib3/contrib/__pycache__/socks.cpython-310.pyc
1748487196|Leonardo|A|/venv/lib/python3.10/site-packages/urllib3/contrib/emscripten/__init__.py
1748487196|Leonardo|A|/venv/lib/python3.10/site-packages/urllib3/contrib/emscripten/__pycache__/__init__.cpython-310.pyc
1748487196|Leonardo|A|/venv/lib/python3.10/site-packages/urllib3/contrib/emscripten/__pycache__/connection.cpython-310.pyc
1748487196|Leonardo|A|/venv/lib/python3.10/site-packages/urllib3/contrib/emscripten/__pycache__/fetch.cpython-310.pyc
1748487196|Leonardo|A|/venv/lib/python3.10/site-packages/urllib3/contrib/emscripten/__pycache__/request.cpython-310.pyc
1748487196|Leonardo|A|/venv/lib/python3.10/site-packages/urllib3/contrib/emscripten/__pycache__/response.cpython-310.pyc
1748487196|Leonardo|A|/venv/lib/python3.10/site-packages/urllib3/contrib/emscripten/connection.py
1748487196|Leonardo|A|/venv/lib/python3.10/site-packages/urllib3/contrib/emscripten/emscripten_fetch_worker.js
1748487196|Leonardo|A|/venv/lib/python3.10/site-packages/urllib3/contrib/emscripten/fetch.py
1748487196|Leonardo|A|/venv/lib/python3.10/site-packages/urllib3/contrib/emscripten/request.py
1748487196|Leonardo|A|/venv/lib/python3.10/site-packages/urllib3/contrib/emscripten/response.py
1748487196|Leonardo|A|/venv/lib/python3.10/site-packages/urllib3/contrib/pyopenssl.py
1748487196|Leonardo|A|/venv/lib/python3.10/site-packages/urllib3/contrib/socks.py
1748487196|Leonardo|A|/venv/lib/python3.10/site-packages/urllib3/exceptions.py
1748487196|Leonardo|A|/venv/lib/python3.10/site-packages/urllib3/fields.py
1748487196|Leonardo|A|/venv/lib/python3.10/site-packages/urllib3/filepost.py
1748487196|Leonardo|A|/venv/lib/python3.10/site-packages/urllib3/http2/__init__.py
1748487196|Leonardo|A|/venv/lib/python3.10/site-packages/urllib3/http2/__pycache__/__init__.cpython-310.pyc
1748487196|Leonardo|A|/venv/lib/python3.10/site-packages/urllib3/http2/__pycache__/connection.cpython-310.pyc
1748487196|Leonardo|A|/venv/lib/python3.10/site-packages/urllib3/http2/__pycache__/probe.cpython-310.pyc
1748487196|Leonardo|A|/venv/lib/python3.10/site-packages/urllib3/http2/connection.py
1748487196|Leonardo|A|/venv/lib/python3.10/site-packages/urllib3/http2/probe.py
1748487196|Leonardo|A|/venv/lib/python3.10/site-packages/urllib3/poolmanager.py
1748487196|Leonardo|A|/venv/lib/python3.10/site-packages/urllib3/py.typed
1748487196|Leonardo|A|/venv/lib/python3.10/site-packages/urllib3/response.py
1748487196|Leonardo|A|/venv/lib/python3.10/site-packages/urllib3/util/__init__.py
1748487196|Leonardo|A|/venv/lib/python3.10/site-packages/urllib3/util/__pycache__/__init__.cpython-310.pyc
1748487196|Leonardo|A|/venv/lib/python3.10/site-packages/urllib3/util/__pycache__/connection.cpython-310.pyc
1748487196|Leonardo|A|/venv/lib/python3.10/site-packages/urllib3/util/__pycache__/proxy.cpython-310.pyc
1748487196|Leonardo|A|/venv/lib/python3.10/site-packages/urllib3/util/__pycache__/request.cpython-310.pyc
1748487196|Leonardo|A|/venv/lib/python3.10/site-packages/urllib3/util/__pycache__/response.cpython-310.pyc
1748487196|Leonardo|A|/venv/lib/python3.10/site-packages/urllib3/util/__pycache__/retry.cpython-310.pyc
1748487196|Leonardo|A|/venv/lib/python3.10/site-packages/urllib3/util/__pycache__/ssl_.cpython-310.pyc
1748487196|Leonardo|A|/venv/lib/python3.10/site-packages/urllib3/util/__pycache__/ssl_match_hostname.cpython-310.pyc
1748487196|Leonardo|A|/venv/lib/python3.10/site-packages/urllib3/util/__pycache__/ssltransport.cpython-310.pyc
1748487196|Leonardo|A|/venv/lib/python3.10/site-packages/urllib3/util/__pycache__/timeout.cpython-310.pyc
1748487196|Leonardo|A|/venv/lib/python3.10/site-packages/urllib3/util/__pycache__/url.cpython-310.pyc
1748487196|Leonardo|A|/venv/lib/python3.10/site-packages/urllib3/util/__pycache__/util.cpython-310.pyc
1748487196|Leonardo|A|/venv/lib/python3.10/site-packages/urllib3/util/__pycache__/wait.cpython-310.pyc
1748487196|Leonardo|A|/venv/lib/python3.10/site-packages/urllib3/util/connection.py
1748487196|Leonardo|A|/venv/lib/python3.10/site-packages/urllib3/util/proxy.py
1748487196|Leonardo|A|/venv/lib/python3.10/site-packages/urllib3/util/request.py
1748487196|Leonardo|A|/venv/lib/python3.10/site-packages/urllib3/util/response.py
1748487196|Leonardo|A|/venv/lib/python3.10/site-packages/urllib3/util/retry.py
1748487196|Leonardo|A|/venv/lib/python3.10/site-packages/urllib3/util/ssl_.py
1748487196|Leonardo|A|/venv/lib/python3.10/site-packages/urllib3/util/ssl_match_hostname.py
1748487196|Leonardo|A|/venv/lib/python3.10/site-packages/urllib3/util/ssltransport.py
1748487196|Leonardo|A|/venv/lib/python3.10/site-packages/urllib3/util/timeout.py
1748487196|Leonardo|A|/venv/lib/python3.10/site-packages/urllib3/util/url.py
1748487196|Leonardo|A|/venv/lib/python3.10/site-packages/urllib3/util/util.py
1748487196|Leonardo|A|/venv/lib/python3.10/site-packages/urllib3/util/wait.py
1748487196|Leonardo|A|/venv/lib/python3.10/site-packages/virtualenv-20.31.2.dist-info/INSTALLER
1748487196|Leonardo|A|/venv/lib/python3.10/site-packages/virtualenv-20.31.2.dist-info/METADATA
1748487196|Leonardo|A|/venv/lib/python3.10/site-packages/virtualenv-20.31.2.dist-info/RECORD
1748487196|Leonardo|A|/venv/lib/python3.10/site-packages/virtualenv-20.31.2.dist-info/WHEEL
1748487196|Leonardo|A|/venv/lib/python3.10/site-packages/virtualenv-20.31.2.dist-info/entry_points.txt
1748487196|Leonardo|A|/venv/lib/python3.10/site-packages/virtualenv-20.31.2.dist-info/licenses/LICENSE
1748487196|Leonardo|A|/venv/lib/python3.10/site-packages/virtualenv/__init__.py
1748487196|Leonardo|A|/venv/lib/python3.10/site-packages/virtualenv/__main__.py
1748487196|Leonardo|A|/venv/lib/python3.10/site-packages/virtualenv/__pycache__/__init__.cpython-310.pyc
1748487196|Leonardo|A|/venv/lib/python3.10/site-packages/virtualenv/__pycache__/__main__.cpython-310.pyc
1748487196|Leonardo|A|/venv/lib/python3.10/site-packages/virtualenv/__pycache__/info.cpython-310.pyc
1748487196|Leonardo|A|/venv/lib/python3.10/site-packages/virtualenv/__pycache__/report.cpython-310.pyc
1748487196|Leonardo|A|/venv/lib/python3.10/site-packages/virtualenv/__pycache__/version.cpython-310.pyc
1748487196|Leonardo|A|/venv/lib/python3.10/site-packages/virtualenv/activation/__init__.py
1748487196|Leonardo|A|/venv/lib/python3.10/site-packages/virtualenv/activation/__pycache__/__init__.cpython-310.pyc
1748487196|Leonardo|A|/venv/lib/python3.10/site-packages/virtualenv/activation/__pycache__/activator.cpython-310.pyc
1748487196|Leonardo|A|/venv/lib/python3.10/site-packages/virtualenv/activation/__pycache__/via_template.cpython-310.pyc
1748487196|Leonardo|A|/venv/lib/python3.10/site-packages/virtualenv/activation/activator.py
1748487196|Leonardo|A|/venv/lib/python3.10/site-packages/virtualenv/activation/bash/__init__.py
1748487196|Leonardo|A|/venv/lib/python3.10/site-packages/virtualenv/activation/bash/__pycache__/__init__.cpython-310.pyc
1748487196|Leonardo|A|/venv/lib/python3.10/site-packages/virtualenv/activation/bash/activate.sh
1748487196|Leonardo|A|/venv/lib/python3.10/site-packages/virtualenv/activation/batch/__init__.py
1748487196|Leonardo|A|/venv/lib/python3.10/site-packages/virtualenv/activation/batch/__pycache__/__init__.cpython-310.pyc
1748487196|Leonardo|A|/venv/lib/python3.10/site-packages/virtualenv/activation/batch/activate.bat
1748487196|Leonardo|A|/venv/lib/python3.10/site-packages/virtualenv/activation/batch/deactivate.bat
1748487196|Leonardo|A|/venv/lib/python3.10/site-packages/virtualenv/activation/batch/pydoc.bat
1748487196|Leonardo|A|/venv/lib/python3.10/site-packages/virtualenv/activation/cshell/__init__.py
1748487196|Leonardo|A|/venv/lib/python3.10/site-packages/virtualenv/activation/cshell/__pycache__/__init__.cpython-310.pyc
1748487196|Leonardo|A|/venv/lib/python3.10/site-packages/virtualenv/activation/cshell/activate.csh
1748487196|Leonardo|A|/venv/lib/python3.10/site-packages/virtualenv/activation/fish/__init__.py
1748487196|Leonardo|A|/venv/lib/python3.10/site-packages/virtualenv/activation/fish/__pycache__/__init__.cpython-310.pyc
1748487196|Leonardo|A|/venv/lib/python3.10/site-packages/virtualenv/activation/fish/activate.fish
1748487196|Leonardo|A|/venv/lib/python3.10/site-packages/virtualenv/activation/nushell/__init__.py
1748487196|Leonardo|A|/venv/lib/python3.10/site-packages/virtualenv/activation/nushell/__pycache__/__init__.cpython-310.pyc
1748487196|Leonardo|A|/venv/lib/python3.10/site-packages/virtualenv/activation/nushell/activate.nu
1748487196|Leonardo|A|/venv/lib/python3.10/site-packages/virtualenv/activation/powershell/__init__.py
1748487196|Leonardo|A|/venv/lib/python3.10/site-packages/virtualenv/activation/powershell/__pycache__/__init__.cpython-310.pyc
1748487196|Leonardo|A|/venv/lib/python3.10/site-packages/virtualenv/activation/powershell/activate.ps1
1748487196|Leonardo|A|/venv/lib/python3.10/site-packages/virtualenv/activation/python/__init__.py
1748487196|Leonardo|A|/venv/lib/python3.10/site-packages/virtualenv/activation/python/__pycache__/__init__.cpython-310.pyc
1748487196|Leonardo|A|/venv/lib/python3.10/site-packages/virtualenv/activation/python/__pycache__/activate_this.cpython-310.pyc
1748487196|Leonardo|A|/venv/lib/python3.10/site-packages/virtualenv/activation/python/activate_this.py
1748487196|Leonardo|A|/venv/lib/python3.10/site-packages/virtualenv/activation/via_template.py
1748487196|Leonardo|A|/venv/lib/python3.10/site-packages/virtualenv/app_data/__init__.py
1748487196|Leonardo|A|/venv/lib/python3.10/site-packages/virtualenv/app_data/__pycache__/__init__.cpython-310.pyc
1748487196|Leonardo|A|/venv/lib/python3.10/site-packages/virtualenv/app_data/__pycache__/base.cpython-310.pyc
1748487196|Leonardo|A|/venv/lib/python3.10/site-packages/virtualenv/app_data/__pycache__/na.cpython-310.pyc
1748487196|Leonardo|A|/venv/lib/python3.10/site-packages/virtualenv/app_data/__pycache__/read_only.cpython-310.pyc
1748487196|Leonardo|A|/venv/lib/python3.10/site-packages/virtualenv/app_data/__pycache__/via_disk_folder.cpython-310.pyc
1748487196|Leonardo|A|/venv/lib/python3.10/site-packages/virtualenv/app_data/__pycache__/via_tempdir.cpython-310.pyc
1748487196|Leonardo|A|/venv/lib/python3.10/site-packages/virtualenv/app_data/base.py
1748487196|Leonardo|A|/venv/lib/python3.10/site-packages/virtualenv/app_data/na.py
1748487196|Leonardo|A|/venv/lib/python3.10/site-packages/virtualenv/app_data/read_only.py
1748487196|Leonardo|A|/venv/lib/python3.10/site-packages/virtualenv/app_data/via_disk_folder.py
1748487196|Leonardo|A|/venv/lib/python3.10/site-packages/virtualenv/app_data/via_tempdir.py
1748487196|Leonardo|A|/venv/lib/python3.10/site-packages/virtualenv/config/__init__.py
1748487196|Leonardo|A|/venv/lib/python3.10/site-packages/virtualenv/config/__pycache__/__init__.cpython-310.pyc
1748487196|Leonardo|A|/venv/lib/python3.10/site-packages/virtualenv/config/__pycache__/convert.cpython-310.pyc
1748487196|Leonardo|A|/venv/lib/python3.10/site-packages/virtualenv/config/__pycache__/env_var.cpython-310.pyc
1748487196|Leonardo|A|/venv/lib/python3.10/site-packages/virtualenv/config/__pycache__/ini.cpython-310.pyc
1748487196|Leonardo|A|/venv/lib/python3.10/site-packages/virtualenv/config/cli/__init__.py
1748487196|Leonardo|A|/venv/lib/python3.10/site-packages/virtualenv/config/cli/__pycache__/__init__.cpython-310.pyc
1748487196|Leonardo|A|/venv/lib/python3.10/site-packages/virtualenv/config/cli/__pycache__/parser.cpython-310.pyc
1748487196|Leonardo|A|/venv/lib/python3.10/site-packages/virtualenv/config/cli/parser.py
1748487196|Leonardo|A|/venv/lib/python3.10/site-packages/virtualenv/config/convert.py
1748487196|Leonardo|A|/venv/lib/python3.10/site-packages/virtualenv/config/env_var.py
1748487196|Leonardo|A|/venv/lib/python3.10/site-packages/virtualenv/config/ini.py
1748487196|Leonardo|A|/venv/lib/python3.10/site-packages/virtualenv/create/__init__.py
1748487196|Leonardo|A|/venv/lib/python3.10/site-packages/virtualenv/create/__pycache__/__init__.cpython-310.pyc
1748487196|Leonardo|A|/venv/lib/python3.10/site-packages/virtualenv/create/__pycache__/creator.cpython-310.pyc
1748487196|Leonardo|A|/venv/lib/python3.10/site-packages/virtualenv/create/__pycache__/debug.cpython-310.pyc
1748487196|Leonardo|A|/venv/lib/python3.10/site-packages/virtualenv/create/__pycache__/describe.cpython-310.pyc
1748487196|Leonardo|A|/venv/lib/python3.10/site-packages/virtualenv/create/__pycache__/pyenv_cfg.cpython-310.pyc
1748487196|Leonardo|A|/venv/lib/python3.10/site-packages/virtualenv/create/creator.py
1748487196|Leonardo|A|/venv/lib/python3.10/site-packages/virtualenv/create/debug.py
1748487196|Leonardo|A|/venv/lib/python3.10/site-packages/virtualenv/create/describe.py
1748487196|Leonardo|A|/venv/lib/python3.10/site-packages/virtualenv/create/pyenv_cfg.py
1748487196|Leonardo|A|/venv/lib/python3.10/site-packages/virtualenv/create/via_global_ref/__init__.py
1748487196|Leonardo|A|/venv/lib/python3.10/site-packages/virtualenv/create/via_global_ref/__pycache__/__init__.cpython-310.pyc
1748487196|Leonardo|A|/venv/lib/python3.10/site-packages/virtualenv/create/via_global_ref/__pycache__/_virtualenv.cpython-310.pyc
1748487196|Leonardo|A|/venv/lib/python3.10/site-packages/virtualenv/create/via_global_ref/__pycache__/api.cpython-310.pyc
1748487196|Leonardo|A|/venv/lib/python3.10/site-packages/virtualenv/create/via_global_ref/__pycache__/store.cpython-310.pyc
1748487196|Leonardo|A|/venv/lib/python3.10/site-packages/virtualenv/create/via_global_ref/__pycache__/venv.cpython-310.pyc
1748487196|Leonardo|A|/venv/lib/python3.10/site-packages/virtualenv/create/via_global_ref/_virtualenv.py
1748487196|Leonardo|A|/venv/lib/python3.10/site-packages/virtualenv/create/via_global_ref/api.py
1748487196|Leonardo|A|/venv/lib/python3.10/site-packages/virtualenv/create/via_global_ref/builtin/__init__.py
1748487196|Leonardo|A|/venv/lib/python3.10/site-packages/virtualenv/create/via_global_ref/builtin/__pycache__/__init__.cpython-310.pyc
1748487196|Leonardo|A|/venv/lib/python3.10/site-packages/virtualenv/create/via_global_ref/builtin/__pycache__/builtin_way.cpython-310.pyc
1748487196|Leonardo|A|/venv/lib/python3.10/site-packages/virtualenv/create/via_global_ref/builtin/__pycache__/ref.cpython-310.pyc
1748487196|Leonardo|A|/venv/lib/python3.10/site-packages/virtualenv/create/via_global_ref/builtin/__pycache__/via_global_self_do.cpython-310.pyc
1748487196|Leonardo|A|/venv/lib/python3.10/site-packages/virtualenv/create/via_global_ref/builtin/builtin_way.py
1748487196|Leonardo|A|/venv/lib/python3.10/site-packages/virtualenv/create/via_global_ref/builtin/cpython/__init__.py
1748487196|Leonardo|A|/venv/lib/python3.10/site-packages/virtualenv/create/via_global_ref/builtin/cpython/__pycache__/__init__.cpython-310.pyc
1748487196|Leonardo|A|/venv/lib/python3.10/site-packages/virtualenv/create/via_global_ref/builtin/cpython/__pycache__/common.cpython-310.pyc
1748487196|Leonardo|A|/venv/lib/python3.10/site-packages/virtualenv/create/via_global_ref/builtin/cpython/__pycache__/cpython3.cpython-310.pyc
1748487196|Leonardo|A|/venv/lib/python3.10/site-packages/virtualenv/create/via_global_ref/builtin/cpython/__pycache__/mac_os.cpython-310.pyc
1748487196|Leonardo|A|/venv/lib/python3.10/site-packages/virtualenv/create/via_global_ref/builtin/cpython/common.py
1748487196|Leonardo|A|/venv/lib/python3.10/site-packages/virtualenv/create/via_global_ref/builtin/cpython/cpython3.py
1748487196|Leonardo|A|/venv/lib/python3.10/site-packages/virtualenv/create/via_global_ref/builtin/cpython/mac_os.py
1748487196|Leonardo|A|/venv/lib/python3.10/site-packages/virtualenv/create/via_global_ref/builtin/graalpy/__init__.py
1748487196|Leonardo|A|/venv/lib/python3.10/site-packages/virtualenv/create/via_global_ref/builtin/graalpy/__pycache__/__init__.cpython-310.pyc
1748487196|Leonardo|A|/venv/lib/python3.10/site-packages/virtualenv/create/via_global_ref/builtin/pypy/__init__.py
1748487196|Leonardo|A|/venv/lib/python3.10/site-packages/virtualenv/create/via_global_ref/builtin/pypy/__pycache__/__init__.cpython-310.pyc
1748487196|Leonardo|A|/venv/lib/python3.10/site-packages/virtualenv/create/via_global_ref/builtin/pypy/__pycache__/common.cpython-310.pyc
1748487196|Leonardo|A|/venv/lib/python3.10/site-packages/virtualenv/create/via_global_ref/builtin/pypy/__pycache__/pypy3.cpython-310.pyc
1748487196|Leonardo|A|/venv/lib/python3.10/site-packages/virtualenv/create/via_global_ref/builtin/pypy/common.py
1748487196|Leonardo|A|/venv/lib/python3.10/site-packages/virtualenv/create/via_global_ref/builtin/pypy/pypy3.py
1748487196|Leonardo|A|/venv/lib/python3.10/site-packages/virtualenv/create/via_global_ref/builtin/ref.py
1748487196|Leonardo|A|/venv/lib/python3.10/site-packages/virtualenv/create/via_global_ref/builtin/via_global_self_do.py
1748487196|Leonardo|A|/venv/lib/python3.10/site-packages/virtualenv/create/via_global_ref/store.py
1748487196|Leonardo|A|/venv/lib/python3.10/site-packages/virtualenv/create/via_global_ref/venv.py
1748487196|Leonardo|A|/venv/lib/python3.10/site-packages/virtualenv/discovery/__init__.py
1748487196|Leonardo|A|/venv/lib/python3.10/site-packages/virtualenv/discovery/__pycache__/__init__.cpython-310.pyc
1748487196|Leonardo|A|/venv/lib/python3.10/site-packages/virtualenv/discovery/__pycache__/builtin.cpython-310.pyc
1748487196|Leonardo|A|/venv/lib/python3.10/site-packages/virtualenv/discovery/__pycache__/cached_py_info.cpython-310.pyc
1748487196|Leonardo|A|/venv/lib/python3.10/site-packages/virtualenv/discovery/__pycache__/discover.cpython-310.pyc
1748487196|Leonardo|A|/venv/lib/python3.10/site-packages/virtualenv/discovery/__pycache__/py_info.cpython-310.pyc
1748487196|Leonardo|A|/venv/lib/python3.10/site-packages/virtualenv/discovery/__pycache__/py_spec.cpython-310.pyc
1748487196|Leonardo|A|/venv/lib/python3.10/site-packages/virtualenv/discovery/builtin.py
1748487196|Leonardo|A|/venv/lib/python3.10/site-packages/virtualenv/discovery/cached_py_info.py
1748487196|Leonardo|A|/venv/lib/python3.10/site-packages/virtualenv/discovery/discover.py
1748487196|Leonardo|A|/venv/lib/python3.10/site-packages/virtualenv/discovery/py_info.py
1748487196|Leonardo|A|/venv/lib/python3.10/site-packages/virtualenv/discovery/py_spec.py
1748487196|Leonardo|A|/venv/lib/python3.10/site-packages/virtualenv/discovery/windows/__init__.py
1748487196|Leonardo|A|/venv/lib/python3.10/site-packages/virtualenv/discovery/windows/__pycache__/__init__.cpython-310.pyc
1748487196|Leonardo|A|/venv/lib/python3.10/site-packages/virtualenv/discovery/windows/__pycache__/pep514.cpython-310.pyc
1748487196|Leonardo|A|/venv/lib/python3.10/site-packages/virtualenv/discovery/windows/pep514.py
1748487196|Leonardo|A|/venv/lib/python3.10/site-packages/virtualenv/info.py
1748487196|Leonardo|A|/venv/lib/python3.10/site-packages/virtualenv/report.py
1748487196|Leonardo|A|/venv/lib/python3.10/site-packages/virtualenv/run/__init__.py
1748487196|Leonardo|A|/venv/lib/python3.10/site-packages/virtualenv/run/__pycache__/__init__.cpython-310.pyc
1748487196|Leonardo|A|/venv/lib/python3.10/site-packages/virtualenv/run/__pycache__/session.cpython-310.pyc
1748487196|Leonardo|A|/venv/lib/python3.10/site-packages/virtualenv/run/plugin/__init__.py
1748487196|Leonardo|A|/venv/lib/python3.10/site-packages/virtualenv/run/plugin/__pycache__/__init__.cpython-310.pyc
1748487196|Leonardo|A|/venv/lib/python3.10/site-packages/virtualenv/run/plugin/__pycache__/activators.cpython-310.pyc
1748487196|Leonardo|A|/venv/lib/python3.10/site-packages/virtualenv/run/plugin/__pycache__/base.cpython-310.pyc
1748487196|Leonardo|A|/venv/lib/python3.10/site-packages/virtualenv/run/plugin/__pycache__/creators.cpython-310.pyc
1748487196|Leonardo|A|/venv/lib/python3.10/site-packages/virtualenv/run/plugin/__pycache__/discovery.cpython-310.pyc
1748487196|Leonardo|A|/venv/lib/python3.10/site-packages/virtualenv/run/plugin/__pycache__/seeders.cpython-310.pyc
1748487196|Leonardo|A|/venv/lib/python3.10/site-packages/virtualenv/run/plugin/activators.py
1748487196|Leonardo|A|/venv/lib/python3.10/site-packages/virtualenv/run/plugin/base.py
1748487196|Leonardo|A|/venv/lib/python3.10/site-packages/virtualenv/run/plugin/creators.py
1748487196|Leonardo|A|/venv/lib/python3.10/site-packages/virtualenv/run/plugin/discovery.py
1748487196|Leonardo|A|/venv/lib/python3.10/site-packages/virtualenv/run/plugin/seeders.py
1748487196|Leonardo|A|/venv/lib/python3.10/site-packages/virtualenv/run/session.py
1748487196|Leonardo|A|/venv/lib/python3.10/site-packages/virtualenv/seed/__init__.py
1748487196|Leonardo|A|/venv/lib/python3.10/site-packages/virtualenv/seed/__pycache__/__init__.cpython-310.pyc
1748487196|Leonardo|A|/venv/lib/python3.10/site-packages/virtualenv/seed/__pycache__/seeder.cpython-310.pyc
1748487196|Leonardo|A|/venv/lib/python3.10/site-packages/virtualenv/seed/embed/__init__.py
1748487196|Leonardo|A|/venv/lib/python3.10/site-packages/virtualenv/seed/embed/__pycache__/__init__.cpython-310.pyc
1748487196|Leonardo|A|/venv/lib/python3.10/site-packages/virtualenv/seed/embed/__pycache__/base_embed.cpython-310.pyc
1748487196|Leonardo|A|/venv/lib/python3.10/site-packages/virtualenv/seed/embed/__pycache__/pip_invoke.cpython-310.pyc
1748487196|Leonardo|A|/venv/lib/python3.10/site-packages/virtualenv/seed/embed/base_embed.py
1748487196|Leonardo|A|/venv/lib/python3.10/site-packages/virtualenv/seed/embed/pip_invoke.py
1748487196|Leonardo|A|/venv/lib/python3.10/site-packages/virtualenv/seed/embed/via_app_data/__init__.py
1748487196|Leonardo|A|/venv/lib/python3.10/site-packages/virtualenv/seed/embed/via_app_data/__pycache__/__init__.cpython-310.pyc
1748487196|Leonardo|A|/venv/lib/python3.10/site-packages/virtualenv/seed/embed/via_app_data/__pycache__/via_app_data.cpython-310.pyc
1748487196|Leonardo|A|/venv/lib/python3.10/site-packages/virtualenv/seed/embed/via_app_data/pip_install/__init__.py
1748487196|Leonardo|A|/venv/lib/python3.10/site-packages/virtualenv/seed/embed/via_app_data/pip_install/__pycache__/__init__.cpython-310.pyc
1748487196|Leonardo|A|/venv/lib/python3.10/site-packages/virtualenv/seed/embed/via_app_data/pip_install/__pycache__/base.cpython-310.pyc
1748487196|Leonardo|A|/venv/lib/python3.10/site-packages/virtualenv/seed/embed/via_app_data/pip_install/__pycache__/copy.cpython-310.pyc
1748487196|Leonardo|A|/venv/lib/python3.10/site-packages/virtualenv/seed/embed/via_app_data/pip_install/__pycache__/symlink.cpython-310.pyc
1748487196|Leonardo|A|/venv/lib/python3.10/site-packages/virtualenv/seed/embed/via_app_data/pip_install/base.py
1748487196|Leonardo|A|/venv/lib/python3.10/site-packages/virtualenv/seed/embed/via_app_data/pip_install/copy.py
1748487196|Leonardo|A|/venv/lib/python3.10/site-packages/virtualenv/seed/embed/via_app_data/pip_install/symlink.py
1748487196|Leonardo|A|/venv/lib/python3.10/site-packages/virtualenv/seed/embed/via_app_data/via_app_data.py
1748487196|Leonardo|A|/venv/lib/python3.10/site-packages/virtualenv/seed/seeder.py
1748487196|Leonardo|A|/venv/lib/python3.10/site-packages/virtualenv/seed/wheels/__init__.py
1748487196|Leonardo|A|/venv/lib/python3.10/site-packages/virtualenv/seed/wheels/__pycache__/__init__.cpython-310.pyc
1748487196|Leonardo|A|/venv/lib/python3.10/site-packages/virtualenv/seed/wheels/__pycache__/acquire.cpython-310.pyc
1748487196|Leonardo|A|/venv/lib/python3.10/site-packages/virtualenv/seed/wheels/__pycache__/bundle.cpython-310.pyc
1748487196|Leonardo|A|/venv/lib/python3.10/site-packages/virtualenv/seed/wheels/__pycache__/periodic_update.cpython-310.pyc
1748487196|Leonardo|A|/venv/lib/python3.10/site-packages/virtualenv/seed/wheels/__pycache__/util.cpython-310.pyc
1748487196|Leonardo|A|/venv/lib/python3.10/site-packages/virtualenv/seed/wheels/acquire.py
1748487196|Leonardo|A|/venv/lib/python3.10/site-packages/virtualenv/seed/wheels/bundle.py
1748487196|Leonardo|A|/venv/lib/python3.10/site-packages/virtualenv/seed/wheels/embed/__init__.py
1748487196|Leonardo|A|/venv/lib/python3.10/site-packages/virtualenv/seed/wheels/embed/__pycache__/__init__.cpython-310.pyc
1748487196|Leonardo|A|/venv/lib/python3.10/site-packages/virtualenv/seed/wheels/embed/pip-25.0.1-py3-none-any.whl
1748487196|Leonardo|A|/venv/lib/python3.10/site-packages/virtualenv/seed/wheels/embed/pip-25.1.1-py3-none-any.whl
1748487196|Leonardo|A|/venv/lib/python3.10/site-packages/virtualenv/seed/wheels/embed/setuptools-75.3.2-py3-none-any.whl
1748487196|Leonardo|A|/venv/lib/python3.10/site-packages/virtualenv/seed/wheels/embed/setuptools-80.3.1-py3-none-any.whl
1748487196|Leonardo|A|/venv/lib/python3.10/site-packages/virtualenv/seed/wheels/embed/wheel-0.45.1-py3-none-any.whl
1748487196|Leonardo|A|/venv/lib/python3.10/site-packages/virtualenv/seed/wheels/periodic_update.py
1748487196|Leonardo|A|/venv/lib/python3.10/site-packages/virtualenv/seed/wheels/util.py
1748487196|Leonardo|A|/venv/lib/python3.10/site-packages/virtualenv/util/__init__.py
1748487196|Leonardo|A|/venv/lib/python3.10/site-packages/virtualenv/util/__pycache__/__init__.cpython-310.pyc
1748487196|Leonardo|A|/venv/lib/python3.10/site-packages/virtualenv/util/__pycache__/error.cpython-310.pyc
1748487196|Leonardo|A|/venv/lib/python3.10/site-packages/virtualenv/util/__pycache__/lock.cpython-310.pyc
1748487196|Leonardo|A|/venv/lib/python3.10/site-packages/virtualenv/util/__pycache__/zipapp.cpython-310.pyc
1748487196|Leonardo|A|/venv/lib/python3.10/site-packages/virtualenv/util/error.py
1748487196|Leonardo|A|/venv/lib/python3.10/site-packages/virtualenv/util/lock.py
1748487196|Leonardo|A|/venv/lib/python3.10/site-packages/virtualenv/util/path/__init__.py
1748487196|Leonardo|A|/venv/lib/python3.10/site-packages/virtualenv/util/path/__pycache__/__init__.cpython-310.pyc
1748487196|Leonardo|A|/venv/lib/python3.10/site-packages/virtualenv/util/path/__pycache__/_permission.cpython-310.pyc
1748487196|Leonardo|A|/venv/lib/python3.10/site-packages/virtualenv/util/path/__pycache__/_sync.cpython-310.pyc
1748487196|Leonardo|A|/venv/lib/python3.10/site-packages/virtualenv/util/path/__pycache__/_win.cpython-310.pyc
1748487196|Leonardo|A|/venv/lib/python3.10/site-packages/virtualenv/util/path/_permission.py
1748487196|Leonardo|A|/venv/lib/python3.10/site-packages/virtualenv/util/path/_sync.py
1748487196|Leonardo|A|/venv/lib/python3.10/site-packages/virtualenv/util/path/_win.py
1748487196|Leonardo|A|/venv/lib/python3.10/site-packages/virtualenv/util/subprocess/__init__.py
1748487196|Leonardo|A|/venv/lib/python3.10/site-packages/virtualenv/util/subprocess/__pycache__/__init__.cpython-310.pyc
1748487196|Leonardo|A|/venv/lib/python3.10/site-packages/virtualenv/util/zipapp.py
1748487196|Leonardo|A|/venv/lib/python3.10/site-packages/virtualenv/version.py
1748487196|Leonardo|A|/venv/lib/python3.10/site-packages/webencodings-0.5.1.dist-info/DESCRIPTION.rst
1748487196|Leonardo|A|/venv/lib/python3.10/site-packages/webencodings-0.5.1.dist-info/INSTALLER
1748487196|Leonardo|A|/venv/lib/python3.10/site-packages/webencodings-0.5.1.dist-info/METADATA
1748487196|Leonardo|A|/venv/lib/python3.10/site-packages/webencodings-0.5.1.dist-info/RECORD
1748487196|Leonardo|A|/venv/lib/python3.10/site-packages/webencodings-0.5.1.dist-info/REQUESTED
1748487196|Leonardo|A|/venv/lib/python3.10/site-packages/webencodings-0.5.1.dist-info/WHEEL
1748487196|Leonardo|A|/venv/lib/python3.10/site-packages/webencodings-0.5.1.dist-info/metadata.json
1748487196|Leonardo|A|/venv/lib/python3.10/site-packages/webencodings-0.5.1.dist-info/top_level.txt
1748487196|Leonardo|A|/venv/lib/python3.10/site-packages/webencodings/__init__.py
1748487196|Leonardo|A|/venv/lib/python3.10/site-packages/webencodings/__pycache__/__init__.cpython-310.pyc
1748487196|Leonardo|A|/venv/lib/python3.10/site-packages/webencodings/__pycache__/labels.cpython-310.pyc
1748487196|Leonardo|A|/venv/lib/python3.10/site-packages/webencodings/__pycache__/mklabels.cpython-310.pyc
1748487196|Leonardo|A|/venv/lib/python3.10/site-packages/webencodings/__pycache__/tests.cpython-310.pyc
1748487196|Leonardo|A|/venv/lib/python3.10/site-packages/webencodings/__pycache__/x_user_defined.cpython-310.pyc
1748487196|Leonardo|A|/venv/lib/python3.10/site-packages/webencodings/labels.py
1748487196|Leonardo|A|/venv/lib/python3.10/site-packages/webencodings/mklabels.py
1748487196|Leonardo|A|/venv/lib/python3.10/site-packages/webencodings/tests.py
1748487196|Leonardo|A|/venv/lib/python3.10/site-packages/webencodings/x_user_defined.py
1748487196|Leonardo|M|/venv/lib/python3.10/site-packages/werkzeug/__pycache__/__init__.cpython-310.pyc
1748487196|Leonardo|M|/venv/lib/python3.10/site-packages/werkzeug/__pycache__/_internal.cpython-310.pyc
1748487196|Leonardo|M|/venv/lib/python3.10/site-packages/werkzeug/__pycache__/exceptions.cpython-310.pyc
1748487196|Leonardo|M|/venv/lib/python3.10/site-packages/werkzeug/__pycache__/formparser.cpython-310.pyc
1748487196|Leonardo|M|/venv/lib/python3.10/site-packages/werkzeug/__pycache__/http.cpython-310.pyc
1748487196|Leonardo|M|/venv/lib/python3.10/site-packages/werkzeug/__pycache__/local.cpython-310.pyc
1748487196|Leonardo|M|/venv/lib/python3.10/site-packages/werkzeug/__pycache__/security.cpython-310.pyc
1748487196|Leonardo|M|/venv/lib/python3.10/site-packages/werkzeug/__pycache__/serving.cpython-310.pyc
1748487196|Leonardo|M|/venv/lib/python3.10/site-packages/werkzeug/__pycache__/test.cpython-310.pyc
1748487196|Leonardo|M|/venv/lib/python3.10/site-packages/werkzeug/__pycache__/urls.cpython-310.pyc
1748487196|Leonardo|M|/venv/lib/python3.10/site-packages/werkzeug/__pycache__/user_agent.cpython-310.pyc
1748487196|Leonardo|M|/venv/lib/python3.10/site-packages/werkzeug/__pycache__/utils.cpython-310.pyc
1748487196|Leonardo|M|/venv/lib/python3.10/site-packages/werkzeug/__pycache__/wsgi.cpython-310.pyc
1748487196|Leonardo|M|/venv/lib/python3.10/site-packages/werkzeug/datastructures/__pycache__/__init__.cpython-310.pyc
1748487196|Leonardo|M|/venv/lib/python3.10/site-packages/werkzeug/datastructures/__pycache__/accept.cpython-310.pyc
1748487196|Leonardo|M|/venv/lib/python3.10/site-packages/werkzeug/datastructures/__pycache__/auth.cpython-310.pyc
1748487196|Leonardo|M|/venv/lib/python3.10/site-packages/werkzeug/datastructures/__pycache__/cache_control.cpython-310.pyc
1748487196|Leonardo|M|/venv/lib/python3.10/site-packages/werkzeug/datastructures/__pycache__/csp.cpython-310.pyc
1748487196|Leonardo|M|/venv/lib/python3.10/site-packages/werkzeug/datastructures/__pycache__/etag.cpython-310.pyc
1748487196|Leonardo|M|/venv/lib/python3.10/site-packages/werkzeug/datastructures/__pycache__/file_storage.cpython-310.pyc
1748487196|Leonardo|M|/venv/lib/python3.10/site-packages/werkzeug/datastructures/__pycache__/headers.cpython-310.pyc
1748487196|Leonardo|M|/venv/lib/python3.10/site-packages/werkzeug/datastructures/__pycache__/mixins.cpython-310.pyc
1748487196|Leonardo|M|/venv/lib/python3.10/site-packages/werkzeug/datastructures/__pycache__/range.cpython-310.pyc
1748487196|Leonardo|M|/venv/lib/python3.10/site-packages/werkzeug/datastructures/__pycache__/structures.cpython-310.pyc
1748487196|Leonardo|M|/venv/lib/python3.10/site-packages/werkzeug/routing/__pycache__/__init__.cpython-310.pyc
1748487196|Leonardo|M|/venv/lib/python3.10/site-packages/werkzeug/routing/__pycache__/converters.cpython-310.pyc
1748487196|Leonardo|M|/venv/lib/python3.10/site-packages/werkzeug/routing/__pycache__/exceptions.cpython-310.pyc
1748487196|Leonardo|M|/venv/lib/python3.10/site-packages/werkzeug/routing/__pycache__/map.cpython-310.pyc
1748487196|Leonardo|M|/venv/lib/python3.10/site-packages/werkzeug/routing/__pycache__/matcher.cpython-310.pyc
1748487196|Leonardo|M|/venv/lib/python3.10/site-packages/werkzeug/routing/__pycache__/rules.cpython-310.pyc
1748487196|Leonardo|M|/venv/lib/python3.10/site-packages/werkzeug/sansio/__pycache__/__init__.cpython-310.pyc
1748487196|Leonardo|M|/venv/lib/python3.10/site-packages/werkzeug/sansio/__pycache__/http.cpython-310.pyc
1748487196|Leonardo|M|/venv/lib/python3.10/site-packages/werkzeug/sansio/__pycache__/multipart.cpython-310.pyc
1748487196|Leonardo|M|/venv/lib/python3.10/site-packages/werkzeug/sansio/__pycache__/request.cpython-310.pyc
1748487196|Leonardo|M|/venv/lib/python3.10/site-packages/werkzeug/sansio/__pycache__/response.cpython-310.pyc
1748487196|Leonardo|M|/venv/lib/python3.10/site-packages/werkzeug/sansio/__pycache__/utils.cpython-310.pyc
1748487196|Leonardo|M|/venv/lib/python3.10/site-packages/werkzeug/wrappers/__pycache__/__init__.cpython-310.pyc
1748487196|Leonardo|M|/venv/lib/python3.10/site-packages/werkzeug/wrappers/__pycache__/request.cpython-310.pyc
1748487196|Leonardo|M|/venv/lib/python3.10/site-packages/werkzeug/wrappers/__pycache__/response.cpython-310.pyc
1748487196|Leonardo|A|/venv/lib/python3.10/site-packages/zipp-1.0.0.dist-info/INSTALLER
1748487196|Leonardo|A|/venv/lib/python3.10/site-packages/zipp-1.0.0.dist-info/LICENSE
1748487196|Leonardo|A|/venv/lib/python3.10/site-packages/zipp-1.0.0.dist-info/METADATA
1748487196|Leonardo|A|/venv/lib/python3.10/site-packages/zipp-1.0.0.dist-info/RECORD
1748487196|Leonardo|A|/venv/lib/python3.10/site-packages/zipp-1.0.0.dist-info/REQUESTED
1748487196|Leonardo|A|/venv/lib/python3.10/site-packages/zipp-1.0.0.dist-info/WHEEL
1748487196|Leonardo|A|/venv/lib/python3.10/site-packages/zipp-1.0.0.dist-info/top_level.txt
1748487196|Leonardo|A|/venv/lib/python3.10/site-packages/zipp.py
1748829379|Maysa|M|/.env
1748829379|Maysa|A|/__pycache__/app.cpython-313.pyc
1748829379|Maysa|A|/__pycache__/config.cpython-313.pyc
1748829379|Maysa|A|/__pycache__/models.cpython-313.pyc
1748829379|Maysa|M|/static/login.js
1748829379|Maysa|M|/static/modalidade_local.css
1748829379|Maysa|M|/static/styles.css
1748829379|Maysa|A|/static/styles_base.css
1748829379|Maysa|A|/static/styles_cliente.css
1748829379|Maysa|A|/static/styles_documentos.css
1748829379|Maysa|M|/static/styles_escolha.css
1748829379|Maysa|M|/static/styles_login.css
1748829379|Maysa|A|/static/uploads/cliente_2/documento.png
1748829379|Maysa|A|/static/uploads/cliente_2/selfie.png
1748829379|Maysa|M|/static/uploads/cliente_3/documento.png
1748829379|Maysa|M|/static/uploads/cliente_3/selfie.png
1748829379|Maysa|M|/templates/agenda.html
1748829379|Maysa|M|/templates/aguardando.html
1748829379|Maysa|A|/templates/busca.html
1748829379|Maysa|M|/templates/cadastro-cliente.html
1748829379|Maysa|M|/templates/cadastro-escolha.html
1748829379|Maysa|M|/templates/cadastro-profissional.html
1748829379|Maysa|A|/templates/chat.html
1748829379|Maysa|A|/templates/configura\303\247\303\243o-perfil.html
1748829379|Maysa|M|/templates/envio-documentos.html
1748829379|Maysa|D|/templates/esqueceu-senha.html
1748829379|Maysa|A|/templates/lista-chat.html
1748829379|Maysa|M|/templates/login.html
1748829379|Maysa|A|/templates/meu-perfil.html
1748829379|Maysa|M|/templates/modalidade-local.html
1748829379|Maysa|A|/templates/notifica\303\247\303\265es.html
1748829379|Maysa|M|/templates/painel-master.html
1748829379|Maysa|A|/templates/perfil.html
1748829379|Maysa|A|/templates/recuperar-senha-nova.html
1748829379|Maysa|A|/templates/recuperar-senha.html
1748829379|Maysa|A|/templates/resultados.html
1748829379|Maysa|M|/venv/pyvenv.cfg
1748836637|Maysa|M|/__pycache__/app.cpython-313.pyc
1748836637|Maysa|M|/app.py
1748836637|Maysa|M|/static/styles_login.css
1748836637|Maysa|M|/templates/agenda.html
1748836637|Maysa|M|/templates/login.html
1748880309|Leonardo|M|/__pycache__/app.cpython-310.pyc
1748880309|Leonardo|M|/__pycache__/config.cpython-310.pyc
1748880309|Leonardo|M|/__pycache__/models.cpython-310.pyc
1748880309|Leonardo|M|/app.py
1748880309|Leonardo|M|/config.py
1748880309|Leonardo|M|/render.yaml
1748880309|Leonardo|M|/static/modalidade_local.css
1748880309|Leonardo|M|/templates/modalidade-local.html
1748880309|Leonardo|M|/venv/bin/activate
1748880309|Leonardo|M|/venv/bin/activate.csh
1748880309|Leonardo|M|/venv/bin/activate.fish
1748880309|Leonardo|M|/venv/lib/python3.10/site-packages/keyring/__pycache__/__init__.cpython-310.pyc
1748880309|Leonardo|M|/venv/lib/python3.10/site-packages/keyring/__pycache__/backend.cpython-310.pyc
1748880309|Leonardo|M|/venv/lib/python3.10/site-packages/keyring/__pycache__/core.cpython-310.pyc
1748880309|Leonardo|M|/venv/lib/python3.10/site-packages/keyring/__pycache__/credentials.cpython-310.pyc
1748880309|Leonardo|M|/venv/lib/python3.10/site-packages/keyring/__pycache__/errors.cpython-310.pyc
1748880309|Leonardo|M|/venv/lib/python3.10/site-packages/keyring/backends/__pycache__/__init__.cpython-310.pyc
1748880309|Leonardo|M|/venv/lib/python3.10/site-packages/keyring/backends/__pycache__/fail.cpython-310.pyc
1748880309|Leonardo|M|/venv/lib/python3.10/site-packages/keyring/util/__pycache__/__init__.cpython-310.pyc
1748880309|Leonardo|M|/venv/lib/python3.10/site-packages/keyring/util/__pycache__/platform_.cpython-310.pyc
1748880309|Leonardo|M|/venv/lib/python3.10/site-packages/keyring/util/__pycache__/properties.cpython-310.pyc
1748880309|Leonardo|M|/venv/pyvenv.cfg
1748896114|Leonardo Souza|M|/.env
1749011883|Maysa|M|/__pycache__/app.cpython-313.pyc
1749011883|Maysa|M|/__pycache__/config.cpython-313.pyc
1749011883|Maysa|M|/__pycache__/models.cpython-313.pyc
1749011883|Maysa|M|/app.py
1749011883|Maysa|A|/static/styles_agenda.css
1749011883|Maysa|M|/static/styles_base.css
1749011883|Maysa|M|/static/styles_documentos.css
1749011883|Maysa|A|/static/styles_perfil.css
1749011883|Maysa|M|/templates/agenda.html
1749011883|Maysa|M|/templates/cadastro-cliente.html
1749011883|Maysa|M|/templates/envio-documentos.html
1749011883|Maysa|M|/templates/meu-perfil.html
1749011883|Maysa|M|/venv/pyvenv.cfg
1749078121|Leonardo Souza|M|/app.py
1749078546|Leonardo Souza|M|/config.py
1749082180|Leonardo Souza|M|/app.py
1749082262|Leonardo Souza|M|/render.yaml
1749082469|Leonardo Souza|M|/app.py
1749083047|Leonardo Souza|M|/app.py
1750563381|Leonardo|M|/.env
1750563381|Leonardo|M|/__pycache__/app.cpython-310.pyc
1750563381|Leonardo|M|/__pycache__/config.cpython-310.pyc
1750563381|Leonardo|M|/__pycache__/models.cpython-310.pyc
1750563381|Leonardo|M|/app.py
1750563381|Leonardo|M|/render.yaml
1750563381|Leonardo|A|/static/buscar.js
1750563381|Leonardo|A|/static/resultados.css
1750563381|Leonardo|A|/static/styles_buscar.css
1750563381|Leonardo|A|/static/styles_meuperfil.css
1750563381|Leonardo|M|/templates/agenda.html
1750563381|Leonardo|M|/templates/busca.html
1750563381|Leonardo|M|/templates/meu-perfil.html
1750563381|Leonardo|M|/templates/modalidade-local.html
1750563381|Leonardo|M|/templates/resultados.html
1750563381|Leonardo|M|/venv/bin/activate
1750563381|Leonardo|M|/venv/bin/activate.csh
1750563381|Leonardo|M|/venv/bin/activate.fish
1750563381|Leonardo|M|/venv/bin/doesitcache
1750563381|Leonardo|M|/venv/bin/dotenv
1750563381|Leonardo|M|/venv/bin/flask
1750563381|Leonardo|M|/venv/bin/gunicorn
1750563381|Leonardo|M|/venv/bin/keyring
1750563381|Leonardo|M|/venv/bin/normalizer
1750563381|Leonardo|M|/venv/bin/pip
1750563381|Leonardo|M|/venv/bin/pip3
1750563381|Leonardo|M|/venv/bin/pip3.10
1750563381|Leonardo|M|/venv/bin/pkginfo
1750563381|Leonardo|M|/venv/bin/poetry
1750563381|Leonardo|M|/venv/bin/virtualenv
1750563381|Leonardo|M|/venv/lib/python3.10/site-packages/CacheControl-0.12.14.dist-info/RECORD
1750563381|Leonardo|M|/venv/lib/python3.10/site-packages/__pycache__/flask_uploads.cpython-310.pyc
1750563381|Leonardo|M|/venv/lib/python3.10/site-packages/__pycache__/six.cpython-310.pyc
1750563381|Leonardo|M|/venv/lib/python3.10/site-packages/__pycache__/typing_extensions.cpython-310.pyc
1750563381|Leonardo|M|/venv/lib/python3.10/site-packages/__pycache__/zipp.cpython-310.pyc
1750563381|Leonardo|M|/venv/lib/python3.10/site-packages/_distutils_hack/__pycache__/__init__.cpython-310.pyc
1750563381|Leonardo|M|/venv/lib/python3.10/site-packages/_distutils_hack/__pycache__/override.cpython-310.pyc
1750563381|Leonardo|M|/venv/lib/python3.10/site-packages/blinker/__pycache__/__init__.cpython-310.pyc
1750563381|Leonardo|M|/venv/lib/python3.10/site-packages/blinker/__pycache__/_utilities.cpython-310.pyc
1750563381|Leonardo|M|/venv/lib/python3.10/site-packages/blinker/__pycache__/base.cpython-310.pyc
1750563381|Leonardo|M|/venv/lib/python3.10/site-packages/cachecontrol/__pycache__/__init__.cpython-310.pyc
1750563381|Leonardo|M|/venv/lib/python3.10/site-packages/cachecontrol/__pycache__/_cmd.cpython-310.pyc
1750563381|Leonardo|M|/venv/lib/python3.10/site-packages/cachecontrol/__pycache__/adapter.cpython-310.pyc
1750563381|Leonardo|M|/venv/lib/python3.10/site-packages/cachecontrol/__pycache__/cache.cpython-310.pyc
1750563381|Leonardo|M|/venv/lib/python3.10/site-packages/cachecontrol/__pycache__/compat.cpython-310.pyc
1750563381|Leonardo|M|/venv/lib/python3.10/site-packages/cachecontrol/__pycache__/controller.cpython-310.pyc
1750563381|Leonardo|M|/venv/lib/python3.10/site-packages/cachecontrol/__pycache__/filewrapper.cpython-310.pyc
1750563381|Leonardo|M|/venv/lib/python3.10/site-packages/cachecontrol/__pycache__/heuristics.cpython-310.pyc
1750563381|Leonardo|M|/venv/lib/python3.10/site-packages/cachecontrol/__pycache__/serialize.cpython-310.pyc
1750563381|Leonardo|M|/venv/lib/python3.10/site-packages/cachecontrol/__pycache__/wrapper.cpython-310.pyc
1750563381|Leonardo|M|/venv/lib/python3.10/site-packages/cachecontrol/caches/__pycache__/__init__.cpython-310.pyc
1750563381|Leonardo|M|/venv/lib/python3.10/site-packages/cachecontrol/caches/__pycache__/file_cache.cpython-310.pyc
1750563381|Leonardo|M|/venv/lib/python3.10/site-packages/cachecontrol/caches/__pycache__/redis_cache.cpython-310.pyc
1750563381|Leonardo|M|/venv/lib/python3.10/site-packages/cachy/__pycache__/__init__.cpython-310.pyc
1750563381|Leonardo|M|/venv/lib/python3.10/site-packages/cachy/__pycache__/cache_manager.cpython-310.pyc
1750563381|Leonardo|M|/venv/lib/python3.10/site-packages/cachy/__pycache__/helpers.cpython-310.pyc
1750563381|Leonardo|M|/venv/lib/python3.10/site-packages/cachy/__pycache__/redis_tagged_cache.cpython-310.pyc
1750563381|Leonardo|M|/venv/lib/python3.10/site-packages/cachy/__pycache__/repository.cpython-310.pyc
1750563381|Leonardo|M|/venv/lib/python3.10/site-packages/cachy/__pycache__/tag_set.cpython-310.pyc
1750563381|Leonardo|M|/venv/lib/python3.10/site-packages/cachy/__pycache__/tagged_cache.cpython-310.pyc
1750563381|Leonardo|M|/venv/lib/python3.10/site-packages/cachy/__pycache__/utils.cpython-310.pyc
1750563381|Leonardo|M|/venv/lib/python3.10/site-packages/cachy/contracts/__pycache__/__init__.cpython-310.pyc
1750563381|Leonardo|M|/venv/lib/python3.10/site-packages/cachy/contracts/__pycache__/factory.cpython-310.pyc
1750563381|Leonardo|M|/venv/lib/python3.10/site-packages/cachy/contracts/__pycache__/repository.cpython-310.pyc
1750563381|Leonardo|M|/venv/lib/python3.10/site-packages/cachy/contracts/__pycache__/store.cpython-310.pyc
1750563381|Leonardo|M|/venv/lib/python3.10/site-packages/cachy/contracts/__pycache__/taggable_store.cpython-310.pyc
1750563381|Leonardo|M|/venv/lib/python3.10/site-packages/cachy/serializers/__pycache__/__init__.cpython-310.pyc
1750563381|Leonardo|M|/venv/lib/python3.10/site-packages/cachy/serializers/__pycache__/json_serializer.cpython-310.pyc
1750563381|Leonardo|M|/venv/lib/python3.10/site-packages/cachy/serializers/__pycache__/msgpack_serializer.cpython-310.pyc
1750563381|Leonardo|M|/venv/lib/python3.10/site-packages/cachy/serializers/__pycache__/pickle_serializer.cpython-310.pyc
1750563381|Leonardo|M|/venv/lib/python3.10/site-packages/cachy/serializers/__pycache__/serializer.cpython-310.pyc
1750563381|Leonardo|M|/venv/lib/python3.10/site-packages/cachy/stores/__pycache__/__init__.cpython-310.pyc
1750563381|Leonardo|M|/venv/lib/python3.10/site-packages/cachy/stores/__pycache__/dict_store.cpython-310.pyc
1750563381|Leonardo|M|/venv/lib/python3.10/site-packages/cachy/stores/__pycache__/file_store.cpython-310.pyc
1750563381|Leonardo|M|/venv/lib/python3.10/site-packages/cachy/stores/__pycache__/memcached_store.cpython-310.pyc
1750563381|Leonardo|M|/venv/lib/python3.10/site-packages/cachy/stores/__pycache__/null_store.cpython-310.pyc
1750563381|Leonardo|M|/venv/lib/python3.10/site-packages/cachy/stores/__pycache__/redis_store.cpython-310.pyc
1750563381|Leonardo|D|/venv/lib/python3.10/site-packages/certifi-2025.4.26.dist-info/INSTALLER
1750563381|Leonardo|D|/venv/lib/python3.10/site-packages/certifi-2025.4.26.dist-info/METADATA
1750563381|Leonardo|D|/venv/lib/python3.10/site-packages/certifi-2025.4.26.dist-info/RECORD
1750563381|Leonardo|D|/venv/lib/python3.10/site-packages/certifi-2025.4.26.dist-info/WHEEL
1750563381|Leonardo|D|/venv/lib/python3.10/site-packages/certifi-2025.4.26.dist-info/licenses/LICENSE
1750563381|Leonardo|D|/venv/lib/python3.10/site-packages/certifi-2025.4.26.dist-info/top_level.txt
1750563381|Leonardo|A|/venv/lib/python3.10/site-packages/certifi-2025.6.15.dist-info/INSTALLER
1750563381|Leonardo|A|/venv/lib/python3.10/site-packages/certifi-2025.6.15.dist-info/METADATA
1750563381|Leonardo|A|/venv/lib/python3.10/site-packages/certifi-2025.6.15.dist-info/RECORD
1750563381|Leonardo|A|/venv/lib/python3.10/site-packages/certifi-2025.6.15.dist-info/WHEEL
1750563381|Leonardo|A|/venv/lib/python3.10/site-packages/certifi-2025.6.15.dist-info/licenses/LICENSE
1750563381|Leonardo|A|/venv/lib/python3.10/site-packages/certifi-2025.6.15.dist-info/top_level.txt
1750563381|Leonardo|M|/venv/lib/python3.10/site-packages/certifi/__init__.py
1750563381|Leonardo|M|/venv/lib/python3.10/site-packages/certifi/__pycache__/__init__.cpython-310.pyc
1750563381|Leonardo|M|/venv/lib/python3.10/site-packages/certifi/__pycache__/__main__.cpython-310.pyc
1750563381|Leonardo|M|/venv/lib/python3.10/site-packages/certifi/__pycache__/core.cpython-310.pyc
1750563381|Leonardo|M|/venv/lib/python3.10/site-packages/certifi/cacert.pem
1750563381|Leonardo|M|/venv/lib/python3.10/site-packages/certifi/core.py
1750563381|Leonardo|M|/venv/lib/python3.10/site-packages/cffi/__pycache__/__init__.cpython-310.pyc
1750563381|Leonardo|M|/venv/lib/python3.10/site-packages/cffi/__pycache__/_imp_emulation.cpython-310.pyc
1750563381|Leonardo|M|/venv/lib/python3.10/site-packages/cffi/__pycache__/_shimmed_dist_utils.cpython-310.pyc
1750563381|Leonardo|M|/venv/lib/python3.10/site-packages/cffi/__pycache__/api.cpython-310.pyc
1750563381|Leonardo|M|/venv/lib/python3.10/site-packages/cffi/__pycache__/backend_ctypes.cpython-310.pyc
1750563381|Leonardo|M|/venv/lib/python3.10/site-packages/cffi/__pycache__/cffi_opcode.cpython-310.pyc
1750563381|Leonardo|M|/venv/lib/python3.10/site-packages/cffi/__pycache__/commontypes.cpython-310.pyc
1750563381|Leonardo|M|/venv/lib/python3.10/site-packages/cffi/__pycache__/cparser.cpython-310.pyc
1750563381|Leonardo|M|/venv/lib/python3.10/site-packages/cffi/__pycache__/error.cpython-310.pyc
1750563381|Leonardo|M|/venv/lib/python3.10/site-packages/cffi/__pycache__/ffiplatform.cpython-310.pyc
1750563381|Leonardo|M|/venv/lib/python3.10/site-packages/cffi/__pycache__/lock.cpython-310.pyc
1750563381|Leonardo|M|/venv/lib/python3.10/site-packages/cffi/__pycache__/model.cpython-310.pyc
1750563381|Leonardo|M|/venv/lib/python3.10/site-packages/cffi/__pycache__/pkgconfig.cpython-310.pyc
1750563381|Leonardo|M|/venv/lib/python3.10/site-packages/cffi/__pycache__/recompiler.cpython-310.pyc
1750563381|Leonardo|M|/venv/lib/python3.10/site-packages/cffi/__pycache__/setuptools_ext.cpython-310.pyc
1750563381|Leonardo|M|/venv/lib/python3.10/site-packages/cffi/__pycache__/vengine_cpy.cpython-310.pyc
1750563381|Leonardo|M|/venv/lib/python3.10/site-packages/cffi/__pycache__/vengine_gen.cpython-310.pyc
1750563381|Leonardo|M|/venv/lib/python3.10/site-packages/cffi/__pycache__/verifier.cpython-310.pyc
1750563381|Leonardo|M|/venv/lib/python3.10/site-packages/charset_normalizer-3.4.2.dist-info/RECORD
1750563381|Leonardo|M|/venv/lib/python3.10/site-packages/charset_normalizer/__pycache__/__init__.cpython-310.pyc
1750563381|Leonardo|M|/venv/lib/python3.10/site-packages/charset_normalizer/__pycache__/__main__.cpython-310.pyc
1750563381|Leonardo|M|/venv/lib/python3.10/site-packages/charset_normalizer/__pycache__/api.cpython-310.pyc
1750563381|Leonardo|M|/venv/lib/python3.10/site-packages/charset_normalizer/__pycache__/cd.cpython-310.pyc
1750563381|Leonardo|M|/venv/lib/python3.10/site-packages/charset_normalizer/__pycache__/constant.cpython-310.pyc
1750563381|Leonardo|M|/venv/lib/python3.10/site-packages/charset_normalizer/__pycache__/legacy.cpython-310.pyc
1750563381|Leonardo|M|/venv/lib/python3.10/site-packages/charset_normalizer/__pycache__/md.cpython-310.pyc
1750563381|Leonardo|M|/venv/lib/python3.10/site-packages/charset_normalizer/__pycache__/models.cpython-310.pyc
1750563381|Leonardo|M|/venv/lib/python3.10/site-packages/charset_normalizer/__pycache__/utils.cpython-310.pyc
1750563381|Leonardo|M|/venv/lib/python3.10/site-packages/charset_normalizer/__pycache__/version.cpython-310.pyc
1750563381|Leonardo|M|/venv/lib/python3.10/site-packages/charset_normalizer/cli/__pycache__/__init__.cpython-310.pyc
1750563381|Leonardo|M|/venv/lib/python3.10/site-packages/charset_normalizer/cli/__pycache__/__main__.cpython-310.pyc
1750563381|Leonardo|M|/venv/lib/python3.10/site-packages/cleo/__pycache__/__init__.cpython-310.pyc
1750563381|Leonardo|M|/venv/lib/python3.10/site-packages/cleo/__pycache__/_compat.cpython-310.pyc
1750563381|Leonardo|M|/venv/lib/python3.10/site-packages/cleo/__pycache__/application.cpython-310.pyc
1750563381|Leonardo|M|/venv/lib/python3.10/site-packages/cleo/__pycache__/helpers.cpython-310.pyc
1750563381|Leonardo|M|/venv/lib/python3.10/site-packages/cleo/__pycache__/parser.cpython-310.pyc
1750563381|Leonardo|M|/venv/lib/python3.10/site-packages/cleo/commands/__pycache__/__init__.cpython-310.pyc
1750563381|Leonardo|M|/venv/lib/python3.10/site-packages/cleo/commands/__pycache__/base_command.cpython-310.pyc
1750563381|Leonardo|M|/venv/lib/python3.10/site-packages/cleo/commands/__pycache__/command.cpython-310.pyc
1750563381|Leonardo|M|/venv/lib/python3.10/site-packages/cleo/commands/__pycache__/completions_command.cpython-310.pyc
1750563381|Leonardo|M|/venv/lib/python3.10/site-packages/cleo/commands/completions/__pycache__/__init__.cpython-310.pyc
1750563381|Leonardo|M|/venv/lib/python3.10/site-packages/cleo/commands/completions/__pycache__/templates.cpython-310.pyc
1750563381|Leonardo|M|/venv/lib/python3.10/site-packages/cleo/config/__pycache__/__init__.cpython-310.pyc
1750563381|Leonardo|M|/venv/lib/python3.10/site-packages/cleo/config/__pycache__/application_config.cpython-310.pyc
1750563381|Leonardo|M|/venv/lib/python3.10/site-packages/cleo/io/__pycache__/__init__.cpython-310.pyc
1750563381|Leonardo|M|/venv/lib/python3.10/site-packages/cleo/io/__pycache__/buffered_io.cpython-310.pyc
1750563381|Leonardo|M|/venv/lib/python3.10/site-packages/cleo/io/__pycache__/console_io.cpython-310.pyc
1750563381|Leonardo|M|/venv/lib/python3.10/site-packages/cleo/io/__pycache__/io_mixin.cpython-310.pyc
1750563381|Leonardo|M|/venv/lib/python3.10/site-packages/cleo/testers/__pycache__/__init__.cpython-310.pyc
1750563381|Leonardo|M|/venv/lib/python3.10/site-packages/cleo/testers/__pycache__/application_tester.cpython-310.pyc
1750563381|Leonardo|M|/venv/lib/python3.10/site-packages/cleo/testers/__pycache__/command_tester.cpython-310.pyc
1750563381|Leonardo|D|/venv/lib/python3.10/site-packages/click-8.2.0.dist-info/INSTALLER
1750563381|Leonardo|D|/venv/lib/python3.10/site-packages/click-8.2.0.dist-info/METADATA
1750563381|Leonardo|D|/venv/lib/python3.10/site-packages/click-8.2.0.dist-info/RECORD
1750563381|Leonardo|D|/venv/lib/python3.10/site-packages/click-8.2.0.dist-info/WHEEL
1750563381|Leonardo|D|/venv/lib/python3.10/site-packages/click-8.2.0.dist-info/licenses/LICENSE.txt
1750563381|Leonardo|A|/venv/lib/python3.10/site-packages/click-8.2.1.dist-info/INSTALLER
1750563381|Leonardo|A|/venv/lib/python3.10/site-packages/click-8.2.1.dist-info/METADATA
1750563381|Leonardo|A|/venv/lib/python3.10/site-packages/click-8.2.1.dist-info/RECORD
1750563381|Leonardo|A|/venv/lib/python3.10/site-packages/click-8.2.1.dist-info/WHEEL
1750563381|Leonardo|A|/venv/lib/python3.10/site-packages/click-8.2.1.dist-info/licenses/LICENSE.txt
1750563381|Leonardo|M|/venv/lib/python3.10/site-packages/click/__pycache__/__init__.cpython-310.pyc
1750563381|Leonardo|M|/venv/lib/python3.10/site-packages/click/__pycache__/_compat.cpython-310.pyc
1750563381|Leonardo|M|/venv/lib/python3.10/site-packages/click/__pycache__/_termui_impl.cpython-310.pyc
1750563381|Leonardo|M|/venv/lib/python3.10/site-packages/click/__pycache__/_textwrap.cpython-310.pyc
1750563381|Leonardo|M|/venv/lib/python3.10/site-packages/click/__pycache__/_winconsole.cpython-310.pyc
1750563381|Leonardo|M|/venv/lib/python3.10/site-packages/click/__pycache__/core.cpython-310.pyc
1750563381|Leonardo|M|/venv/lib/python3.10/site-packages/click/__pycache__/decorators.cpython-310.pyc
1750563381|Leonardo|M|/venv/lib/python3.10/site-packages/click/__pycache__/exceptions.cpython-310.pyc
1750563381|Leonardo|M|/venv/lib/python3.10/site-packages/click/__pycache__/formatting.cpython-310.pyc
1750563381|Leonardo|M|/venv/lib/python3.10/site-packages/click/__pycache__/globals.cpython-310.pyc
1750563381|Leonardo|M|/venv/lib/python3.10/site-packages/click/__pycache__/parser.cpython-310.pyc
1750563381|Leonardo|M|/venv/lib/python3.10/site-packages/click/__pycache__/shell_completion.cpython-310.pyc
1750563381|Leonardo|M|/venv/lib/python3.10/site-packages/click/__pycache__/termui.cpython-310.pyc
1750563381|Leonardo|M|/venv/lib/python3.10/site-packages/click/__pycache__/testing.cpython-310.pyc
1750563381|Leonardo|M|/venv/lib/python3.10/site-packages/click/__pycache__/types.cpython-310.pyc
1750563381|Leonardo|M|/venv/lib/python3.10/site-packages/click/__pycache__/utils.cpython-310.pyc
1750563381|Leonardo|M|/venv/lib/python3.10/site-packages/click/_winconsole.py
1750563381|Leonardo|M|/venv/lib/python3.10/site-packages/click/core.py
1750563381|Leonardo|M|/venv/lib/python3.10/site-packages/click/shell_completion.py
1750563381|Leonardo|M|/venv/lib/python3.10/site-packages/click/testing.py
1750563381|Leonardo|M|/venv/lib/python3.10/site-packages/clikit/__pycache__/__init__.cpython-310.pyc
1750563381|Leonardo|M|/venv/lib/python3.10/site-packages/clikit/__pycache__/console_application.cpython-310.pyc
1750563381|Leonardo|M|/venv/lib/python3.10/site-packages/clikit/adapter/__pycache__/__init__.cpython-310.pyc
1750563381|Leonardo|M|/venv/lib/python3.10/site-packages/clikit/adapter/__pycache__/style_converter.cpython-310.pyc
1750563381|Leonardo|M|/venv/lib/python3.10/site-packages/clikit/api/__pycache__/__init__.cpython-310.pyc
1750563381|Leonardo|M|/venv/lib/python3.10/site-packages/clikit/api/__pycache__/exceptions.cpython-310.pyc
1750563381|Leonardo|M|/venv/lib/python3.10/site-packages/clikit/api/application/__pycache__/__init__.cpython-310.pyc
1750563381|Leonardo|M|/venv/lib/python3.10/site-packages/clikit/api/application/__pycache__/application.cpython-310.pyc
1750563381|Leonardo|M|/venv/lib/python3.10/site-packages/clikit/api/args/__pycache__/__init__.cpython-310.pyc
1750563381|Leonardo|M|/venv/lib/python3.10/site-packages/clikit/api/args/__pycache__/args.cpython-310.pyc
1750563381|Leonardo|M|/venv/lib/python3.10/site-packages/clikit/api/args/__pycache__/args_parser.cpython-310.pyc
1750563381|Leonardo|M|/venv/lib/python3.10/site-packages/clikit/api/args/__pycache__/exceptions.cpython-310.pyc
1750563381|Leonardo|M|/venv/lib/python3.10/site-packages/clikit/api/args/__pycache__/raw_args.cpython-310.pyc
1750563381|Leonardo|M|/venv/lib/python3.10/site-packages/clikit/api/args/format/__pycache__/__init__.cpython-310.pyc
1750563381|Leonardo|M|/venv/lib/python3.10/site-packages/clikit/api/args/format/__pycache__/abstract_option.cpython-310.pyc
1750563381|Leonardo|M|/venv/lib/python3.10/site-packages/clikit/api/args/format/__pycache__/args_format.cpython-310.pyc
1750563381|Leonardo|M|/venv/lib/python3.10/site-packages/clikit/api/args/format/__pycache__/args_format_builder.cpython-310.pyc
1750563381|Leonardo|M|/venv/lib/python3.10/site-packages/clikit/api/args/format/__pycache__/argument.cpython-310.pyc
1750563381|Leonardo|M|/venv/lib/python3.10/site-packages/clikit/api/args/format/__pycache__/command_name.cpython-310.pyc
1750563381|Leonardo|M|/venv/lib/python3.10/site-packages/clikit/api/args/format/__pycache__/command_option.cpython-310.pyc
1750563381|Leonardo|M|/venv/lib/python3.10/site-packages/clikit/api/args/format/__pycache__/option.cpython-310.pyc
1750563381|Leonardo|M|/venv/lib/python3.10/site-packages/clikit/api/command/__pycache__/__init__.cpython-310.pyc
1750563381|Leonardo|M|/venv/lib/python3.10/site-packages/clikit/api/command/__pycache__/command.cpython-310.pyc
1750563381|Leonardo|M|/venv/lib/python3.10/site-packages/clikit/api/command/__pycache__/command_collection.cpython-310.pyc
1750563381|Leonardo|M|/venv/lib/python3.10/site-packages/clikit/api/command/__pycache__/exceptions.cpython-310.pyc
1750563381|Leonardo|M|/venv/lib/python3.10/site-packages/clikit/api/config/__pycache__/__init__.cpython-310.pyc
1750563381|Leonardo|M|/venv/lib/python3.10/site-packages/clikit/api/config/__pycache__/application_config.cpython-310.pyc
1750563381|Leonardo|M|/venv/lib/python3.10/site-packages/clikit/api/config/__pycache__/command_config.cpython-310.pyc
1750563381|Leonardo|M|/venv/lib/python3.10/site-packages/clikit/api/config/__pycache__/config.cpython-310.pyc
1750563381|Leonardo|M|/venv/lib/python3.10/site-packages/clikit/api/event/__pycache__/__init__.cpython-310.pyc
1750563381|Leonardo|M|/venv/lib/python3.10/site-packages/clikit/api/event/__pycache__/config_event.cpython-310.pyc
1750563381|Leonardo|M|/venv/lib/python3.10/site-packages/clikit/api/event/__pycache__/console_events.cpython-310.pyc
1750563381|Leonardo|M|/venv/lib/python3.10/site-packages/clikit/api/event/__pycache__/event.cpython-310.pyc
1750563381|Leonardo|M|/venv/lib/python3.10/site-packages/clikit/api/event/__pycache__/event_dispatcher.cpython-310.pyc
1750563381|Leonardo|M|/venv/lib/python3.10/site-packages/clikit/api/event/__pycache__/pre_handle_event.cpython-310.pyc
1750563381|Leonardo|M|/venv/lib/python3.10/site-packages/clikit/api/event/__pycache__/pre_resolve_event.cpython-310.pyc
1750563381|Leonardo|M|/venv/lib/python3.10/site-packages/clikit/api/formatter/__pycache__/__init__.cpython-310.pyc
1750563381|Leonardo|M|/venv/lib/python3.10/site-packages/clikit/api/formatter/__pycache__/formatter.cpython-310.pyc
1750563381|Leonardo|M|/venv/lib/python3.10/site-packages/clikit/api/formatter/__pycache__/style.cpython-310.pyc
1750563381|Leonardo|M|/venv/lib/python3.10/site-packages/clikit/api/formatter/__pycache__/style_set.cpython-310.pyc
1750563381|Leonardo|M|/venv/lib/python3.10/site-packages/clikit/api/io/__pycache__/__init__.cpython-310.pyc
1750563381|Leonardo|M|/venv/lib/python3.10/site-packages/clikit/api/io/__pycache__/flags.cpython-310.pyc
1750563381|Leonardo|M|/venv/lib/python3.10/site-packages/clikit/api/io/__pycache__/input.cpython-310.pyc
1750563381|Leonardo|M|/venv/lib/python3.10/site-packages/clikit/api/io/__pycache__/input_stream.cpython-310.pyc
1750563381|Leonardo|M|/venv/lib/python3.10/site-packages/clikit/api/io/__pycache__/io.cpython-310.pyc
1750563381|Leonardo|M|/venv/lib/python3.10/site-packages/clikit/api/io/__pycache__/io_exception.cpython-310.pyc
1750563381|Leonardo|M|/venv/lib/python3.10/site-packages/clikit/api/io/__pycache__/output.cpython-310.pyc
1750563381|Leonardo|M|/venv/lib/python3.10/site-packages/clikit/api/io/__pycache__/output_stream.cpython-310.pyc
1750563381|Leonardo|M|/venv/lib/python3.10/site-packages/clikit/api/io/__pycache__/section_output.cpython-310.pyc
1750563381|Leonardo|M|/venv/lib/python3.10/site-packages/clikit/api/resolver/__pycache__/__init__.cpython-310.pyc
1750563381|Leonardo|M|/venv/lib/python3.10/site-packages/clikit/api/resolver/__pycache__/command_resolver.cpython-310.pyc
1750563381|Leonardo|M|/venv/lib/python3.10/site-packages/clikit/api/resolver/__pycache__/exceptions.cpython-310.pyc
1750563381|Leonardo|M|/venv/lib/python3.10/site-packages/clikit/api/resolver/__pycache__/resolved_command.cpython-310.pyc
1750563381|Leonardo|M|/venv/lib/python3.10/site-packages/clikit/args/__pycache__/__init__.cpython-310.pyc
1750563381|Leonardo|M|/venv/lib/python3.10/site-packages/clikit/args/__pycache__/argv_args.cpython-310.pyc
1750563381|Leonardo|M|/venv/lib/python3.10/site-packages/clikit/args/__pycache__/default_args_parser.cpython-310.pyc
1750563381|Leonardo|M|/venv/lib/python3.10/site-packages/clikit/args/__pycache__/string_args.cpython-310.pyc
1750563381|Leonardo|M|/venv/lib/python3.10/site-packages/clikit/args/__pycache__/token_parser.cpython-310.pyc
1750563381|Leonardo|M|/venv/lib/python3.10/site-packages/clikit/args/inputs/__pycache__/__init__.cpython-310.pyc
1750563381|Leonardo|M|/venv/lib/python3.10/site-packages/clikit/config/__pycache__/__init__.cpython-310.pyc
1750563381|Leonardo|M|/venv/lib/python3.10/site-packages/clikit/config/__pycache__/default_application_config.cpython-310.pyc
1750563381|Leonardo|M|/venv/lib/python3.10/site-packages/clikit/formatter/__pycache__/__init__.cpython-310.pyc
1750563381|Leonardo|M|/venv/lib/python3.10/site-packages/clikit/formatter/__pycache__/ansi_formatter.cpython-310.pyc
1750563381|Leonardo|M|/venv/lib/python3.10/site-packages/clikit/formatter/__pycache__/default_style_set.cpython-310.pyc
1750563381|Leonardo|M|/venv/lib/python3.10/site-packages/clikit/formatter/__pycache__/null_formatter.cpython-310.pyc
1750563381|Leonardo|M|/venv/lib/python3.10/site-packages/clikit/formatter/__pycache__/plain_formatter.cpython-310.pyc
1750563381|Leonardo|M|/venv/lib/python3.10/site-packages/clikit/handler/__pycache__/__init__.cpython-310.pyc
1750563381|Leonardo|M|/venv/lib/python3.10/site-packages/clikit/handler/__pycache__/callback_handler.cpython-310.pyc
1750563381|Leonardo|M|/venv/lib/python3.10/site-packages/clikit/handler/help/__pycache__/__init__.cpython-310.pyc
1750563381|Leonardo|M|/venv/lib/python3.10/site-packages/clikit/handler/help/__pycache__/help_handler.cpython-310.pyc
1750563381|Leonardo|M|/venv/lib/python3.10/site-packages/clikit/handler/help/__pycache__/help_text_handler.cpython-310.pyc
1750563381|Leonardo|M|/venv/lib/python3.10/site-packages/clikit/io/__pycache__/__init__.cpython-310.pyc
1750563381|Leonardo|M|/venv/lib/python3.10/site-packages/clikit/io/__pycache__/buffered_io.cpython-310.pyc
1750563381|Leonardo|M|/venv/lib/python3.10/site-packages/clikit/io/__pycache__/console_io.cpython-310.pyc
1750563381|Leonardo|M|/venv/lib/python3.10/site-packages/clikit/io/__pycache__/null_io.cpython-310.pyc
1750563381|Leonardo|M|/venv/lib/python3.10/site-packages/clikit/io/input_stream/__pycache__/__init__.cpython-310.pyc
1750563381|Leonardo|M|/venv/lib/python3.10/site-packages/clikit/io/input_stream/__pycache__/null_input_stream.cpython-310.pyc
1750563381|Leonardo|M|/venv/lib/python3.10/site-packages/clikit/io/input_stream/__pycache__/standard_input_stream.cpython-310.pyc
1750563381|Leonardo|M|/venv/lib/python3.10/site-packages/clikit/io/input_stream/__pycache__/stream_input_stream.cpython-310.pyc
1750563381|Leonardo|M|/venv/lib/python3.10/site-packages/clikit/io/input_stream/__pycache__/string_input_stream.cpython-310.pyc
1750563381|Leonardo|M|/venv/lib/python3.10/site-packages/clikit/io/output_stream/__pycache__/__init__.cpython-310.pyc
1750563381|Leonardo|M|/venv/lib/python3.10/site-packages/clikit/io/output_stream/__pycache__/buffered_output_stream.cpython-310.pyc
1750563381|Leonardo|M|/venv/lib/python3.10/site-packages/clikit/io/output_stream/__pycache__/error_output_stream.cpython-310.pyc
1750563381|Leonardo|M|/venv/lib/python3.10/site-packages/clikit/io/output_stream/__pycache__/null_output_stream.cpython-310.pyc
1750563381|Leonardo|M|/venv/lib/python3.10/site-packages/clikit/io/output_stream/__pycache__/standard_output_stream.cpython-310.pyc
1750563381|Leonardo|M|/venv/lib/python3.10/site-packages/clikit/io/output_stream/__pycache__/stream_output_stream.cpython-310.pyc
1750563381|Leonardo|M|/venv/lib/python3.10/site-packages/clikit/resolver/__pycache__/__init__.cpython-310.pyc
1750563381|Leonardo|M|/venv/lib/python3.10/site-packages/clikit/resolver/__pycache__/default_resolver.cpython-310.pyc
1750563381|Leonardo|M|/venv/lib/python3.10/site-packages/clikit/resolver/__pycache__/help_resolver.cpython-310.pyc
1750563381|Leonardo|M|/venv/lib/python3.10/site-packages/clikit/resolver/__pycache__/resolve_result.cpython-310.pyc
1750563381|Leonardo|M|/venv/lib/python3.10/site-packages/clikit/ui/__pycache__/__init__.cpython-310.pyc
1750563381|Leonardo|M|/venv/lib/python3.10/site-packages/clikit/ui/__pycache__/component.cpython-310.pyc
1750563381|Leonardo|M|/venv/lib/python3.10/site-packages/clikit/ui/__pycache__/rectangle.cpython-310.pyc
1750563381|Leonardo|M|/venv/lib/python3.10/site-packages/clikit/ui/alignment/__pycache__/__init__.cpython-310.pyc
1750563381|Leonardo|M|/venv/lib/python3.10/site-packages/clikit/ui/alignment/__pycache__/label_alignment.cpython-310.pyc
1750563381|Leonardo|M|/venv/lib/python3.10/site-packages/clikit/ui/components/__pycache__/__init__.cpython-310.pyc
1750563381|Leonardo|M|/venv/lib/python3.10/site-packages/clikit/ui/components/__pycache__/border_util.cpython-310.pyc
1750563381|Leonardo|M|/venv/lib/python3.10/site-packages/clikit/ui/components/__pycache__/cell_wrapper.cpython-310.pyc
1750563381|Leonardo|M|/venv/lib/python3.10/site-packages/clikit/ui/components/__pycache__/choice_question.cpython-310.pyc
1750563381|Leonardo|M|/venv/lib/python3.10/site-packages/clikit/ui/components/__pycache__/confirmation_question.cpython-310.pyc
1750563381|Leonardo|M|/venv/lib/python3.10/site-packages/clikit/ui/components/__pycache__/empty_line.cpython-310.pyc
1750563381|Leonardo|M|/venv/lib/python3.10/site-packages/clikit/ui/components/__pycache__/exception_trace.cpython-310.pyc
1750563381|Leonardo|M|/venv/lib/python3.10/site-packages/clikit/ui/components/__pycache__/labeled_paragraph.cpython-310.pyc
1750563381|Leonardo|M|/venv/lib/python3.10/site-packages/clikit/ui/components/__pycache__/name_version.cpython-310.pyc
1750563381|Leonardo|M|/venv/lib/python3.10/site-packages/clikit/ui/components/__pycache__/paragraph.cpython-310.pyc
1750563381|Leonardo|M|/venv/lib/python3.10/site-packages/clikit/ui/components/__pycache__/progress_bar.cpython-310.pyc
1750563381|Leonardo|M|/venv/lib/python3.10/site-packages/clikit/ui/components/__pycache__/progress_indicator.cpython-310.pyc
1750563381|Leonardo|M|/venv/lib/python3.10/site-packages/clikit/ui/components/__pycache__/question.cpython-310.pyc
1750563381|Leonardo|M|/venv/lib/python3.10/site-packages/clikit/ui/components/__pycache__/table.cpython-310.pyc
1750563381|Leonardo|M|/venv/lib/python3.10/site-packages/clikit/ui/help/__pycache__/__init__.cpython-310.pyc
1750563381|Leonardo|M|/venv/lib/python3.10/site-packages/clikit/ui/help/__pycache__/abstract_help.cpython-310.pyc
1750563381|Leonardo|M|/venv/lib/python3.10/site-packages/clikit/ui/help/__pycache__/application_help.cpython-310.pyc
1750563381|Leonardo|M|/venv/lib/python3.10/site-packages/clikit/ui/help/__pycache__/command_help.cpython-310.pyc
1750563381|Leonardo|M|/venv/lib/python3.10/site-packages/clikit/ui/layout/__pycache__/__init__.cpython-310.pyc
1750563381|Leonardo|M|/venv/lib/python3.10/site-packages/clikit/ui/layout/__pycache__/block_layout.cpython-310.pyc
1750563381|Leonardo|M|/venv/lib/python3.10/site-packages/clikit/ui/style/__pycache__/__init__.cpython-310.pyc
1750563381|Leonardo|M|/venv/lib/python3.10/site-packages/clikit/ui/style/__pycache__/alignment.cpython-310.pyc
1750563381|Leonardo|M|/venv/lib/python3.10/site-packages/clikit/ui/style/__pycache__/border_style.cpython-310.pyc
1750563381|Leonardo|M|/venv/lib/python3.10/site-packages/clikit/ui/style/__pycache__/table_style.cpython-310.pyc
1750563381|Leonardo|M|/venv/lib/python3.10/site-packages/clikit/utils/__pycache__/__init__.cpython-310.pyc
1750563381|Leonardo|M|/venv/lib/python3.10/site-packages/clikit/utils/__pycache__/_compat.cpython-310.pyc
1750563381|Leonardo|M|/venv/lib/python3.10/site-packages/clikit/utils/__pycache__/command.cpython-310.pyc
1750563381|Leonardo|M|/venv/lib/python3.10/site-packages/clikit/utils/__pycache__/string.cpython-310.pyc
1750563381|Leonardo|M|/venv/lib/python3.10/site-packages/clikit/utils/__pycache__/terminal.cpython-310.pyc
1750563381|Leonardo|M|/venv/lib/python3.10/site-packages/clikit/utils/__pycache__/time.cpython-310.pyc
1750563381|Leonardo|M|/venv/lib/python3.10/site-packages/crashtest/__pycache__/__init__.cpython-310.pyc
1750563381|Leonardo|M|/venv/lib/python3.10/site-packages/crashtest/__pycache__/frame.cpython-310.pyc
1750563381|Leonardo|M|/venv/lib/python3.10/site-packages/crashtest/__pycache__/frame_collection.cpython-310.pyc
1750563381|Leonardo|M|/venv/lib/python3.10/site-packages/crashtest/__pycache__/inspector.cpython-310.pyc
1750563381|Leonardo|M|/venv/lib/python3.10/site-packages/crashtest/contracts/__pycache__/__init__.cpython-310.pyc
1750563381|Leonardo|M|/venv/lib/python3.10/site-packages/crashtest/contracts/__pycache__/base_solution.cpython-310.pyc
1750563381|Leonardo|M|/venv/lib/python3.10/site-packages/crashtest/contracts/__pycache__/has_solutions_for_exception.cpython-310.pyc
1750563381|Leonardo|M|/venv/lib/python3.10/site-packages/crashtest/contracts/__pycache__/provides_solution.cpython-310.pyc
1750563381|Leonardo|M|/venv/lib/python3.10/site-packages/crashtest/contracts/__pycache__/solution.cpython-310.pyc
1750563381|Leonardo|M|/venv/lib/python3.10/site-packages/crashtest/contracts/__pycache__/solution_provider_repository.cpython-310.pyc
1750563381|Leonardo|M|/venv/lib/python3.10/site-packages/crashtest/solution_providers/__pycache__/__init__.cpython-310.pyc
1750563381|Leonardo|M|/venv/lib/python3.10/site-packages/crashtest/solution_providers/__pycache__/solution_provider_repository.cpython-310.pyc
1750563381|Leonardo|D|/venv/lib/python3.10/site-packages/cryptography-45.0.3.dist-info/INSTALLER
1750563381|Leonardo|D|/venv/lib/python3.10/site-packages/cryptography-45.0.3.dist-info/METADATA
1750563381|Leonardo|D|/venv/lib/python3.10/site-packages/cryptography-45.0.3.dist-info/RECORD
1750563381|Leonardo|D|/venv/lib/python3.10/site-packages/cryptography-45.0.3.dist-info/WHEEL
1750563381|Leonardo|D|/venv/lib/python3.10/site-packages/cryptography-45.0.3.dist-info/licenses/LICENSE
1750563381|Leonardo|D|/venv/lib/python3.10/site-packages/cryptography-45.0.3.dist-info/licenses/LICENSE.APACHE
1750563381|Leonardo|D|/venv/lib/python3.10/site-packages/cryptography-45.0.3.dist-info/licenses/LICENSE.BSD
1750563381|Leonardo|A|/venv/lib/python3.10/site-packages/cryptography-45.0.4.dist-info/INSTALLER
1750563381|Leonardo|A|/venv/lib/python3.10/site-packages/cryptography-45.0.4.dist-info/METADATA
1750563381|Leonardo|A|/venv/lib/python3.10/site-packages/cryptography-45.0.4.dist-info/RECORD
1750563381|Leonardo|A|/venv/lib/python3.10/site-packages/cryptography-45.0.4.dist-info/WHEEL
1750563381|Leonardo|A|/venv/lib/python3.10/site-packages/cryptography-45.0.4.dist-info/licenses/LICENSE
1750563381|Leonardo|A|/venv/lib/python3.10/site-packages/cryptography-45.0.4.dist-info/licenses/LICENSE.APACHE
1750563381|Leonardo|A|/venv/lib/python3.10/site-packages/cryptography-45.0.4.dist-info/licenses/LICENSE.BSD
1750563381|Leonardo|M|/venv/lib/python3.10/site-packages/cryptography/__about__.py
1750563381|Leonardo|M|/venv/lib/python3.10/site-packages/cryptography/__pycache__/__about__.cpython-310.pyc
1750563381|Leonardo|M|/venv/lib/python3.10/site-packages/cryptography/__pycache__/__init__.cpython-310.pyc
1750563381|Leonardo|M|/venv/lib/python3.10/site-packages/cryptography/__pycache__/exceptions.cpython-310.pyc
1750563381|Leonardo|M|/venv/lib/python3.10/site-packages/cryptography/__pycache__/fernet.cpython-310.pyc
1750563381|Leonardo|M|/venv/lib/python3.10/site-packages/cryptography/__pycache__/utils.cpython-310.pyc
1750563381|Leonardo|M|/venv/lib/python3.10/site-packages/cryptography/hazmat/__pycache__/__init__.cpython-310.pyc
1750563381|Leonardo|M|/venv/lib/python3.10/site-packages/cryptography/hazmat/__pycache__/_oid.cpython-310.pyc
1750563381|Leonardo|M|/venv/lib/python3.10/site-packages/cryptography/hazmat/backends/__pycache__/__init__.cpython-310.pyc
1750563381|Leonardo|M|/venv/lib/python3.10/site-packages/cryptography/hazmat/backends/openssl/__pycache__/__init__.cpython-310.pyc
1750563381|Leonardo|M|/venv/lib/python3.10/site-packages/cryptography/hazmat/backends/openssl/__pycache__/backend.cpython-310.pyc
1750563381|Leonardo|M|/venv/lib/python3.10/site-packages/cryptography/hazmat/bindings/__pycache__/__init__.cpython-310.pyc
1750563381|Leonardo|M|/venv/lib/python3.10/site-packages/cryptography/hazmat/bindings/_rust.abi3.so
1750563381|Leonardo|M|/venv/lib/python3.10/site-packages/cryptography/hazmat/bindings/openssl/__pycache__/__init__.cpython-310.pyc
1750563381|Leonardo|M|/venv/lib/python3.10/site-packages/cryptography/hazmat/bindings/openssl/__pycache__/_conditional.cpython-310.pyc
1750563381|Leonardo|M|/venv/lib/python3.10/site-packages/cryptography/hazmat/bindings/openssl/__pycache__/binding.cpython-310.pyc
1750563381|Leonardo|M|/venv/lib/python3.10/site-packages/cryptography/hazmat/decrepit/__pycache__/__init__.cpython-310.pyc
1750563381|Leonardo|M|/venv/lib/python3.10/site-packages/cryptography/hazmat/decrepit/ciphers/__pycache__/__init__.cpython-310.pyc
1750563381|Leonardo|M|/venv/lib/python3.10/site-packages/cryptography/hazmat/decrepit/ciphers/__pycache__/algorithms.cpython-310.pyc
1750563381|Leonardo|M|/venv/lib/python3.10/site-packages/cryptography/hazmat/primitives/__pycache__/__init__.cpython-310.pyc
1750563381|Leonardo|M|/venv/lib/python3.10/site-packages/cryptography/hazmat/primitives/__pycache__/_asymmetric.cpython-310.pyc
1750563381|Leonardo|M|/venv/lib/python3.10/site-packages/cryptography/hazmat/primitives/__pycache__/_cipheralgorithm.cpython-310.pyc
1750563381|Leonardo|M|/venv/lib/python3.10/site-packages/cryptography/hazmat/primitives/__pycache__/_serialization.cpython-310.pyc
1750563381|Leonardo|M|/venv/lib/python3.10/site-packages/cryptography/hazmat/primitives/__pycache__/cmac.cpython-310.pyc
1750563381|Leonardo|M|/venv/lib/python3.10/site-packages/cryptography/hazmat/primitives/__pycache__/constant_time.cpython-310.pyc
1750563381|Leonardo|M|/venv/lib/python3.10/site-packages/cryptography/hazmat/primitives/__pycache__/hashes.cpython-310.pyc
1750563381|Leonardo|M|/venv/lib/python3.10/site-packages/cryptography/hazmat/primitives/__pycache__/hmac.cpython-310.pyc
1750563381|Leonardo|M|/venv/lib/python3.10/site-packages/cryptography/hazmat/primitives/__pycache__/keywrap.cpython-310.pyc
1750563381|Leonardo|M|/venv/lib/python3.10/site-packages/cryptography/hazmat/primitives/__pycache__/padding.cpython-310.pyc
1750563381|Leonardo|M|/venv/lib/python3.10/site-packages/cryptography/hazmat/primitives/__pycache__/poly1305.cpython-310.pyc
1750563381|Leonardo|M|/venv/lib/python3.10/site-packages/cryptography/hazmat/primitives/asymmetric/__pycache__/__init__.cpython-310.pyc
1750563381|Leonardo|M|/venv/lib/python3.10/site-packages/cryptography/hazmat/primitives/asymmetric/__pycache__/dh.cpython-310.pyc
1750563381|Leonardo|M|/venv/lib/python3.10/site-packages/cryptography/hazmat/primitives/asymmetric/__pycache__/dsa.cpython-310.pyc
1750563381|Leonardo|M|/venv/lib/python3.10/site-packages/cryptography/hazmat/primitives/asymmetric/__pycache__/ec.cpython-310.pyc
1750563381|Leonardo|M|/venv/lib/python3.10/site-packages/cryptography/hazmat/primitives/asymmetric/__pycache__/ed25519.cpython-310.pyc
1750563381|Leonardo|M|/venv/lib/python3.10/site-packages/cryptography/hazmat/primitives/asymmetric/__pycache__/ed448.cpython-310.pyc
1750563381|Leonardo|M|/venv/lib/python3.10/site-packages/cryptography/hazmat/primitives/asymmetric/__pycache__/padding.cpython-310.pyc
1750563381|Leonardo|M|/venv/lib/python3.10/site-packages/cryptography/hazmat/primitives/asymmetric/__pycache__/rsa.cpython-310.pyc
1750563381|Leonardo|M|/venv/lib/python3.10/site-packages/cryptography/hazmat/primitives/asymmetric/__pycache__/types.cpython-310.pyc
1750563381|Leonardo|M|/venv/lib/python3.10/site-packages/cryptography/hazmat/primitives/asymmetric/__pycache__/utils.cpython-310.pyc
1750563381|Leonardo|M|/venv/lib/python3.10/site-packages/cryptography/hazmat/primitives/asymmetric/__pycache__/x25519.cpython-310.pyc
1750563381|Leonardo|M|/venv/lib/python3.10/site-packages/cryptography/hazmat/primitives/asymmetric/__pycache__/x448.cpython-310.pyc
1750563381|Leonardo|M|/venv/lib/python3.10/site-packages/cryptography/hazmat/primitives/ciphers/__pycache__/__init__.cpython-310.pyc
1750563381|Leonardo|M|/venv/lib/python3.10/site-packages/cryptography/hazmat/primitives/ciphers/__pycache__/aead.cpython-310.pyc
1750563381|Leonardo|M|/venv/lib/python3.10/site-packages/cryptography/hazmat/primitives/ciphers/__pycache__/algorithms.cpython-310.pyc
1750563381|Leonardo|M|/venv/lib/python3.10/site-packages/cryptography/hazmat/primitives/ciphers/__pycache__/base.cpython-310.pyc
1750563381|Leonardo|M|/venv/lib/python3.10/site-packages/cryptography/hazmat/primitives/ciphers/__pycache__/modes.cpython-310.pyc
1750563381|Leonardo|M|/venv/lib/python3.10/site-packages/cryptography/hazmat/primitives/kdf/__pycache__/__init__.cpython-310.pyc
1750563381|Leonardo|M|/venv/lib/python3.10/site-packages/cryptography/hazmat/primitives/kdf/__pycache__/argon2.cpython-310.pyc
1750563381|Leonardo|M|/venv/lib/python3.10/site-packages/cryptography/hazmat/primitives/kdf/__pycache__/concatkdf.cpython-310.pyc
1750563381|Leonardo|M|/venv/lib/python3.10/site-packages/cryptography/hazmat/primitives/kdf/__pycache__/hkdf.cpython-310.pyc
1750563381|Leonardo|M|/venv/lib/python3.10/site-packages/cryptography/hazmat/primitives/kdf/__pycache__/kbkdf.cpython-310.pyc
1750563381|Leonardo|M|/venv/lib/python3.10/site-packages/cryptography/hazmat/primitives/kdf/__pycache__/pbkdf2.cpython-310.pyc
1750563381|Leonardo|M|/venv/lib/python3.10/site-packages/cryptography/hazmat/primitives/kdf/__pycache__/scrypt.cpython-310.pyc
1750563381|Leonardo|M|/venv/lib/python3.10/site-packages/cryptography/hazmat/primitives/kdf/__pycache__/x963kdf.cpython-310.pyc
1750563381|Leonardo|M|/venv/lib/python3.10/site-packages/cryptography/hazmat/primitives/serialization/__pycache__/__init__.cpython-310.pyc
1750563381|Leonardo|M|/venv/lib/python3.10/site-packages/cryptography/hazmat/primitives/serialization/__pycache__/base.cpython-310.pyc
1750563381|Leonardo|M|/venv/lib/python3.10/site-packages/cryptography/hazmat/primitives/serialization/__pycache__/pkcs12.cpython-310.pyc
1750563381|Leonardo|M|/venv/lib/python3.10/site-packages/cryptography/hazmat/primitives/serialization/__pycache__/pkcs7.cpython-310.pyc
1750563381|Leonardo|M|/venv/lib/python3.10/site-packages/cryptography/hazmat/primitives/serialization/__pycache__/ssh.cpython-310.pyc
1750563381|Leonardo|M|/venv/lib/python3.10/site-packages/cryptography/hazmat/primitives/twofactor/__pycache__/__init__.cpython-310.pyc
1750563381|Leonardo|M|/venv/lib/python3.10/site-packages/cryptography/hazmat/primitives/twofactor/__pycache__/hotp.cpython-310.pyc
1750563381|Leonardo|M|/venv/lib/python3.10/site-packages/cryptography/hazmat/primitives/twofactor/__pycache__/totp.cpython-310.pyc
1750563381|Leonardo|M|/venv/lib/python3.10/site-packages/cryptography/x509/__pycache__/__init__.cpython-310.pyc
1750563381|Leonardo|M|/venv/lib/python3.10/site-packages/cryptography/x509/__pycache__/base.cpython-310.pyc
1750563381|Leonardo|M|/venv/lib/python3.10/site-packages/cryptography/x509/__pycache__/certificate_transparency.cpython-310.pyc
1750563381|Leonardo|M|/venv/lib/python3.10/site-packages/cryptography/x509/__pycache__/extensions.cpython-310.pyc
1750563381|Leonardo|M|/venv/lib/python3.10/site-packages/cryptography/x509/__pycache__/general_name.cpython-310.pyc
1750563381|Leonardo|M|/venv/lib/python3.10/site-packages/cryptography/x509/__pycache__/name.cpython-310.pyc
1750563381|Leonardo|M|/venv/lib/python3.10/site-packages/cryptography/x509/__pycache__/ocsp.cpython-310.pyc
1750563381|Leonardo|M|/venv/lib/python3.10/site-packages/cryptography/x509/__pycache__/oid.cpython-310.pyc
1750563381|Leonardo|M|/venv/lib/python3.10/site-packages/cryptography/x509/__pycache__/verification.cpython-310.pyc
1750563381|Leonardo|M|/venv/lib/python3.10/site-packages/distlib/__pycache__/__init__.cpython-310.pyc
1750563381|Leonardo|M|/venv/lib/python3.10/site-packages/distlib/__pycache__/compat.cpython-310.pyc
1750563381|Leonardo|M|/venv/lib/python3.10/site-packages/distlib/__pycache__/database.cpython-310.pyc
1750563381|Leonardo|M|/venv/lib/python3.10/site-packages/distlib/__pycache__/index.cpython-310.pyc
1750563381|Leonardo|M|/venv/lib/python3.10/site-packages/distlib/__pycache__/locators.cpython-310.pyc
1750563381|Leonardo|M|/venv/lib/python3.10/site-packages/distlib/__pycache__/manifest.cpython-310.pyc
1750563381|Leonardo|M|/venv/lib/python3.10/site-packages/distlib/__pycache__/markers.cpython-310.pyc
1750563381|Leonardo|M|/venv/lib/python3.10/site-packages/distlib/__pycache__/metadata.cpython-310.pyc
1750563381|Leonardo|M|/venv/lib/python3.10/site-packages/distlib/__pycache__/resources.cpython-310.pyc
1750563381|Leonardo|M|/venv/lib/python3.10/site-packages/distlib/__pycache__/scripts.cpython-310.pyc
1750563381|Leonardo|M|/venv/lib/python3.10/site-packages/distlib/__pycache__/util.cpython-310.pyc
1750563381|Leonardo|M|/venv/lib/python3.10/site-packages/distlib/__pycache__/version.cpython-310.pyc
1750563381|Leonardo|M|/venv/lib/python3.10/site-packages/distlib/__pycache__/wheel.cpython-310.pyc
1750563381|Leonardo|M|/venv/lib/python3.10/site-packages/dotenv/__pycache__/__init__.cpython-310.pyc
1750563381|Leonardo|M|/venv/lib/python3.10/site-packages/dotenv/__pycache__/__main__.cpython-310.pyc
1750563381|Leonardo|M|/venv/lib/python3.10/site-packages/dotenv/__pycache__/cli.cpython-310.pyc
1750563381|Leonardo|M|/venv/lib/python3.10/site-packages/dotenv/__pycache__/ipython.cpython-310.pyc
1750563381|Leonardo|M|/venv/lib/python3.10/site-packages/dotenv/__pycache__/main.cpython-310.pyc
1750563381|Leonardo|M|/venv/lib/python3.10/site-packages/dotenv/__pycache__/parser.cpython-310.pyc
1750563381|Leonardo|M|/venv/lib/python3.10/site-packages/dotenv/__pycache__/variables.cpython-310.pyc
1750563381|Leonardo|M|/venv/lib/python3.10/site-packages/dotenv/__pycache__/version.cpython-310.pyc
1750563381|Leonardo|M|/venv/lib/python3.10/site-packages/filelock/__pycache__/__init__.cpython-310.pyc
1750563381|Leonardo|M|/venv/lib/python3.10/site-packages/filelock/__pycache__/_api.cpython-310.pyc
1750563381|Leonardo|M|/venv/lib/python3.10/site-packages/filelock/__pycache__/_error.cpython-310.pyc
1750563381|Leonardo|M|/venv/lib/python3.10/site-packages/filelock/__pycache__/_soft.cpython-310.pyc
1750563381|Leonardo|M|/venv/lib/python3.10/site-packages/filelock/__pycache__/_unix.cpython-310.pyc
1750563381|Leonardo|M|/venv/lib/python3.10/site-packages/filelock/__pycache__/_util.cpython-310.pyc
1750563381|Leonardo|M|/venv/lib/python3.10/site-packages/filelock/__pycache__/_windows.cpython-310.pyc
1750563381|Leonardo|M|/venv/lib/python3.10/site-packages/filelock/__pycache__/asyncio.cpython-310.pyc
1750563381|Leonardo|M|/venv/lib/python3.10/site-packages/filelock/__pycache__/version.cpython-310.pyc
1750563381|Leonardo|M|/venv/lib/python3.10/site-packages/flask-3.1.1.dist-info/RECORD
1750563381|Leonardo|M|/venv/lib/python3.10/site-packages/flask/__pycache__/__init__.cpython-310.pyc
1750563381|Leonardo|M|/venv/lib/python3.10/site-packages/flask/__pycache__/__main__.cpython-310.pyc
1750563381|Leonardo|M|/venv/lib/python3.10/site-packages/flask/__pycache__/app.cpython-310.pyc
1750563381|Leonardo|M|/venv/lib/python3.10/site-packages/flask/__pycache__/blueprints.cpython-310.pyc
1750563381|Leonardo|M|/venv/lib/python3.10/site-packages/flask/__pycache__/cli.cpython-310.pyc
1750563381|Leonardo|M|/venv/lib/python3.10/site-packages/flask/__pycache__/config.cpython-310.pyc
1750563381|Leonardo|M|/venv/lib/python3.10/site-packages/flask/__pycache__/ctx.cpython-310.pyc
1750563381|Leonardo|M|/venv/lib/python3.10/site-packages/flask/__pycache__/debughelpers.cpython-310.pyc
1750563381|Leonardo|M|/venv/lib/python3.10/site-packages/flask/__pycache__/globals.cpython-310.pyc
1750563381|Leonardo|M|/venv/lib/python3.10/site-packages/flask/__pycache__/helpers.cpython-310.pyc
1750563381|Leonardo|M|/venv/lib/python3.10/site-packages/flask/__pycache__/logging.cpython-310.pyc
1750563381|Leonardo|M|/venv/lib/python3.10/site-packages/flask/__pycache__/sessions.cpython-310.pyc
1750563381|Leonardo|M|/venv/lib/python3.10/site-packages/flask/__pycache__/signals.cpython-310.pyc
1750563381|Leonardo|M|/venv/lib/python3.10/site-packages/flask/__pycache__/templating.cpython-310.pyc
1750563381|Leonardo|M|/venv/lib/python3.10/site-packages/flask/__pycache__/testing.cpython-310.pyc
1750563381|Leonardo|M|/venv/lib/python3.10/site-packages/flask/__pycache__/typing.cpython-310.pyc
1750563381|Leonardo|M|/venv/lib/python3.10/site-packages/flask/__pycache__/views.cpython-310.pyc
1750563381|Leonardo|M|/venv/lib/python3.10/site-packages/flask/__pycache__/wrappers.cpython-310.pyc
1750563381|Leonardo|M|/venv/lib/python3.10/site-packages/flask/json/__pycache__/__init__.cpython-310.pyc
1750563381|Leonardo|M|/venv/lib/python3.10/site-packages/flask/json/__pycache__/provider.cpython-310.pyc
1750563381|Leonardo|M|/venv/lib/python3.10/site-packages/flask/json/__pycache__/tag.cpython-310.pyc
1750563381|Leonardo|M|/venv/lib/python3.10/site-packages/flask/sansio/__pycache__/app.cpython-310.pyc
1750563381|Leonardo|M|/venv/lib/python3.10/site-packages/flask/sansio/__pycache__/blueprints.cpython-310.pyc
1750563381|Leonardo|M|/venv/lib/python3.10/site-packages/flask/sansio/__pycache__/scaffold.cpython-310.pyc
1750563381|Leonardo|M|/venv/lib/python3.10/site-packages/flask_mail/__pycache__/__init__.cpython-310.pyc
1750563381|Leonardo|M|/venv/lib/python3.10/site-packages/flask_sqlalchemy/__pycache__/__init__.cpython-310.pyc
1750563381|Leonardo|M|/venv/lib/python3.10/site-packages/flask_sqlalchemy/__pycache__/cli.cpython-310.pyc
1750563381|Leonardo|M|/venv/lib/python3.10/site-packages/flask_sqlalchemy/__pycache__/extension.cpython-310.pyc
1750563381|Leonardo|M|/venv/lib/python3.10/site-packages/flask_sqlalchemy/__pycache__/model.cpython-310.pyc
1750563381|Leonardo|M|/venv/lib/python3.10/site-packages/flask_sqlalchemy/__pycache__/pagination.cpython-310.pyc
1750563381|Leonardo|M|/venv/lib/python3.10/site-packages/flask_sqlalchemy/__pycache__/query.cpython-310.pyc
1750563381|Leonardo|M|/venv/lib/python3.10/site-packages/flask_sqlalchemy/__pycache__/record_queries.cpython-310.pyc
1750563381|Leonardo|M|/venv/lib/python3.10/site-packages/flask_sqlalchemy/__pycache__/session.cpython-310.pyc
1750563381|Leonardo|M|/venv/lib/python3.10/site-packages/flask_sqlalchemy/__pycache__/table.cpython-310.pyc
1750563381|Leonardo|M|/venv/lib/python3.10/site-packages/flask_sqlalchemy/__pycache__/track_modifications.cpython-310.pyc
1750563381|Leonardo|M|/venv/lib/python3.10/site-packages/google/protobuf/__pycache__/__init__.cpython-310.pyc
1750563381|Leonardo|M|/venv/lib/python3.10/site-packages/google/protobuf/__pycache__/any_pb2.cpython-310.pyc
1750563381|Leonardo|M|/venv/lib/python3.10/site-packages/google/protobuf/__pycache__/any_test_pb2.cpython-310.pyc
1750563381|Leonardo|M|/venv/lib/python3.10/site-packages/google/protobuf/__pycache__/api_pb2.cpython-310.pyc
1750563381|Leonardo|M|/venv/lib/python3.10/site-packages/google/protobuf/__pycache__/descriptor.cpython-310.pyc
1750563381|Leonardo|M|/venv/lib/python3.10/site-packages/google/protobuf/__pycache__/descriptor_database.cpython-310.pyc
1750563381|Leonardo|M|/venv/lib/python3.10/site-packages/google/protobuf/__pycache__/descriptor_pb2.cpython-310.pyc
1750563381|Leonardo|M|/venv/lib/python3.10/site-packages/google/protobuf/__pycache__/descriptor_pool.cpython-310.pyc
1750563381|Leonardo|M|/venv/lib/python3.10/site-packages/google/protobuf/__pycache__/duration_pb2.cpython-310.pyc
1750563381|Leonardo|M|/venv/lib/python3.10/site-packages/google/protobuf/__pycache__/empty_pb2.cpython-310.pyc
1750563381|Leonardo|M|/venv/lib/python3.10/site-packages/google/protobuf/__pycache__/field_mask_pb2.cpython-310.pyc
1750563381|Leonardo|M|/venv/lib/python3.10/site-packages/google/protobuf/__pycache__/json_format.cpython-310.pyc
1750563381|Leonardo|M|/venv/lib/python3.10/site-packages/google/protobuf/__pycache__/map_proto2_unittest_pb2.cpython-310.pyc
1750563381|Leonardo|M|/venv/lib/python3.10/site-packages/google/protobuf/__pycache__/map_unittest_pb2.cpython-310.pyc
1750563381|Leonardo|M|/venv/lib/python3.10/site-packages/google/protobuf/__pycache__/message.cpython-310.pyc
1750563381|Leonardo|M|/venv/lib/python3.10/site-packages/google/protobuf/__pycache__/message_factory.cpython-310.pyc
1750563381|Leonardo|M|/venv/lib/python3.10/site-packages/google/protobuf/__pycache__/proto_builder.cpython-310.pyc
1750563381|Leonardo|M|/venv/lib/python3.10/site-packages/google/protobuf/__pycache__/reflection.cpython-310.pyc
1750563381|Leonardo|M|/venv/lib/python3.10/site-packages/google/protobuf/__pycache__/service.cpython-310.pyc
1750563381|Leonardo|M|/venv/lib/python3.10/site-packages/google/protobuf/__pycache__/service_reflection.cpython-310.pyc
1750563381|Leonardo|M|/venv/lib/python3.10/site-packages/google/protobuf/__pycache__/source_context_pb2.cpython-310.pyc
1750563381|Leonardo|M|/venv/lib/python3.10/site-packages/google/protobuf/__pycache__/struct_pb2.cpython-310.pyc
1750563381|Leonardo|M|/venv/lib/python3.10/site-packages/google/protobuf/__pycache__/symbol_database.cpython-310.pyc
1750563381|Leonardo|M|/venv/lib/python3.10/site-packages/google/protobuf/__pycache__/test_messages_proto2_pb2.cpython-310.pyc
1750563381|Leonardo|M|/venv/lib/python3.10/site-packages/google/protobuf/__pycache__/test_messages_proto3_pb2.cpython-310.pyc
1750563381|Leonardo|M|/venv/lib/python3.10/site-packages/google/protobuf/__pycache__/text_encoding.cpython-310.pyc
1750563381|Leonardo|M|/venv/lib/python3.10/site-packages/google/protobuf/__pycache__/text_format.cpython-310.pyc
1750563381|Leonardo|M|/venv/lib/python3.10/site-packages/google/protobuf/__pycache__/timestamp_pb2.cpython-310.pyc
1750563381|Leonardo|M|/venv/lib/python3.10/site-packages/google/protobuf/__pycache__/type_pb2.cpython-310.pyc
1750563381|Leonardo|M|/venv/lib/python3.10/site-packages/google/protobuf/__pycache__/unittest_arena_pb2.cpython-310.pyc
1750563381|Leonardo|M|/venv/lib/python3.10/site-packages/google/protobuf/__pycache__/unittest_custom_options_pb2.cpython-310.pyc
1750563381|Leonardo|M|/venv/lib/python3.10/site-packages/google/protobuf/__pycache__/unittest_import_pb2.cpython-310.pyc
1750563381|Leonardo|M|/venv/lib/python3.10/site-packages/google/protobuf/__pycache__/unittest_import_public_pb2.cpython-310.pyc
1750563381|Leonardo|M|/venv/lib/python3.10/site-packages/google/protobuf/__pycache__/unittest_mset_pb2.cpython-310.pyc
1750563381|Leonardo|M|/venv/lib/python3.10/site-packages/google/protobuf/__pycache__/unittest_mset_wire_format_pb2.cpython-310.pyc
1750563381|Leonardo|M|/venv/lib/python3.10/site-packages/google/protobuf/__pycache__/unittest_no_arena_import_pb2.cpython-310.pyc
1750563381|Leonardo|M|/venv/lib/python3.10/site-packages/google/protobuf/__pycache__/unittest_no_arena_pb2.cpython-310.pyc
1750563381|Leonardo|M|/venv/lib/python3.10/site-packages/google/protobuf/__pycache__/unittest_no_generic_services_pb2.cpython-310.pyc
1750563381|Leonardo|M|/venv/lib/python3.10/site-packages/google/protobuf/__pycache__/unittest_pb2.cpython-310.pyc
1750563381|Leonardo|M|/venv/lib/python3.10/site-packages/google/protobuf/__pycache__/unittest_proto3_arena_pb2.cpython-310.pyc
1750563381|Leonardo|M|/venv/lib/python3.10/site-packages/google/protobuf/__pycache__/wrappers_pb2.cpython-310.pyc
1750563381|Leonardo|M|/venv/lib/python3.10/site-packages/google/protobuf/compiler/__pycache__/__init__.cpython-310.pyc
1750563381|Leonardo|M|/venv/lib/python3.10/site-packages/google/protobuf/compiler/__pycache__/plugin_pb2.cpython-310.pyc
1750563381|Leonardo|M|/venv/lib/python3.10/site-packages/google/protobuf/internal/__pycache__/__init__.cpython-310.pyc
1750563381|Leonardo|M|/venv/lib/python3.10/site-packages/google/protobuf/internal/__pycache__/_parameterized.cpython-310.pyc
1750563381|Leonardo|M|/venv/lib/python3.10/site-packages/google/protobuf/internal/__pycache__/any_test_pb2.cpython-310.pyc
1750563381|Leonardo|M|/venv/lib/python3.10/site-packages/google/protobuf/internal/__pycache__/api_implementation.cpython-310.pyc
1750563381|Leonardo|M|/venv/lib/python3.10/site-packages/google/protobuf/internal/__pycache__/containers.cpython-310.pyc
1750563381|Leonardo|M|/venv/lib/python3.10/site-packages/google/protobuf/internal/__pycache__/decoder.cpython-310.pyc
1750563381|Leonardo|M|/venv/lib/python3.10/site-packages/google/protobuf/internal/__pycache__/descriptor_database_test.cpython-310.pyc
1750563381|Leonardo|M|/venv/lib/python3.10/site-packages/google/protobuf/internal/__pycache__/descriptor_pool_test.cpython-310.pyc
1750563381|Leonardo|M|/venv/lib/python3.10/site-packages/google/protobuf/internal/__pycache__/descriptor_pool_test1_pb2.cpython-310.pyc
1750563381|Leonardo|M|/venv/lib/python3.10/site-packages/google/protobuf/internal/__pycache__/descriptor_pool_test2_pb2.cpython-310.pyc
1750563381|Leonardo|M|/venv/lib/python3.10/site-packages/google/protobuf/internal/__pycache__/descriptor_test.cpython-310.pyc
1750563381|Leonardo|M|/venv/lib/python3.10/site-packages/google/protobuf/internal/__pycache__/encoder.cpython-310.pyc
1750563381|Leonardo|M|/venv/lib/python3.10/site-packages/google/protobuf/internal/__pycache__/enum_type_wrapper.cpython-310.pyc
1750563381|Leonardo|M|/venv/lib/python3.10/site-packages/google/protobuf/internal/__pycache__/extension_dict.cpython-310.pyc
1750563381|Leonardo|M|/venv/lib/python3.10/site-packages/google/protobuf/internal/__pycache__/factory_test1_pb2.cpython-310.pyc
1750563381|Leonardo|M|/venv/lib/python3.10/site-packages/google/protobuf/internal/__pycache__/factory_test2_pb2.cpython-310.pyc
1750563381|Leonardo|M|/venv/lib/python3.10/site-packages/google/protobuf/internal/__pycache__/file_options_test_pb2.cpython-310.pyc
1750563381|Leonardo|M|/venv/lib/python3.10/site-packages/google/protobuf/internal/__pycache__/generator_test.cpython-310.pyc
1750563381|Leonardo|M|/venv/lib/python3.10/site-packages/google/protobuf/internal/__pycache__/json_format_test.cpython-310.pyc
1750563381|Leonardo|M|/venv/lib/python3.10/site-packages/google/protobuf/internal/__pycache__/keywords_test.cpython-310.pyc
1750563381|Leonardo|M|/venv/lib/python3.10/site-packages/google/protobuf/internal/__pycache__/message_factory_test.cpython-310.pyc
1750563381|Leonardo|M|/venv/lib/python3.10/site-packages/google/protobuf/internal/__pycache__/message_listener.cpython-310.pyc
1750563381|Leonardo|M|/venv/lib/python3.10/site-packages/google/protobuf/internal/__pycache__/message_set_extensions_pb2.cpython-310.pyc
1750563381|Leonardo|M|/venv/lib/python3.10/site-packages/google/protobuf/internal/__pycache__/message_test.cpython-310.pyc
1750563381|Leonardo|M|/venv/lib/python3.10/site-packages/google/protobuf/internal/__pycache__/missing_enum_values_pb2.cpython-310.pyc
1750563381|Leonardo|M|/venv/lib/python3.10/site-packages/google/protobuf/internal/__pycache__/more_extensions_dynamic_pb2.cpython-310.pyc
1750563381|Leonardo|M|/venv/lib/python3.10/site-packages/google/protobuf/internal/__pycache__/more_extensions_pb2.cpython-310.pyc
1750563381|Leonardo|M|/venv/lib/python3.10/site-packages/google/protobuf/internal/__pycache__/more_messages_pb2.cpython-310.pyc
1750563381|Leonardo|M|/venv/lib/python3.10/site-packages/google/protobuf/internal/__pycache__/no_package_pb2.cpython-310.pyc
1750563381|Leonardo|M|/venv/lib/python3.10/site-packages/google/protobuf/internal/__pycache__/packed_field_test_pb2.cpython-310.pyc
1750563381|Leonardo|M|/venv/lib/python3.10/site-packages/google/protobuf/internal/__pycache__/proto_builder_test.cpython-310.pyc
1750563381|Leonardo|M|/venv/lib/python3.10/site-packages/google/protobuf/internal/__pycache__/python_message.cpython-310.pyc
1750563381|Leonardo|M|/venv/lib/python3.10/site-packages/google/protobuf/internal/__pycache__/reflection_test.cpython-310.pyc
1750563381|Leonardo|M|/venv/lib/python3.10/site-packages/google/protobuf/internal/__pycache__/service_reflection_test.cpython-310.pyc
1750563381|Leonardo|M|/venv/lib/python3.10/site-packages/google/protobuf/internal/__pycache__/symbol_database_test.cpython-310.pyc
1750563381|Leonardo|M|/venv/lib/python3.10/site-packages/google/protobuf/internal/__pycache__/test_bad_identifiers_pb2.cpython-310.pyc
1750563381|Leonardo|M|/venv/lib/python3.10/site-packages/google/protobuf/internal/__pycache__/test_proto3_optional_pb2.cpython-310.pyc
1750563381|Leonardo|M|/venv/lib/python3.10/site-packages/google/protobuf/internal/__pycache__/test_util.cpython-310.pyc
1750563381|Leonardo|M|/venv/lib/python3.10/site-packages/google/protobuf/internal/__pycache__/testing_refleaks.cpython-310.pyc
1750563381|Leonardo|M|/venv/lib/python3.10/site-packages/google/protobuf/internal/__pycache__/text_encoding_test.cpython-310.pyc
1750563381|Leonardo|M|/venv/lib/python3.10/site-packages/google/protobuf/internal/__pycache__/text_format_test.cpython-310.pyc
1750563381|Leonardo|M|/venv/lib/python3.10/site-packages/google/protobuf/internal/__pycache__/type_checkers.cpython-310.pyc
1750563381|Leonardo|M|/venv/lib/python3.10/site-packages/google/protobuf/internal/__pycache__/unknown_fields_test.cpython-310.pyc
1750563381|Leonardo|M|/venv/lib/python3.10/site-packages/google/protobuf/internal/__pycache__/well_known_types.cpython-310.pyc
1750563381|Leonardo|M|/venv/lib/python3.10/site-packages/google/protobuf/internal/__pycache__/well_known_types_test.cpython-310.pyc
1750563381|Leonardo|M|/venv/lib/python3.10/site-packages/google/protobuf/internal/__pycache__/wire_format.cpython-310.pyc
1750563381|Leonardo|M|/venv/lib/python3.10/site-packages/google/protobuf/internal/__pycache__/wire_format_test.cpython-310.pyc
1750563381|Leonardo|M|/venv/lib/python3.10/site-packages/google/protobuf/internal/import_test_package/__pycache__/__init__.cpython-310.pyc
1750563381|Leonardo|M|/venv/lib/python3.10/site-packages/google/protobuf/internal/import_test_package/__pycache__/inner_pb2.cpython-310.pyc
1750563381|Leonardo|M|/venv/lib/python3.10/site-packages/google/protobuf/internal/import_test_package/__pycache__/outer_pb2.cpython-310.pyc
1750563381|Leonardo|M|/venv/lib/python3.10/site-packages/google/protobuf/pyext/__pycache__/__init__.cpython-310.pyc
1750563381|Leonardo|M|/venv/lib/python3.10/site-packages/google/protobuf/pyext/__pycache__/cpp_message.cpython-310.pyc
1750563381|Leonardo|M|/venv/lib/python3.10/site-packages/google/protobuf/pyext/__pycache__/python_pb2.cpython-310.pyc
1750563381|Leonardo|M|/venv/lib/python3.10/site-packages/google/protobuf/util/__pycache__/__init__.cpython-310.pyc
1750563381|Leonardo|M|/venv/lib/python3.10/site-packages/google/protobuf/util/__pycache__/json_format_pb2.cpython-310.pyc
1750563381|Leonardo|M|/venv/lib/python3.10/site-packages/google/protobuf/util/__pycache__/json_format_proto3_pb2.cpython-310.pyc
1750563381|Leonardo|D|/venv/lib/python3.10/site-packages/greenlet-3.2.2.dist-info/INSTALLER
1750563381|Leonardo|D|/venv/lib/python3.10/site-packages/greenlet-3.2.2.dist-info/METADATA
1750563381|Leonardo|D|/venv/lib/python3.10/site-packages/greenlet-3.2.2.dist-info/RECORD
1750563381|Leonardo|D|/venv/lib/python3.10/site-packages/greenlet-3.2.2.dist-info/WHEEL
1750563381|Leonardo|D|/venv/lib/python3.10/site-packages/greenlet-3.2.2.dist-info/licenses/LICENSE
1750563381|Leonardo|D|/venv/lib/python3.10/site-packages/greenlet-3.2.2.dist-info/licenses/LICENSE.PSF
1750563381|Leonardo|D|/venv/lib/python3.10/site-packages/greenlet-3.2.2.dist-info/top_level.txt
1750563381|Leonardo|A|/venv/lib/python3.10/site-packages/greenlet-3.2.3.dist-info/INSTALLER
1750563381|Leonardo|A|/venv/lib/python3.10/site-packages/greenlet-3.2.3.dist-info/METADATA
1750563381|Leonardo|A|/venv/lib/python3.10/site-packages/greenlet-3.2.3.dist-info/RECORD
1750563381|Leonardo|A|/venv/lib/python3.10/site-packages/greenlet-3.2.3.dist-info/WHEEL
1750563381|Leonardo|A|/venv/lib/python3.10/site-packages/greenlet-3.2.3.dist-info/licenses/LICENSE
1750563381|Leonardo|A|/venv/lib/python3.10/site-packages/greenlet-3.2.3.dist-info/licenses/LICENSE.PSF
1750563381|Leonardo|A|/venv/lib/python3.10/site-packages/greenlet-3.2.3.dist-info/top_level.txt
1750563381|Leonardo|M|/venv/lib/python3.10/site-packages/greenlet/TGreenlet.hpp
1750563381|Leonardo|M|/venv/lib/python3.10/site-packages/greenlet/__init__.py
1750563381|Leonardo|M|/venv/lib/python3.10/site-packages/greenlet/__pycache__/__init__.cpython-310.pyc
1750563381|Leonardo|M|/venv/lib/python3.10/site-packages/greenlet/_greenlet.cpython-310-x86_64-linux-gnu.so
1750563381|Leonardo|A|/venv/lib/python3.10/site-packages/greenlet/greenlet_msvc_compat.hpp
1750563381|Leonardo|M|/venv/lib/python3.10/site-packages/greenlet/platform/__pycache__/__init__.cpython-310.pyc
1750563381|Leonardo|M|/venv/lib/python3.10/site-packages/greenlet/slp_platformselect.h
1750563381|Leonardo|M|/venv/lib/python3.10/site-packages/greenlet/tests/__pycache__/__init__.cpython-310.pyc
1750563381|Leonardo|M|/venv/lib/python3.10/site-packages/greenlet/tests/__pycache__/fail_clearing_run_switches.cpython-310.pyc
1750563381|Leonardo|M|/venv/lib/python3.10/site-packages/greenlet/tests/__pycache__/fail_cpp_exception.cpython-310.pyc
1750563381|Leonardo|M|/venv/lib/python3.10/site-packages/greenlet/tests/__pycache__/fail_initialstub_already_started.cpython-310.pyc
1750563381|Leonardo|M|/venv/lib/python3.10/site-packages/greenlet/tests/__pycache__/fail_slp_switch.cpython-310.pyc
1750563381|Leonardo|M|/venv/lib/python3.10/site-packages/greenlet/tests/__pycache__/fail_switch_three_greenlets.cpython-310.pyc
1750563381|Leonardo|M|/venv/lib/python3.10/site-packages/greenlet/tests/__pycache__/fail_switch_three_greenlets2.cpython-310.pyc
1750563381|Leonardo|M|/venv/lib/python3.10/site-packages/greenlet/tests/__pycache__/fail_switch_two_greenlets.cpython-310.pyc
1750563381|Leonardo|M|/venv/lib/python3.10/site-packages/greenlet/tests/__pycache__/leakcheck.cpython-310.pyc
1750563381|Leonardo|M|/venv/lib/python3.10/site-packages/greenlet/tests/__pycache__/test_contextvars.cpython-310.pyc
1750563381|Leonardo|M|/venv/lib/python3.10/site-packages/greenlet/tests/__pycache__/test_cpp.cpython-310.pyc
1750563381|Leonardo|M|/venv/lib/python3.10/site-packages/greenlet/tests/__pycache__/test_extension_interface.cpython-310.pyc
1750563381|Leonardo|M|/venv/lib/python3.10/site-packages/greenlet/tests/__pycache__/test_gc.cpython-310.pyc
1750563381|Leonardo|M|/venv/lib/python3.10/site-packages/greenlet/tests/__pycache__/test_generator.cpython-310.pyc
1750563381|Leonardo|M|/venv/lib/python3.10/site-packages/greenlet/tests/__pycache__/test_generator_nested.cpython-310.pyc
1750563381|Leonardo|M|/venv/lib/python3.10/site-packages/greenlet/tests/__pycache__/test_greenlet.cpython-310.pyc
1750563381|Leonardo|M|/venv/lib/python3.10/site-packages/greenlet/tests/__pycache__/test_greenlet_trash.cpython-310.pyc
1750563381|Leonardo|M|/venv/lib/python3.10/site-packages/greenlet/tests/__pycache__/test_leaks.cpython-310.pyc
1750563381|Leonardo|M|/venv/lib/python3.10/site-packages/greenlet/tests/__pycache__/test_stack_saved.cpython-310.pyc
1750563381|Leonardo|M|/venv/lib/python3.10/site-packages/greenlet/tests/__pycache__/test_throw.cpython-310.pyc
1750563381|Leonardo|M|/venv/lib/python3.10/site-packages/greenlet/tests/__pycache__/test_tracing.cpython-310.pyc
1750563381|Leonardo|M|/venv/lib/python3.10/site-packages/greenlet/tests/__pycache__/test_version.cpython-310.pyc
1750563381|Leonardo|M|/venv/lib/python3.10/site-packages/greenlet/tests/__pycache__/test_weakref.cpython-310.pyc
1750563381|Leonardo|M|/venv/lib/python3.10/site-packages/greenlet/tests/_test_extension_cpp.cpython-310-x86_64-linux-gnu.so
1750563381|Leonardo|M|/venv/lib/python3.10/site-packages/gunicorn-23.0.0.dist-info/RECORD
1750563381|Leonardo|M|/venv/lib/python3.10/site-packages/gunicorn/__pycache__/__init__.cpython-310.pyc
1750563381|Leonardo|M|/venv/lib/python3.10/site-packages/gunicorn/__pycache__/__main__.cpython-310.pyc
1750563381|Leonardo|M|/venv/lib/python3.10/site-packages/gunicorn/__pycache__/arbiter.cpython-310.pyc
1750563381|Leonardo|M|/venv/lib/python3.10/site-packages/gunicorn/__pycache__/config.cpython-310.pyc
1750563381|Leonardo|M|/venv/lib/python3.10/site-packages/gunicorn/__pycache__/debug.cpython-310.pyc
1750563381|Leonardo|M|/venv/lib/python3.10/site-packages/gunicorn/__pycache__/errors.cpython-310.pyc
1750563381|Leonardo|M|/venv/lib/python3.10/site-packages/gunicorn/__pycache__/glogging.cpython-310.pyc
1750563381|Leonardo|M|/venv/lib/python3.10/site-packages/gunicorn/__pycache__/pidfile.cpython-310.pyc
1750563381|Leonardo|M|/venv/lib/python3.10/site-packages/gunicorn/__pycache__/reloader.cpython-310.pyc
1750563381|Leonardo|M|/venv/lib/python3.10/site-packages/gunicorn/__pycache__/sock.cpython-310.pyc
1750563381|Leonardo|M|/venv/lib/python3.10/site-packages/gunicorn/__pycache__/systemd.cpython-310.pyc
1750563381|Leonardo|M|/venv/lib/python3.10/site-packages/gunicorn/__pycache__/util.cpython-310.pyc
1750563381|Leonardo|M|/venv/lib/python3.10/site-packages/gunicorn/app/__pycache__/__init__.cpython-310.pyc
1750563381|Leonardo|M|/venv/lib/python3.10/site-packages/gunicorn/app/__pycache__/base.cpython-310.pyc
1750563381|Leonardo|M|/venv/lib/python3.10/site-packages/gunicorn/app/__pycache__/pasterapp.cpython-310.pyc
1750563381|Leonardo|M|/venv/lib/python3.10/site-packages/gunicorn/app/__pycache__/wsgiapp.cpython-310.pyc
1750563381|Leonardo|M|/venv/lib/python3.10/site-packages/gunicorn/http/__pycache__/__init__.cpython-310.pyc
1750563381|Leonardo|M|/venv/lib/python3.10/site-packages/gunicorn/http/__pycache__/body.cpython-310.pyc
1750563381|Leonardo|M|/venv/lib/python3.10/site-packages/gunicorn/http/__pycache__/errors.cpython-310.pyc
1750563381|Leonardo|M|/venv/lib/python3.10/site-packages/gunicorn/http/__pycache__/message.cpython-310.pyc
1750563381|Leonardo|M|/venv/lib/python3.10/site-packages/gunicorn/http/__pycache__/parser.cpython-310.pyc
1750563381|Leonardo|M|/venv/lib/python3.10/site-packages/gunicorn/http/__pycache__/unreader.cpython-310.pyc
1750563381|Leonardo|M|/venv/lib/python3.10/site-packages/gunicorn/http/__pycache__/wsgi.cpython-310.pyc
1750563381|Leonardo|M|/venv/lib/python3.10/site-packages/gunicorn/instrument/__pycache__/__init__.cpython-310.pyc
1750563381|Leonardo|M|/venv/lib/python3.10/site-packages/gunicorn/instrument/__pycache__/statsd.cpython-310.pyc
1750563381|Leonardo|M|/venv/lib/python3.10/site-packages/gunicorn/workers/__pycache__/__init__.cpython-310.pyc
1750563381|Leonardo|M|/venv/lib/python3.10/site-packages/gunicorn/workers/__pycache__/base.cpython-310.pyc
1750563381|Leonardo|M|/venv/lib/python3.10/site-packages/gunicorn/workers/__pycache__/base_async.cpython-310.pyc
1750563381|Leonardo|M|/venv/lib/python3.10/site-packages/gunicorn/workers/__pycache__/geventlet.cpython-310.pyc
1750563381|Leonardo|M|/venv/lib/python3.10/site-packages/gunicorn/workers/__pycache__/ggevent.cpython-310.pyc
1750563381|Leonardo|M|/venv/lib/python3.10/site-packages/gunicorn/workers/__pycache__/gthread.cpython-310.pyc
1750563381|Leonardo|M|/venv/lib/python3.10/site-packages/gunicorn/workers/__pycache__/gtornado.cpython-310.pyc
1750563381|Leonardo|M|/venv/lib/python3.10/site-packages/gunicorn/workers/__pycache__/sync.cpython-310.pyc
1750563381|Leonardo|M|/venv/lib/python3.10/site-packages/gunicorn/workers/__pycache__/workertmp.cpython-310.pyc
1750563381|Leonardo|M|/venv/lib/python3.10/site-packages/html5lib/__pycache__/__init__.cpython-310.pyc
1750563381|Leonardo|M|/venv/lib/python3.10/site-packages/html5lib/__pycache__/_ihatexml.cpython-310.pyc
1750563381|Leonardo|M|/venv/lib/python3.10/site-packages/html5lib/__pycache__/_inputstream.cpython-310.pyc
1750563381|Leonardo|M|/venv/lib/python3.10/site-packages/html5lib/__pycache__/_tokenizer.cpython-310.pyc
1750563381|Leonardo|M|/venv/lib/python3.10/site-packages/html5lib/__pycache__/_utils.cpython-310.pyc
1750563381|Leonardo|M|/venv/lib/python3.10/site-packages/html5lib/__pycache__/constants.cpython-310.pyc
1750563381|Leonardo|M|/venv/lib/python3.10/site-packages/html5lib/__pycache__/html5parser.cpython-310.pyc
1750563381|Leonardo|M|/venv/lib/python3.10/site-packages/html5lib/__pycache__/serializer.cpython-310.pyc
1750563381|Leonardo|M|/venv/lib/python3.10/site-packages/html5lib/_trie/__pycache__/__init__.cpython-310.pyc
1750563381|Leonardo|M|/venv/lib/python3.10/site-packages/html5lib/_trie/__pycache__/_base.cpython-310.pyc
1750563381|Leonardo|M|/venv/lib/python3.10/site-packages/html5lib/_trie/__pycache__/py.cpython-310.pyc
1750563381|Leonardo|M|/venv/lib/python3.10/site-packages/html5lib/filters/__pycache__/__init__.cpython-310.pyc
1750563381|Leonardo|M|/venv/lib/python3.10/site-packages/html5lib/filters/__pycache__/alphabeticalattributes.cpython-310.pyc
1750563381|Leonardo|M|/venv/lib/python3.10/site-packages/html5lib/filters/__pycache__/base.cpython-310.pyc
1750563381|Leonardo|M|/venv/lib/python3.10/site-packages/html5lib/filters/__pycache__/inject_meta_charset.cpython-310.pyc
1750563381|Leonardo|M|/venv/lib/python3.10/site-packages/html5lib/filters/__pycache__/lint.cpython-310.pyc
1750563381|Leonardo|M|/venv/lib/python3.10/site-packages/html5lib/filters/__pycache__/optionaltags.cpython-310.pyc
1750563381|Leonardo|M|/venv/lib/python3.10/site-packages/html5lib/filters/__pycache__/sanitizer.cpython-310.pyc
1750563381|Leonardo|M|/venv/lib/python3.10/site-packages/html5lib/filters/__pycache__/whitespace.cpython-310.pyc
1750563381|Leonardo|M|/venv/lib/python3.10/site-packages/html5lib/treeadapters/__pycache__/__init__.cpython-310.pyc
1750563381|Leonardo|M|/venv/lib/python3.10/site-packages/html5lib/treeadapters/__pycache__/genshi.cpython-310.pyc
1750563381|Leonardo|M|/venv/lib/python3.10/site-packages/html5lib/treeadapters/__pycache__/sax.cpython-310.pyc
1750563381|Leonardo|M|/venv/lib/python3.10/site-packages/html5lib/treebuilders/__pycache__/__init__.cpython-310.pyc
1750563381|Leonardo|M|/venv/lib/python3.10/site-packages/html5lib/treebuilders/__pycache__/base.cpython-310.pyc
1750563381|Leonardo|M|/venv/lib/python3.10/site-packages/html5lib/treebuilders/__pycache__/dom.cpython-310.pyc
1750563381|Leonardo|M|/venv/lib/python3.10/site-packages/html5lib/treebuilders/__pycache__/etree.cpython-310.pyc
1750563381|Leonardo|M|/venv/lib/python3.10/site-packages/html5lib/treebuilders/__pycache__/etree_lxml.cpython-310.pyc
1750563381|Leonardo|M|/venv/lib/python3.10/site-packages/html5lib/treewalkers/__pycache__/__init__.cpython-310.pyc
1750563381|Leonardo|M|/venv/lib/python3.10/site-packages/html5lib/treewalkers/__pycache__/base.cpython-310.pyc
1750563381|Leonardo|M|/venv/lib/python3.10/site-packages/html5lib/treewalkers/__pycache__/dom.cpython-310.pyc
1750563381|Leonardo|M|/venv/lib/python3.10/site-packages/html5lib/treewalkers/__pycache__/etree.cpython-310.pyc
1750563381|Leonardo|M|/venv/lib/python3.10/site-packages/html5lib/treewalkers/__pycache__/etree_lxml.cpython-310.pyc
1750563381|Leonardo|M|/venv/lib/python3.10/site-packages/html5lib/treewalkers/__pycache__/genshi.cpython-310.pyc
1750563381|Leonardo|M|/venv/lib/python3.10/site-packages/idna/__pycache__/__init__.cpython-310.pyc
1750563381|Leonardo|M|/venv/lib/python3.10/site-packages/idna/__pycache__/codec.cpython-310.pyc
1750563381|Leonardo|M|/venv/lib/python3.10/site-packages/idna/__pycache__/compat.cpython-310.pyc
1750563381|Leonardo|M|/venv/lib/python3.10/site-packages/idna/__pycache__/core.cpython-310.pyc
1750563381|Leonardo|M|/venv/lib/python3.10/site-packages/idna/__pycache__/idnadata.cpython-310.pyc
1750563381|Leonardo|M|/venv/lib/python3.10/site-packages/idna/__pycache__/intranges.cpython-310.pyc
1750563381|Leonardo|M|/venv/lib/python3.10/site-packages/idna/__pycache__/package_data.cpython-310.pyc
1750563381|Leonardo|M|/venv/lib/python3.10/site-packages/idna/__pycache__/uts46data.cpython-310.pyc
1750563381|Leonardo|M|/venv/lib/python3.10/site-packages/itsdangerous/__pycache__/__init__.cpython-310.pyc
1750563381|Leonardo|M|/venv/lib/python3.10/site-packages/itsdangerous/__pycache__/_json.cpython-310.pyc
1750563381|Leonardo|M|/venv/lib/python3.10/site-packages/itsdangerous/__pycache__/encoding.cpython-310.pyc
1750563381|Leonardo|M|/venv/lib/python3.10/site-packages/itsdangerous/__pycache__/exc.cpython-310.pyc
1750563381|Leonardo|M|/venv/lib/python3.10/site-packages/itsdangerous/__pycache__/serializer.cpython-310.pyc
1750563381|Leonardo|M|/venv/lib/python3.10/site-packages/itsdangerous/__pycache__/signer.cpython-310.pyc
1750563381|Leonardo|M|/venv/lib/python3.10/site-packages/itsdangerous/__pycache__/timed.cpython-310.pyc
1750563381|Leonardo|M|/venv/lib/python3.10/site-packages/itsdangerous/__pycache__/url_safe.cpython-310.pyc
1750563381|Leonardo|M|/venv/lib/python3.10/site-packages/jeepney/__pycache__/__init__.cpython-310.pyc
1750563381|Leonardo|M|/venv/lib/python3.10/site-packages/jeepney/__pycache__/auth.cpython-310.pyc
1750563381|Leonardo|M|/venv/lib/python3.10/site-packages/jeepney/__pycache__/bindgen.cpython-310.pyc
1750563381|Leonardo|M|/venv/lib/python3.10/site-packages/jeepney/__pycache__/bus.cpython-310.pyc
1750563381|Leonardo|M|/venv/lib/python3.10/site-packages/jeepney/__pycache__/bus_messages.cpython-310.pyc
1750563381|Leonardo|M|/venv/lib/python3.10/site-packages/jeepney/__pycache__/fds.cpython-310.pyc
1750563381|Leonardo|M|/venv/lib/python3.10/site-packages/jeepney/__pycache__/low_level.cpython-310.pyc
1750563381|Leonardo|M|/venv/lib/python3.10/site-packages/jeepney/__pycache__/wrappers.cpython-310.pyc
1750563381|Leonardo|M|/venv/lib/python3.10/site-packages/jeepney/io/__pycache__/__init__.cpython-310.pyc
1750563381|Leonardo|M|/venv/lib/python3.10/site-packages/jeepney/io/__pycache__/asyncio.cpython-310.pyc
1750563381|Leonardo|M|/venv/lib/python3.10/site-packages/jeepney/io/__pycache__/blocking.cpython-310.pyc
1750563381|Leonardo|M|/venv/lib/python3.10/site-packages/jeepney/io/__pycache__/common.cpython-310.pyc
1750563381|Leonardo|M|/venv/lib/python3.10/site-packages/jeepney/io/__pycache__/threading.cpython-310.pyc
1750563381|Leonardo|M|/venv/lib/python3.10/site-packages/jeepney/io/__pycache__/trio.cpython-310.pyc
1750563381|Leonardo|M|/venv/lib/python3.10/site-packages/jeepney/io/tests/__pycache__/__init__.cpython-310.pyc
1750563381|Leonardo|M|/venv/lib/python3.10/site-packages/jeepney/io/tests/__pycache__/conftest.cpython-310.pyc
1750563381|Leonardo|M|/venv/lib/python3.10/site-packages/jeepney/io/tests/__pycache__/test_asyncio.cpython-310.pyc
1750563381|Leonardo|M|/venv/lib/python3.10/site-packages/jeepney/io/tests/__pycache__/test_blocking.cpython-310.pyc
1750563381|Leonardo|M|/venv/lib/python3.10/site-packages/jeepney/io/tests/__pycache__/test_threading.cpython-310.pyc
1750563381|Leonardo|M|/venv/lib/python3.10/site-packages/jeepney/io/tests/__pycache__/test_trio.cpython-310.pyc
1750563381|Leonardo|M|/venv/lib/python3.10/site-packages/jeepney/io/tests/__pycache__/utils.cpython-310.pyc
1750563381|Leonardo|M|/venv/lib/python3.10/site-packages/jeepney/tests/__pycache__/__init__.cpython-310.pyc
1750563381|Leonardo|M|/venv/lib/python3.10/site-packages/jeepney/tests/__pycache__/test_auth.cpython-310.pyc
1750563381|Leonardo|M|/venv/lib/python3.10/site-packages/jeepney/tests/__pycache__/test_bindgen.cpython-310.pyc
1750563381|Leonardo|M|/venv/lib/python3.10/site-packages/jeepney/tests/__pycache__/test_bus.cpython-310.pyc
1750563381|Leonardo|M|/venv/lib/python3.10/site-packages/jeepney/tests/__pycache__/test_bus_messages.cpython-310.pyc
1750563381|Leonardo|M|/venv/lib/python3.10/site-packages/jeepney/tests/__pycache__/test_fds.cpython-310.pyc
1750563381|Leonardo|M|/venv/lib/python3.10/site-packages/jeepney/tests/__pycache__/test_low_level.cpython-310.pyc
1750563381|Leonardo|M|/venv/lib/python3.10/site-packages/jeepney/tests/__pycache__/test_wrappers.cpython-310.pyc
1750563381|Leonardo|M|/venv/lib/python3.10/site-packages/jinja2/__pycache__/__init__.cpython-310.pyc
1750563381|Leonardo|M|/venv/lib/python3.10/site-packages/jinja2/__pycache__/_identifier.cpython-310.pyc
1750563381|Leonardo|M|/venv/lib/python3.10/site-packages/jinja2/__pycache__/async_utils.cpython-310.pyc
1750563381|Leonardo|M|/venv/lib/python3.10/site-packages/jinja2/__pycache__/bccache.cpython-310.pyc
1750563381|Leonardo|M|/venv/lib/python3.10/site-packages/jinja2/__pycache__/compiler.cpython-310.pyc
1750563381|Leonardo|M|/venv/lib/python3.10/site-packages/jinja2/__pycache__/constants.cpython-310.pyc
1750563381|Leonardo|M|/venv/lib/python3.10/site-packages/jinja2/__pycache__/debug.cpython-310.pyc
1750563381|Leonardo|M|/venv/lib/python3.10/site-packages/jinja2/__pycache__/defaults.cpython-310.pyc
1750563381|Leonardo|M|/venv/lib/python3.10/site-packages/jinja2/__pycache__/environment.cpython-310.pyc
1750563381|Leonardo|M|/venv/lib/python3.10/site-packages/jinja2/__pycache__/exceptions.cpython-310.pyc
1750563381|Leonardo|M|/venv/lib/python3.10/site-packages/jinja2/__pycache__/ext.cpython-310.pyc
1750563381|Leonardo|M|/venv/lib/python3.10/site-packages/jinja2/__pycache__/filters.cpython-310.pyc
1750563381|Leonardo|M|/venv/lib/python3.10/site-packages/jinja2/__pycache__/idtracking.cpython-310.pyc
1750563381|Leonardo|M|/venv/lib/python3.10/site-packages/jinja2/__pycache__/lexer.cpython-310.pyc
1750563381|Leonardo|M|/venv/lib/python3.10/site-packages/jinja2/__pycache__/loaders.cpython-310.pyc
1750563381|Leonardo|M|/venv/lib/python3.10/site-packages/jinja2/__pycache__/meta.cpython-310.pyc
1750563381|Leonardo|M|/venv/lib/python3.10/site-packages/jinja2/__pycache__/nativetypes.cpython-310.pyc
1750563381|Leonardo|M|/venv/lib/python3.10/site-packages/jinja2/__pycache__/nodes.cpython-310.pyc
1750563381|Leonardo|M|/venv/lib/python3.10/site-packages/jinja2/__pycache__/optimizer.cpython-310.pyc
1750563381|Leonardo|M|/venv/lib/python3.10/site-packages/jinja2/__pycache__/parser.cpython-310.pyc
1750563381|Leonardo|M|/venv/lib/python3.10/site-packages/jinja2/__pycache__/runtime.cpython-310.pyc
1750563381|Leonardo|M|/venv/lib/python3.10/site-packages/jinja2/__pycache__/sandbox.cpython-310.pyc
1750563381|Leonardo|M|/venv/lib/python3.10/site-packages/jinja2/__pycache__/tests.cpython-310.pyc
1750563381|Leonardo|M|/venv/lib/python3.10/site-packages/jinja2/__pycache__/utils.cpython-310.pyc
1750563381|Leonardo|M|/venv/lib/python3.10/site-packages/jinja2/__pycache__/visitor.cpython-310.pyc
1750563381|Leonardo|M|/venv/lib/python3.10/site-packages/keyring-21.8.0.dist-info/RECORD
1750563381|Leonardo|M|/venv/lib/python3.10/site-packages/keyring/__pycache__/__init__.cpython-310.pyc
1750563381|Leonardo|M|/venv/lib/python3.10/site-packages/keyring/__pycache__/__main__.cpython-310.pyc
1750563381|Leonardo|M|/venv/lib/python3.10/site-packages/keyring/__pycache__/backend.cpython-310.pyc
1750563381|Leonardo|M|/venv/lib/python3.10/site-packages/keyring/__pycache__/cli.cpython-310.pyc
1750563381|Leonardo|M|/venv/lib/python3.10/site-packages/keyring/__pycache__/core.cpython-310.pyc
1750563381|Leonardo|M|/venv/lib/python3.10/site-packages/keyring/__pycache__/credentials.cpython-310.pyc
1750563381|Leonardo|M|/venv/lib/python3.10/site-packages/keyring/__pycache__/devpi_client.cpython-310.pyc
1750563381|Leonardo|M|/venv/lib/python3.10/site-packages/keyring/__pycache__/errors.cpython-310.pyc
1750563381|Leonardo|M|/venv/lib/python3.10/site-packages/keyring/__pycache__/http.cpython-310.pyc
1750563381|Leonardo|M|/venv/lib/python3.10/site-packages/keyring/backends/__pycache__/OS_X.cpython-310.pyc
1750563381|Leonardo|M|/venv/lib/python3.10/site-packages/keyring/backends/__pycache__/SecretService.cpython-310.pyc
1750563381|Leonardo|M|/venv/lib/python3.10/site-packages/keyring/backends/__pycache__/Windows.cpython-310.pyc
1750563381|Leonardo|M|/venv/lib/python3.10/site-packages/keyring/backends/__pycache__/_OS_X_API.cpython-310.pyc
1750563381|Leonardo|M|/venv/lib/python3.10/site-packages/keyring/backends/__pycache__/__init__.cpython-310.pyc
1750563381|Leonardo|M|/venv/lib/python3.10/site-packages/keyring/backends/__pycache__/chainer.cpython-310.pyc
1750563381|Leonardo|M|/venv/lib/python3.10/site-packages/keyring/backends/__pycache__/fail.cpython-310.pyc
1750563381|Leonardo|M|/venv/lib/python3.10/site-packages/keyring/backends/__pycache__/kwallet.cpython-310.pyc
1750563381|Leonardo|M|/venv/lib/python3.10/site-packages/keyring/backends/__pycache__/null.cpython-310.pyc
1750563381|Leonardo|M|/venv/lib/python3.10/site-packages/keyring/testing/__pycache__/__init__.cpython-310.pyc
1750563381|Leonardo|M|/venv/lib/python3.10/site-packages/keyring/testing/__pycache__/backend.cpython-310.pyc
1750563381|Leonardo|M|/venv/lib/python3.10/site-packages/keyring/testing/__pycache__/util.cpython-310.pyc
1750563381|Leonardo|M|/venv/lib/python3.10/site-packages/keyring/util/__pycache__/__init__.cpython-310.pyc
1750563381|Leonardo|M|/venv/lib/python3.10/site-packages/keyring/util/__pycache__/platform_.cpython-310.pyc
1750563381|Leonardo|M|/venv/lib/python3.10/site-packages/keyring/util/__pycache__/properties.cpython-310.pyc
1750563381|Leonardo|M|/venv/lib/python3.10/site-packages/lockfile/__pycache__/__init__.cpython-310.pyc
1750563381|Leonardo|M|/venv/lib/python3.10/site-packages/lockfile/__pycache__/linklockfile.cpython-310.pyc
1750563381|Leonardo|M|/venv/lib/python3.10/site-packages/lockfile/__pycache__/mkdirlockfile.cpython-310.pyc
1750563381|Leonardo|M|/venv/lib/python3.10/site-packages/lockfile/__pycache__/pidlockfile.cpython-310.pyc
1750563381|Leonardo|M|/venv/lib/python3.10/site-packages/lockfile/__pycache__/sqlitelockfile.cpython-310.pyc
1750563381|Leonardo|M|/venv/lib/python3.10/site-packages/lockfile/__pycache__/symlinklockfile.cpython-310.pyc
1750563381|Leonardo|M|/venv/lib/python3.10/site-packages/markupsafe/__pycache__/__init__.cpython-310.pyc
1750563381|Leonardo|M|/venv/lib/python3.10/site-packages/markupsafe/__pycache__/_native.cpython-310.pyc
1750563381|Leonardo|M|/venv/lib/python3.10/site-packages/more_itertools/__pycache__/__init__.cpython-310.pyc
1750563381|Leonardo|M|/venv/lib/python3.10/site-packages/more_itertools/__pycache__/more.cpython-310.pyc
1750563381|Leonardo|M|/venv/lib/python3.10/site-packages/more_itertools/__pycache__/recipes.cpython-310.pyc
1750563381|Leonardo|D|/venv/lib/python3.10/site-packages/msgpack-1.1.0.dist-info/COPYING
1750563381|Leonardo|D|/venv/lib/python3.10/site-packages/msgpack-1.1.0.dist-info/INSTALLER
1750563381|Leonardo|D|/venv/lib/python3.10/site-packages/msgpack-1.1.0.dist-info/METADATA
1750563381|Leonardo|D|/venv/lib/python3.10/site-packages/msgpack-1.1.0.dist-info/RECORD
1750563381|Leonardo|D|/venv/lib/python3.10/site-packages/msgpack-1.1.0.dist-info/WHEEL
1750563381|Leonardo|D|/venv/lib/python3.10/site-packages/msgpack-1.1.0.dist-info/top_level.txt
1750563381|Leonardo|A|/venv/lib/python3.10/site-packages/msgpack-1.1.1.dist-info/INSTALLER
1750563381|Leonardo|A|/venv/lib/python3.10/site-packages/msgpack-1.1.1.dist-info/METADATA
1750563381|Leonardo|A|/venv/lib/python3.10/site-packages/msgpack-1.1.1.dist-info/RECORD
1750563381|Leonardo|A|/venv/lib/python3.10/site-packages/msgpack-1.1.1.dist-info/WHEEL
1750563381|Leonardo|A|/venv/lib/python3.10/site-packages/msgpack-1.1.1.dist-info/licenses/COPYING
1750563381|Leonardo|A|/venv/lib/python3.10/site-packages/msgpack-1.1.1.dist-info/top_level.txt
1750563381|Leonardo|M|/venv/lib/python3.10/site-packages/msgpack/__init__.py
1750563381|Leonardo|M|/venv/lib/python3.10/site-packages/msgpack/__pycache__/__init__.cpython-310.pyc
1750563381|Leonardo|M|/venv/lib/python3.10/site-packages/msgpack/__pycache__/exceptions.cpython-310.pyc
1750563381|Leonardo|M|/venv/lib/python3.10/site-packages/msgpack/__pycache__/ext.cpython-310.pyc
1750563381|Leonardo|M|/venv/lib/python3.10/site-packages/msgpack/__pycache__/fallback.cpython-310.pyc
1750563381|Leonardo|M|/venv/lib/python3.10/site-packages/msgpack/_cmsgpack.cpython-310-x86_64-linux-gnu.so
1750563381|Leonardo|M|/venv/lib/python3.10/site-packages/packaging/__pycache__/__about__.cpython-310.pyc
1750563381|Leonardo|M|/venv/lib/python3.10/site-packages/packaging/__pycache__/__init__.cpython-310.pyc
1750563381|Leonardo|M|/venv/lib/python3.10/site-packages/packaging/__pycache__/_compat.cpython-310.pyc
1750563381|Leonardo|M|/venv/lib/python3.10/site-packages/packaging/__pycache__/_structures.cpython-310.pyc
1750563381|Leonardo|M|/venv/lib/python3.10/site-packages/packaging/__pycache__/_typing.cpython-310.pyc
1750563381|Leonardo|M|/venv/lib/python3.10/site-packages/packaging/__pycache__/markers.cpython-310.pyc
1750563381|Leonardo|M|/venv/lib/python3.10/site-packages/packaging/__pycache__/requirements.cpython-310.pyc
1750563381|Leonardo|M|/venv/lib/python3.10/site-packages/packaging/__pycache__/specifiers.cpython-310.pyc
1750563381|Leonardo|M|/venv/lib/python3.10/site-packages/packaging/__pycache__/tags.cpython-310.pyc
1750563381|Leonardo|M|/venv/lib/python3.10/site-packages/packaging/__pycache__/utils.cpython-310.pyc
1750563381|Leonardo|M|/venv/lib/python3.10/site-packages/packaging/__pycache__/version.cpython-310.pyc
1750563381|Leonardo|M|/venv/lib/python3.10/site-packages/pastel/__pycache__/__init__.cpython-310.pyc
1750563381|Leonardo|M|/venv/lib/python3.10/site-packages/pastel/__pycache__/pastel.cpython-310.pyc
1750563381|Leonardo|M|/venv/lib/python3.10/site-packages/pastel/__pycache__/stack.cpython-310.pyc
1750563381|Leonardo|M|/venv/lib/python3.10/site-packages/pastel/__pycache__/style.cpython-310.pyc
1750563381|Leonardo|M|/venv/lib/python3.10/site-packages/pexpect/__pycache__/ANSI.cpython-310.pyc
1750563381|Leonardo|M|/venv/lib/python3.10/site-packages/pexpect/__pycache__/FSM.cpython-310.pyc
1750563381|Leonardo|M|/venv/lib/python3.10/site-packages/pexpect/__pycache__/__init__.cpython-310.pyc
1750563381|Leonardo|M|/venv/lib/python3.10/site-packages/pexpect/__pycache__/_async.cpython-310.pyc
1750563381|Leonardo|M|/venv/lib/python3.10/site-packages/pexpect/__pycache__/_async_pre_await.cpython-310.pyc
1750563381|Leonardo|M|/venv/lib/python3.10/site-packages/pexpect/__pycache__/_async_w_await.cpython-310.pyc
1750563381|Leonardo|M|/venv/lib/python3.10/site-packages/pexpect/__pycache__/exceptions.cpython-310.pyc
1750563381|Leonardo|M|/venv/lib/python3.10/site-packages/pexpect/__pycache__/expect.cpython-310.pyc
1750563381|Leonardo|M|/venv/lib/python3.10/site-packages/pexpect/__pycache__/fdpexpect.cpython-310.pyc
1750563381|Leonardo|M|/venv/lib/python3.10/site-packages/pexpect/__pycache__/popen_spawn.cpython-310.pyc
1750563381|Leonardo|M|/venv/lib/python3.10/site-packages/pexpect/__pycache__/pty_spawn.cpython-310.pyc
1750563381|Leonardo|M|/venv/lib/python3.10/site-packages/pexpect/__pycache__/pxssh.cpython-310.pyc
1750563381|Leonardo|M|/venv/lib/python3.10/site-packages/pexpect/__pycache__/replwrap.cpython-310.pyc
1750563381|Leonardo|M|/venv/lib/python3.10/site-packages/pexpect/__pycache__/run.cpython-310.pyc
1750563381|Leonardo|M|/venv/lib/python3.10/site-packages/pexpect/__pycache__/screen.cpython-310.pyc
1750563381|Leonardo|M|/venv/lib/python3.10/site-packages/pexpect/__pycache__/socket_pexpect.cpython-310.pyc
1750563381|Leonardo|M|/venv/lib/python3.10/site-packages/pexpect/__pycache__/spawnbase.cpython-310.pyc
1750563381|Leonardo|M|/venv/lib/python3.10/site-packages/pexpect/__pycache__/utils.cpython-310.pyc
1750563381|Leonardo|M|/venv/lib/python3.10/site-packages/pip-22.0.2.dist-info/RECORD
1750563381|Leonardo|M|/venv/lib/python3.10/site-packages/pip/__pycache__/__init__.cpython-310.pyc
1750563381|Leonardo|M|/venv/lib/python3.10/site-packages/pip/__pycache__/__main__.cpython-310.pyc
1750563381|Leonardo|M|/venv/lib/python3.10/site-packages/pip/_internal/__pycache__/__init__.cpython-310.pyc
1750563381|Leonardo|M|/venv/lib/python3.10/site-packages/pip/_internal/__pycache__/build_env.cpython-310.pyc
1750563381|Leonardo|M|/venv/lib/python3.10/site-packages/pip/_internal/__pycache__/cache.cpython-310.pyc
1750563381|Leonardo|M|/venv/lib/python3.10/site-packages/pip/_internal/__pycache__/configuration.cpython-310.pyc
1750563381|Leonardo|M|/venv/lib/python3.10/site-packages/pip/_internal/__pycache__/exceptions.cpython-310.pyc
1750563381|Leonardo|M|/venv/lib/python3.10/site-packages/pip/_internal/__pycache__/main.cpython-310.pyc
1750563381|Leonardo|M|/venv/lib/python3.10/site-packages/pip/_internal/__pycache__/pyproject.cpython-310.pyc
1750563381|Leonardo|M|/venv/lib/python3.10/site-packages/pip/_internal/__pycache__/self_outdated_check.cpython-310.pyc
1750563381|Leonardo|M|/venv/lib/python3.10/site-packages/pip/_internal/__pycache__/wheel_builder.cpython-310.pyc
1750563381|Leonardo|M|/venv/lib/python3.10/site-packages/pip/_internal/cli/__pycache__/__init__.cpython-310.pyc
1750563381|Leonardo|M|/venv/lib/python3.10/site-packages/pip/_internal/cli/__pycache__/autocompletion.cpython-310.pyc
1750563381|Leonardo|M|/venv/lib/python3.10/site-packages/pip/_internal/cli/__pycache__/base_command.cpython-310.pyc
1750563381|Leonardo|M|/venv/lib/python3.10/site-packages/pip/_internal/cli/__pycache__/cmdoptions.cpython-310.pyc
1750563381|Leonardo|M|/venv/lib/python3.10/site-packages/pip/_internal/cli/__pycache__/command_context.cpython-310.pyc
1750563381|Leonardo|M|/venv/lib/python3.10/site-packages/pip/_internal/cli/__pycache__/main.cpython-310.pyc
1750563381|Leonardo|M|/venv/lib/python3.10/site-packages/pip/_internal/cli/__pycache__/main_parser.cpython-310.pyc
1750563381|Leonardo|M|/venv/lib/python3.10/site-packages/pip/_internal/cli/__pycache__/parser.cpython-310.pyc
1750563381|Leonardo|M|/venv/lib/python3.10/site-packages/pip/_internal/cli/__pycache__/progress_bars.cpython-310.pyc
1750563381|Leonardo|M|/venv/lib/python3.10/site-packages/pip/_internal/cli/__pycache__/req_command.cpython-310.pyc
1750563381|Leonardo|M|/venv/lib/python3.10/site-packages/pip/_internal/cli/__pycache__/spinners.cpython-310.pyc
1750563381|Leonardo|M|/venv/lib/python3.10/site-packages/pip/_internal/cli/__pycache__/status_codes.cpython-310.pyc
1750563381|Leonardo|M|/venv/lib/python3.10/site-packages/pip/_internal/commands/__pycache__/__init__.cpython-310.pyc
1750563381|Leonardo|M|/venv/lib/python3.10/site-packages/pip/_internal/commands/__pycache__/cache.cpython-310.pyc
1750563381|Leonardo|M|/venv/lib/python3.10/site-packages/pip/_internal/commands/__pycache__/check.cpython-310.pyc
1750563381|Leonardo|M|/venv/lib/python3.10/site-packages/pip/_internal/commands/__pycache__/completion.cpython-310.pyc
1750563381|Leonardo|M|/venv/lib/python3.10/site-packages/pip/_internal/commands/__pycache__/configuration.cpython-310.pyc
1750563381|Leonardo|M|/venv/lib/python3.10/site-packages/pip/_internal/commands/__pycache__/debug.cpython-310.pyc
1750563381|Leonardo|M|/venv/lib/python3.10/site-packages/pip/_internal/commands/__pycache__/download.cpython-310.pyc
1750563381|Leonardo|M|/venv/lib/python3.10/site-packages/pip/_internal/commands/__pycache__/freeze.cpython-310.pyc
1750563381|Leonardo|M|/venv/lib/python3.10/site-packages/pip/_internal/commands/__pycache__/hash.cpython-310.pyc
1750563381|Leonardo|M|/venv/lib/python3.10/site-packages/pip/_internal/commands/__pycache__/help.cpython-310.pyc
1750563381|Leonardo|M|/venv/lib/python3.10/site-packages/pip/_internal/commands/__pycache__/index.cpython-310.pyc
1750563381|Leonardo|M|/venv/lib/python3.10/site-packages/pip/_internal/commands/__pycache__/install.cpython-310.pyc
1750563381|Leonardo|M|/venv/lib/python3.10/site-packages/pip/_internal/commands/__pycache__/list.cpython-310.pyc
1750563381|Leonardo|M|/venv/lib/python3.10/site-packages/pip/_internal/commands/__pycache__/search.cpython-310.pyc
1750563381|Leonardo|M|/venv/lib/python3.10/site-packages/pip/_internal/commands/__pycache__/show.cpython-310.pyc
1750563381|Leonardo|M|/venv/lib/python3.10/site-packages/pip/_internal/commands/__pycache__/uninstall.cpython-310.pyc
1750563381|Leonardo|M|/venv/lib/python3.10/site-packages/pip/_internal/commands/__pycache__/wheel.cpython-310.pyc
1750563381|Leonardo|M|/venv/lib/python3.10/site-packages/pip/_internal/distributions/__pycache__/__init__.cpython-310.pyc
1750563381|Leonardo|M|/venv/lib/python3.10/site-packages/pip/_internal/distributions/__pycache__/base.cpython-310.pyc
1750563381|Leonardo|M|/venv/lib/python3.10/site-packages/pip/_internal/distributions/__pycache__/installed.cpython-310.pyc
1750563381|Leonardo|M|/venv/lib/python3.10/site-packages/pip/_internal/distributions/__pycache__/sdist.cpython-310.pyc
1750563381|Leonardo|M|/venv/lib/python3.10/site-packages/pip/_internal/distributions/__pycache__/wheel.cpython-310.pyc
1750563381|Leonardo|M|/venv/lib/python3.10/site-packages/pip/_internal/index/__pycache__/__init__.cpython-310.pyc
1750563381|Leonardo|M|/venv/lib/python3.10/site-packages/pip/_internal/index/__pycache__/collector.cpython-310.pyc
1750563381|Leonardo|M|/venv/lib/python3.10/site-packages/pip/_internal/index/__pycache__/package_finder.cpython-310.pyc
1750563381|Leonardo|M|/venv/lib/python3.10/site-packages/pip/_internal/index/__pycache__/sources.cpython-310.pyc
1750563381|Leonardo|M|/venv/lib/python3.10/site-packages/pip/_internal/locations/__pycache__/__init__.cpython-310.pyc
1750563381|Leonardo|M|/venv/lib/python3.10/site-packages/pip/_internal/locations/__pycache__/_distutils.cpython-310.pyc
1750563381|Leonardo|M|/venv/lib/python3.10/site-packages/pip/_internal/locations/__pycache__/_sysconfig.cpython-310.pyc
1750563381|Leonardo|M|/venv/lib/python3.10/site-packages/pip/_internal/locations/__pycache__/base.cpython-310.pyc
1750563381|Leonardo|M|/venv/lib/python3.10/site-packages/pip/_internal/metadata/__pycache__/__init__.cpython-310.pyc
1750563381|Leonardo|M|/venv/lib/python3.10/site-packages/pip/_internal/metadata/__pycache__/base.cpython-310.pyc
1750563381|Leonardo|M|/venv/lib/python3.10/site-packages/pip/_internal/metadata/__pycache__/pkg_resources.cpython-310.pyc
1750563381|Leonardo|M|/venv/lib/python3.10/site-packages/pip/_internal/models/__pycache__/__init__.cpython-310.pyc
1750563381|Leonardo|M|/venv/lib/python3.10/site-packages/pip/_internal/models/__pycache__/candidate.cpython-310.pyc
1750563381|Leonardo|M|/venv/lib/python3.10/site-packages/pip/_internal/models/__pycache__/direct_url.cpython-310.pyc
1750563381|Leonardo|M|/venv/lib/python3.10/site-packages/pip/_internal/models/__pycache__/format_control.cpython-310.pyc
1750563381|Leonardo|M|/venv/lib/python3.10/site-packages/pip/_internal/models/__pycache__/index.cpython-310.pyc
1750563381|Leonardo|M|/venv/lib/python3.10/site-packages/pip/_internal/models/__pycache__/link.cpython-310.pyc
1750563381|Leonardo|M|/venv/lib/python3.10/site-packages/pip/_internal/models/__pycache__/scheme.cpython-310.pyc
1750563381|Leonardo|M|/venv/lib/python3.10/site-packages/pip/_internal/models/__pycache__/search_scope.cpython-310.pyc
1750563381|Leonardo|M|/venv/lib/python3.10/site-packages/pip/_internal/models/__pycache__/selection_prefs.cpython-310.pyc
1750563381|Leonardo|M|/venv/lib/python3.10/site-packages/pip/_internal/models/__pycache__/target_python.cpython-310.pyc
1750563381|Leonardo|M|/venv/lib/python3.10/site-packages/pip/_internal/models/__pycache__/wheel.cpython-310.pyc
1750563381|Leonardo|M|/venv/lib/python3.10/site-packages/pip/_internal/network/__pycache__/__init__.cpython-310.pyc
1750563381|Leonardo|M|/venv/lib/python3.10/site-packages/pip/_internal/network/__pycache__/auth.cpython-310.pyc
1750563381|Leonardo|M|/venv/lib/python3.10/site-packages/pip/_internal/network/__pycache__/cache.cpython-310.pyc
1750563381|Leonardo|M|/venv/lib/python3.10/site-packages/pip/_internal/network/__pycache__/download.cpython-310.pyc
1750563381|Leonardo|M|/venv/lib/python3.10/site-packages/pip/_internal/network/__pycache__/lazy_wheel.cpython-310.pyc
1750563381|Leonardo|M|/venv/lib/python3.10/site-packages/pip/_internal/network/__pycache__/session.cpython-310.pyc
1750563381|Leonardo|M|/venv/lib/python3.10/site-packages/pip/_internal/network/__pycache__/utils.cpython-310.pyc
1750563381|Leonardo|M|/venv/lib/python3.10/site-packages/pip/_internal/network/__pycache__/xmlrpc.cpython-310.pyc
1750563381|Leonardo|M|/venv/lib/python3.10/site-packages/pip/_internal/operations/__pycache__/__init__.cpython-310.pyc
1750563381|Leonardo|M|/venv/lib/python3.10/site-packages/pip/_internal/operations/__pycache__/check.cpython-310.pyc
1750563381|Leonardo|M|/venv/lib/python3.10/site-packages/pip/_internal/operations/__pycache__/freeze.cpython-310.pyc
1750563381|Leonardo|M|/venv/lib/python3.10/site-packages/pip/_internal/operations/__pycache__/prepare.cpython-310.pyc
1750563381|Leonardo|M|/venv/lib/python3.10/site-packages/pip/_internal/operations/build/__pycache__/__init__.cpython-310.pyc
1750563381|Leonardo|M|/venv/lib/python3.10/site-packages/pip/_internal/operations/build/__pycache__/metadata.cpython-310.pyc
1750563381|Leonardo|M|/venv/lib/python3.10/site-packages/pip/_internal/operations/build/__pycache__/metadata_editable.cpython-310.pyc
1750563381|Leonardo|M|/venv/lib/python3.10/site-packages/pip/_internal/operations/build/__pycache__/metadata_legacy.cpython-310.pyc
1750563381|Leonardo|M|/venv/lib/python3.10/site-packages/pip/_internal/operations/build/__pycache__/wheel.cpython-310.pyc
1750563381|Leonardo|M|/venv/lib/python3.10/site-packages/pip/_internal/operations/build/__pycache__/wheel_editable.cpython-310.pyc
1750563381|Leonardo|M|/venv/lib/python3.10/site-packages/pip/_internal/operations/build/__pycache__/wheel_legacy.cpython-310.pyc
1750563381|Leonardo|M|/venv/lib/python3.10/site-packages/pip/_internal/operations/install/__pycache__/__init__.cpython-310.pyc
1750563381|Leonardo|M|/venv/lib/python3.10/site-packages/pip/_internal/operations/install/__pycache__/editable_legacy.cpython-310.pyc
1750563381|Leonardo|M|/venv/lib/python3.10/site-packages/pip/_internal/operations/install/__pycache__/legacy.cpython-310.pyc
1750563381|Leonardo|M|/venv/lib/python3.10/site-packages/pip/_internal/operations/install/__pycache__/wheel.cpython-310.pyc
1750563381|Leonardo|M|/venv/lib/python3.10/site-packages/pip/_internal/req/__pycache__/__init__.cpython-310.pyc
1750563381|Leonardo|M|/venv/lib/python3.10/site-packages/pip/_internal/req/__pycache__/constructors.cpython-310.pyc
1750563381|Leonardo|M|/venv/lib/python3.10/site-packages/pip/_internal/req/__pycache__/req_file.cpython-310.pyc
1750563381|Leonardo|M|/venv/lib/python3.10/site-packages/pip/_internal/req/__pycache__/req_install.cpython-310.pyc
1750563381|Leonardo|M|/venv/lib/python3.10/site-packages/pip/_internal/req/__pycache__/req_set.cpython-310.pyc
1750563381|Leonardo|M|/venv/lib/python3.10/site-packages/pip/_internal/req/__pycache__/req_tracker.cpython-310.pyc
1750563381|Leonardo|M|/venv/lib/python3.10/site-packages/pip/_internal/req/__pycache__/req_uninstall.cpython-310.pyc
1750563381|Leonardo|M|/venv/lib/python3.10/site-packages/pip/_internal/resolution/__pycache__/__init__.cpython-310.pyc
1750563381|Leonardo|M|/venv/lib/python3.10/site-packages/pip/_internal/resolution/__pycache__/base.cpython-310.pyc
1750563381|Leonardo|M|/venv/lib/python3.10/site-packages/pip/_internal/resolution/legacy/__pycache__/__init__.cpython-310.pyc
1750563381|Leonardo|M|/venv/lib/python3.10/site-packages/pip/_internal/resolution/legacy/__pycache__/resolver.cpython-310.pyc
1750563381|Leonardo|M|/venv/lib/python3.10/site-packages/pip/_internal/resolution/resolvelib/__pycache__/__init__.cpython-310.pyc
1750563381|Leonardo|M|/venv/lib/python3.10/site-packages/pip/_internal/resolution/resolvelib/__pycache__/base.cpython-310.pyc
1750563381|Leonardo|M|/venv/lib/python3.10/site-packages/pip/_internal/resolution/resolvelib/__pycache__/candidates.cpython-310.pyc
1750563381|Leonardo|M|/venv/lib/python3.10/site-packages/pip/_internal/resolution/resolvelib/__pycache__/factory.cpython-310.pyc
1750563381|Leonardo|M|/venv/lib/python3.10/site-packages/pip/_internal/resolution/resolvelib/__pycache__/found_candidates.cpython-310.pyc
1750563381|Leonardo|M|/venv/lib/python3.10/site-packages/pip/_internal/resolution/resolvelib/__pycache__/provider.cpython-310.pyc
1750563381|Leonardo|M|/venv/lib/python3.10/site-packages/pip/_internal/resolution/resolvelib/__pycache__/reporter.cpython-310.pyc
1750563381|Leonardo|M|/venv/lib/python3.10/site-packages/pip/_internal/resolution/resolvelib/__pycache__/requirements.cpython-310.pyc
1750563381|Leonardo|M|/venv/lib/python3.10/site-packages/pip/_internal/resolution/resolvelib/__pycache__/resolver.cpython-310.pyc
1750563381|Leonardo|M|/venv/lib/python3.10/site-packages/pip/_internal/utils/__pycache__/__init__.cpython-310.pyc
1750563381|Leonardo|M|/venv/lib/python3.10/site-packages/pip/_internal/utils/__pycache__/_log.cpython-310.pyc
1750563381|Leonardo|M|/venv/lib/python3.10/site-packages/pip/_internal/utils/__pycache__/appdirs.cpython-310.pyc
1750563381|Leonardo|M|/venv/lib/python3.10/site-packages/pip/_internal/utils/__pycache__/compat.cpython-310.pyc
1750563381|Leonardo|M|/venv/lib/python3.10/site-packages/pip/_internal/utils/__pycache__/compatibility_tags.cpython-310.pyc
1750563381|Leonardo|M|/venv/lib/python3.10/site-packages/pip/_internal/utils/__pycache__/datetime.cpython-310.pyc
1750563381|Leonardo|M|/venv/lib/python3.10/site-packages/pip/_internal/utils/__pycache__/deprecation.cpython-310.pyc
1750563381|Leonardo|M|/venv/lib/python3.10/site-packages/pip/_internal/utils/__pycache__/direct_url_helpers.cpython-310.pyc
1750563381|Leonardo|M|/venv/lib/python3.10/site-packages/pip/_internal/utils/__pycache__/distutils_args.cpython-310.pyc
1750563381|Leonardo|M|/venv/lib/python3.10/site-packages/pip/_internal/utils/__pycache__/egg_link.cpython-310.pyc
1750563381|Leonardo|M|/venv/lib/python3.10/site-packages/pip/_internal/utils/__pycache__/encoding.cpython-310.pyc
1750563381|Leonardo|M|/venv/lib/python3.10/site-packages/pip/_internal/utils/__pycache__/entrypoints.cpython-310.pyc
1750563381|Leonardo|M|/venv/lib/python3.10/site-packages/pip/_internal/utils/__pycache__/filesystem.cpython-310.pyc
1750563381|Leonardo|M|/venv/lib/python3.10/site-packages/pip/_internal/utils/__pycache__/filetypes.cpython-310.pyc
1750563381|Leonardo|M|/venv/lib/python3.10/site-packages/pip/_internal/utils/__pycache__/glibc.cpython-310.pyc
1750563381|Leonardo|M|/venv/lib/python3.10/site-packages/pip/_internal/utils/__pycache__/hashes.cpython-310.pyc
1750563381|Leonardo|M|/venv/lib/python3.10/site-packages/pip/_internal/utils/__pycache__/inject_securetransport.cpython-310.pyc
1750563381|Leonardo|M|/venv/lib/python3.10/site-packages/pip/_internal/utils/__pycache__/logging.cpython-310.pyc
1750563381|Leonardo|M|/venv/lib/python3.10/site-packages/pip/_internal/utils/__pycache__/misc.cpython-310.pyc
1750563381|Leonardo|M|/venv/lib/python3.10/site-packages/pip/_internal/utils/__pycache__/models.cpython-310.pyc
1750563381|Leonardo|M|/venv/lib/python3.10/site-packages/pip/_internal/utils/__pycache__/packaging.cpython-310.pyc
1750563381|Leonardo|M|/venv/lib/python3.10/site-packages/pip/_internal/utils/__pycache__/setuptools_build.cpython-310.pyc
1750563381|Leonardo|M|/venv/lib/python3.10/site-packages/pip/_internal/utils/__pycache__/subprocess.cpython-310.pyc
1750563381|Leonardo|M|/venv/lib/python3.10/site-packages/pip/_internal/utils/__pycache__/temp_dir.cpython-310.pyc
1750563381|Leonardo|M|/venv/lib/python3.10/site-packages/pip/_internal/utils/__pycache__/unpacking.cpython-310.pyc
1750563381|Leonardo|M|/venv/lib/python3.10/site-packages/pip/_internal/utils/__pycache__/urls.cpython-310.pyc
1750563381|Leonardo|M|/venv/lib/python3.10/site-packages/pip/_internal/utils/__pycache__/virtualenv.cpython-310.pyc
1750563381|Leonardo|M|/venv/lib/python3.10/site-packages/pip/_internal/utils/__pycache__/wheel.cpython-310.pyc
1750563381|Leonardo|M|/venv/lib/python3.10/site-packages/pip/_internal/vcs/__pycache__/__init__.cpython-310.pyc
1750563381|Leonardo|M|/venv/lib/python3.10/site-packages/pip/_internal/vcs/__pycache__/bazaar.cpython-310.pyc
1750563381|Leonardo|M|/venv/lib/python3.10/site-packages/pip/_internal/vcs/__pycache__/git.cpython-310.pyc
1750563381|Leonardo|M|/venv/lib/python3.10/site-packages/pip/_internal/vcs/__pycache__/mercurial.cpython-310.pyc
1750563381|Leonardo|M|/venv/lib/python3.10/site-packages/pip/_internal/vcs/__pycache__/subversion.cpython-310.pyc
1750563381|Leonardo|M|/venv/lib/python3.10/site-packages/pip/_internal/vcs/__pycache__/versioncontrol.cpython-310.pyc
1750563381|Leonardo|M|/venv/lib/python3.10/site-packages/pip/_vendor/__pycache__/__init__.cpython-310.pyc
1750563381|Leonardo|M|/venv/lib/python3.10/site-packages/pip/_vendor/__pycache__/distro.cpython-310.pyc
1750563381|Leonardo|M|/venv/lib/python3.10/site-packages/pip/_vendor/__pycache__/six.cpython-310.pyc
1750563381|Leonardo|M|/venv/lib/python3.10/site-packages/pip/_vendor/__pycache__/typing_extensions.cpython-310.pyc
1750563381|Leonardo|M|/venv/lib/python3.10/site-packages/pip/_vendor/cachecontrol/__pycache__/__init__.cpython-310.pyc
1750563381|Leonardo|M|/venv/lib/python3.10/site-packages/pip/_vendor/cachecontrol/__pycache__/_cmd.cpython-310.pyc
1750563381|Leonardo|M|/venv/lib/python3.10/site-packages/pip/_vendor/cachecontrol/__pycache__/adapter.cpython-310.pyc
1750563381|Leonardo|M|/venv/lib/python3.10/site-packages/pip/_vendor/cachecontrol/__pycache__/cache.cpython-310.pyc
1750563381|Leonardo|M|/venv/lib/python3.10/site-packages/pip/_vendor/cachecontrol/__pycache__/compat.cpython-310.pyc
1750563381|Leonardo|M|/venv/lib/python3.10/site-packages/pip/_vendor/cachecontrol/__pycache__/controller.cpython-310.pyc
1750563381|Leonardo|M|/venv/lib/python3.10/site-packages/pip/_vendor/cachecontrol/__pycache__/filewrapper.cpython-310.pyc
1750563381|Leonardo|M|/venv/lib/python3.10/site-packages/pip/_vendor/cachecontrol/__pycache__/heuristics.cpython-310.pyc
1750563381|Leonardo|M|/venv/lib/python3.10/site-packages/pip/_vendor/cachecontrol/__pycache__/serialize.cpython-310.pyc
1750563381|Leonardo|M|/venv/lib/python3.10/site-packages/pip/_vendor/cachecontrol/__pycache__/wrapper.cpython-310.pyc
1750563381|Leonardo|M|/venv/lib/python3.10/site-packages/pip/_vendor/cachecontrol/caches/__pycache__/__init__.cpython-310.pyc
1750563381|Leonardo|M|/venv/lib/python3.10/site-packages/pip/_vendor/cachecontrol/caches/__pycache__/file_cache.cpython-310.pyc
1750563381|Leonardo|M|/venv/lib/python3.10/site-packages/pip/_vendor/cachecontrol/caches/__pycache__/redis_cache.cpython-310.pyc
1750563381|Leonardo|M|/venv/lib/python3.10/site-packages/pip/_vendor/certifi/__pycache__/__init__.cpython-310.pyc
1750563381|Leonardo|M|/venv/lib/python3.10/site-packages/pip/_vendor/certifi/__pycache__/__main__.cpython-310.pyc
1750563381|Leonardo|M|/venv/lib/python3.10/site-packages/pip/_vendor/certifi/__pycache__/core.cpython-310.pyc
1750563381|Leonardo|M|/venv/lib/python3.10/site-packages/pip/_vendor/chardet/__pycache__/__init__.cpython-310.pyc
1750563381|Leonardo|M|/venv/lib/python3.10/site-packages/pip/_vendor/chardet/__pycache__/big5freq.cpython-310.pyc
1750563381|Leonardo|M|/venv/lib/python3.10/site-packages/pip/_vendor/chardet/__pycache__/big5prober.cpython-310.pyc
1750563381|Leonardo|M|/venv/lib/python3.10/site-packages/pip/_vendor/chardet/__pycache__/chardistribution.cpython-310.pyc
1750563381|Leonardo|M|/venv/lib/python3.10/site-packages/pip/_vendor/chardet/__pycache__/charsetgroupprober.cpython-310.pyc
1750563381|Leonardo|M|/venv/lib/python3.10/site-packages/pip/_vendor/chardet/__pycache__/charsetprober.cpython-310.pyc
1750563381|Leonardo|M|/venv/lib/python3.10/site-packages/pip/_vendor/chardet/__pycache__/codingstatemachine.cpython-310.pyc
1750563381|Leonardo|M|/venv/lib/python3.10/site-packages/pip/_vendor/chardet/__pycache__/compat.cpython-310.pyc
1750563381|Leonardo|M|/venv/lib/python3.10/site-packages/pip/_vendor/chardet/__pycache__/cp949prober.cpython-310.pyc
1750563381|Leonardo|M|/venv/lib/python3.10/site-packages/pip/_vendor/chardet/__pycache__/enums.cpython-310.pyc
1750563381|Leonardo|M|/venv/lib/python3.10/site-packages/pip/_vendor/chardet/__pycache__/escprober.cpython-310.pyc
1750563381|Leonardo|M|/venv/lib/python3.10/site-packages/pip/_vendor/chardet/__pycache__/escsm.cpython-310.pyc
1750563381|Leonardo|M|/venv/lib/python3.10/site-packages/pip/_vendor/chardet/__pycache__/eucjpprober.cpython-310.pyc
1750563381|Leonardo|M|/venv/lib/python3.10/site-packages/pip/_vendor/chardet/__pycache__/euckrfreq.cpython-310.pyc
1750563381|Leonardo|M|/venv/lib/python3.10/site-packages/pip/_vendor/chardet/__pycache__/euckrprober.cpython-310.pyc
1750563381|Leonardo|M|/venv/lib/python3.10/site-packages/pip/_vendor/chardet/__pycache__/euctwfreq.cpython-310.pyc
1750563381|Leonardo|M|/venv/lib/python3.10/site-packages/pip/_vendor/chardet/__pycache__/euctwprober.cpython-310.pyc
1750563381|Leonardo|M|/venv/lib/python3.10/site-packages/pip/_vendor/chardet/__pycache__/gb2312freq.cpython-310.pyc
1750563381|Leonardo|M|/venv/lib/python3.10/site-packages/pip/_vendor/chardet/__pycache__/gb2312prober.cpython-310.pyc
1750563381|Leonardo|M|/venv/lib/python3.10/site-packages/pip/_vendor/chardet/__pycache__/hebrewprober.cpython-310.pyc
1750563381|Leonardo|M|/venv/lib/python3.10/site-packages/pip/_vendor/chardet/__pycache__/jisfreq.cpython-310.pyc
1750563381|Leonardo|M|/venv/lib/python3.10/site-packages/pip/_vendor/chardet/__pycache__/jpcntx.cpython-310.pyc
1750563381|Leonardo|M|/venv/lib/python3.10/site-packages/pip/_vendor/chardet/__pycache__/langbulgarianmodel.cpython-310.pyc
1750563381|Leonardo|M|/venv/lib/python3.10/site-packages/pip/_vendor/chardet/__pycache__/langgreekmodel.cpython-310.pyc
1750563381|Leonardo|M|/venv/lib/python3.10/site-packages/pip/_vendor/chardet/__pycache__/langhebrewmodel.cpython-310.pyc
1750563381|Leonardo|M|/venv/lib/python3.10/site-packages/pip/_vendor/chardet/__pycache__/langhungarianmodel.cpython-310.pyc
1750563381|Leonardo|M|/venv/lib/python3.10/site-packages/pip/_vendor/chardet/__pycache__/langrussianmodel.cpython-310.pyc
1750563381|Leonardo|M|/venv/lib/python3.10/site-packages/pip/_vendor/chardet/__pycache__/langthaimodel.cpython-310.pyc
1750563381|Leonardo|M|/venv/lib/python3.10/site-packages/pip/_vendor/chardet/__pycache__/langturkishmodel.cpython-310.pyc
1750563381|Leonardo|M|/venv/lib/python3.10/site-packages/pip/_vendor/chardet/__pycache__/latin1prober.cpython-310.pyc
1750563381|Leonardo|M|/venv/lib/python3.10/site-packages/pip/_vendor/chardet/__pycache__/mbcharsetprober.cpython-310.pyc
1750563381|Leonardo|M|/venv/lib/python3.10/site-packages/pip/_vendor/chardet/__pycache__/mbcsgroupprober.cpython-310.pyc
1750563381|Leonardo|M|/venv/lib/python3.10/site-packages/pip/_vendor/chardet/__pycache__/mbcssm.cpython-310.pyc
1750563381|Leonardo|M|/venv/lib/python3.10/site-packages/pip/_vendor/chardet/__pycache__/sbcharsetprober.cpython-310.pyc
1750563381|Leonardo|M|/venv/lib/python3.10/site-packages/pip/_vendor/chardet/__pycache__/sbcsgroupprober.cpython-310.pyc
1750563381|Leonardo|M|/venv/lib/python3.10/site-packages/pip/_vendor/chardet/__pycache__/sjisprober.cpython-310.pyc
1750563381|Leonardo|M|/venv/lib/python3.10/site-packages/pip/_vendor/chardet/__pycache__/universaldetector.cpython-310.pyc
1750563381|Leonardo|M|/venv/lib/python3.10/site-packages/pip/_vendor/chardet/__pycache__/utf8prober.cpython-310.pyc
1750563381|Leonardo|M|/venv/lib/python3.10/site-packages/pip/_vendor/chardet/__pycache__/version.cpython-310.pyc
1750563381|Leonardo|M|/venv/lib/python3.10/site-packages/pip/_vendor/chardet/cli/__pycache__/__init__.cpython-310.pyc
1750563381|Leonardo|M|/venv/lib/python3.10/site-packages/pip/_vendor/chardet/cli/__pycache__/chardetect.cpython-310.pyc
1750563381|Leonardo|M|/venv/lib/python3.10/site-packages/pip/_vendor/chardet/metadata/__pycache__/__init__.cpython-310.pyc
1750563381|Leonardo|M|/venv/lib/python3.10/site-packages/pip/_vendor/chardet/metadata/__pycache__/languages.cpython-310.pyc
1750563381|Leonardo|M|/venv/lib/python3.10/site-packages/pip/_vendor/colorama/__pycache__/__init__.cpython-310.pyc
1750563381|Leonardo|M|/venv/lib/python3.10/site-packages/pip/_vendor/colorama/__pycache__/ansi.cpython-310.pyc
1750563381|Leonardo|M|/venv/lib/python3.10/site-packages/pip/_vendor/colorama/__pycache__/ansitowin32.cpython-310.pyc
1750563381|Leonardo|M|/venv/lib/python3.10/site-packages/pip/_vendor/colorama/__pycache__/initialise.cpython-310.pyc
1750563381|Leonardo|M|/venv/lib/python3.10/site-packages/pip/_vendor/colorama/__pycache__/win32.cpython-310.pyc
1750563381|Leonardo|M|/venv/lib/python3.10/site-packages/pip/_vendor/colorama/__pycache__/winterm.cpython-310.pyc
1750563381|Leonardo|M|/venv/lib/python3.10/site-packages/pip/_vendor/distlib/__pycache__/__init__.cpython-310.pyc
1750563381|Leonardo|M|/venv/lib/python3.10/site-packages/pip/_vendor/distlib/__pycache__/compat.cpython-310.pyc
1750563381|Leonardo|M|/venv/lib/python3.10/site-packages/pip/_vendor/distlib/__pycache__/database.cpython-310.pyc
1750563381|Leonardo|M|/venv/lib/python3.10/site-packages/pip/_vendor/distlib/__pycache__/index.cpython-310.pyc
1750563381|Leonardo|M|/venv/lib/python3.10/site-packages/pip/_vendor/distlib/__pycache__/locators.cpython-310.pyc
1750563381|Leonardo|M|/venv/lib/python3.10/site-packages/pip/_vendor/distlib/__pycache__/manifest.cpython-310.pyc
1750563381|Leonardo|M|/venv/lib/python3.10/site-packages/pip/_vendor/distlib/__pycache__/markers.cpython-310.pyc
1750563381|Leonardo|M|/venv/lib/python3.10/site-packages/pip/_vendor/distlib/__pycache__/metadata.cpython-310.pyc
1750563381|Leonardo|M|/venv/lib/python3.10/site-packages/pip/_vendor/distlib/__pycache__/resources.cpython-310.pyc
1750563381|Leonardo|M|/venv/lib/python3.10/site-packages/pip/_vendor/distlib/__pycache__/scripts.cpython-310.pyc
1750563381|Leonardo|M|/venv/lib/python3.10/site-packages/pip/_vendor/distlib/__pycache__/util.cpython-310.pyc
1750563381|Leonardo|M|/venv/lib/python3.10/site-packages/pip/_vendor/distlib/__pycache__/version.cpython-310.pyc
1750563381|Leonardo|M|/venv/lib/python3.10/site-packages/pip/_vendor/distlib/__pycache__/wheel.cpython-310.pyc
1750563381|Leonardo|M|/venv/lib/python3.10/site-packages/pip/_vendor/html5lib/__pycache__/__init__.cpython-310.pyc
1750563381|Leonardo|M|/venv/lib/python3.10/site-packages/pip/_vendor/html5lib/__pycache__/_ihatexml.cpython-310.pyc
1750563381|Leonardo|M|/venv/lib/python3.10/site-packages/pip/_vendor/html5lib/__pycache__/_inputstream.cpython-310.pyc
1750563381|Leonardo|M|/venv/lib/python3.10/site-packages/pip/_vendor/html5lib/__pycache__/_tokenizer.cpython-310.pyc
1750563381|Leonardo|M|/venv/lib/python3.10/site-packages/pip/_vendor/html5lib/__pycache__/_utils.cpython-310.pyc
1750563381|Leonardo|M|/venv/lib/python3.10/site-packages/pip/_vendor/html5lib/__pycache__/constants.cpython-310.pyc
1750563381|Leonardo|M|/venv/lib/python3.10/site-packages/pip/_vendor/html5lib/__pycache__/html5parser.cpython-310.pyc
1750563381|Leonardo|M|/venv/lib/python3.10/site-packages/pip/_vendor/html5lib/__pycache__/serializer.cpython-310.pyc
1750563381|Leonardo|M|/venv/lib/python3.10/site-packages/pip/_vendor/html5lib/_trie/__pycache__/__init__.cpython-310.pyc
1750563381|Leonardo|M|/venv/lib/python3.10/site-packages/pip/_vendor/html5lib/_trie/__pycache__/_base.cpython-310.pyc
1750563381|Leonardo|M|/venv/lib/python3.10/site-packages/pip/_vendor/html5lib/_trie/__pycache__/py.cpython-310.pyc
1750563381|Leonardo|M|/venv/lib/python3.10/site-packages/pip/_vendor/html5lib/filters/__pycache__/__init__.cpython-310.pyc
1750563381|Leonardo|M|/venv/lib/python3.10/site-packages/pip/_vendor/html5lib/filters/__pycache__/alphabeticalattributes.cpython-310.pyc
1750563381|Leonardo|M|/venv/lib/python3.10/site-packages/pip/_vendor/html5lib/filters/__pycache__/base.cpython-310.pyc
1750563381|Leonardo|M|/venv/lib/python3.10/site-packages/pip/_vendor/html5lib/filters/__pycache__/inject_meta_charset.cpython-310.pyc
1750563381|Leonardo|M|/venv/lib/python3.10/site-packages/pip/_vendor/html5lib/filters/__pycache__/lint.cpython-310.pyc
1750563381|Leonardo|M|/venv/lib/python3.10/site-packages/pip/_vendor/html5lib/filters/__pycache__/optionaltags.cpython-310.pyc
1750563381|Leonardo|M|/venv/lib/python3.10/site-packages/pip/_vendor/html5lib/filters/__pycache__/sanitizer.cpython-310.pyc
1750563381|Leonardo|M|/venv/lib/python3.10/site-packages/pip/_vendor/html5lib/filters/__pycache__/whitespace.cpython-310.pyc
1750563381|Leonardo|M|/venv/lib/python3.10/site-packages/pip/_vendor/html5lib/treeadapters/__pycache__/__init__.cpython-310.pyc
1750563381|Leonardo|M|/venv/lib/python3.10/site-packages/pip/_vendor/html5lib/treeadapters/__pycache__/genshi.cpython-310.pyc
1750563381|Leonardo|M|/venv/lib/python3.10/site-packages/pip/_vendor/html5lib/treeadapters/__pycache__/sax.cpython-310.pyc
1750563381|Leonardo|M|/venv/lib/python3.10/site-packages/pip/_vendor/html5lib/treebuilders/__pycache__/__init__.cpython-310.pyc
1750563381|Leonardo|M|/venv/lib/python3.10/site-packages/pip/_vendor/html5lib/treebuilders/__pycache__/base.cpython-310.pyc
1750563381|Leonardo|M|/venv/lib/python3.10/site-packages/pip/_vendor/html5lib/treebuilders/__pycache__/dom.cpython-310.pyc
1750563381|Leonardo|M|/venv/lib/python3.10/site-packages/pip/_vendor/html5lib/treebuilders/__pycache__/etree.cpython-310.pyc
1750563381|Leonardo|M|/venv/lib/python3.10/site-packages/pip/_vendor/html5lib/treebuilders/__pycache__/etree_lxml.cpython-310.pyc
1750563381|Leonardo|M|/venv/lib/python3.10/site-packages/pip/_vendor/html5lib/treewalkers/__pycache__/__init__.cpython-310.pyc
1750563381|Leonardo|M|/venv/lib/python3.10/site-packages/pip/_vendor/html5lib/treewalkers/__pycache__/base.cpython-310.pyc
1750563381|Leonardo|M|/venv/lib/python3.10/site-packages/pip/_vendor/html5lib/treewalkers/__pycache__/dom.cpython-310.pyc
1750563381|Leonardo|M|/venv/lib/python3.10/site-packages/pip/_vendor/html5lib/treewalkers/__pycache__/etree.cpython-310.pyc
1750563381|Leonardo|M|/venv/lib/python3.10/site-packages/pip/_vendor/html5lib/treewalkers/__pycache__/etree_lxml.cpython-310.pyc
1750563381|Leonardo|M|/venv/lib/python3.10/site-packages/pip/_vendor/html5lib/treewalkers/__pycache__/genshi.cpython-310.pyc
1750563381|Leonardo|M|/venv/lib/python3.10/site-packages/pip/_vendor/idna/__pycache__/__init__.cpython-310.pyc
1750563381|Leonardo|M|/venv/lib/python3.10/site-packages/pip/_vendor/idna/__pycache__/codec.cpython-310.pyc
1750563381|Leonardo|M|/venv/lib/python3.10/site-packages/pip/_vendor/idna/__pycache__/compat.cpython-310.pyc
1750563381|Leonardo|M|/venv/lib/python3.10/site-packages/pip/_vendor/idna/__pycache__/core.cpython-310.pyc
1750563381|Leonardo|M|/venv/lib/python3.10/site-packages/pip/_vendor/idna/__pycache__/idnadata.cpython-310.pyc
1750563381|Leonardo|M|/venv/lib/python3.10/site-packages/pip/_vendor/idna/__pycache__/intranges.cpython-310.pyc
1750563381|Leonardo|M|/venv/lib/python3.10/site-packages/pip/_vendor/idna/__pycache__/package_data.cpython-310.pyc
1750563381|Leonardo|M|/venv/lib/python3.10/site-packages/pip/_vendor/idna/__pycache__/uts46data.cpython-310.pyc
1750563381|Leonardo|M|/venv/lib/python3.10/site-packages/pip/_vendor/msgpack/__pycache__/__init__.cpython-310.pyc
1750563381|Leonardo|M|/venv/lib/python3.10/site-packages/pip/_vendor/msgpack/__pycache__/_version.cpython-310.pyc
1750563381|Leonardo|M|/venv/lib/python3.10/site-packages/pip/_vendor/msgpack/__pycache__/exceptions.cpython-310.pyc
1750563381|Leonardo|M|/venv/lib/python3.10/site-packages/pip/_vendor/msgpack/__pycache__/ext.cpython-310.pyc
1750563381|Leonardo|M|/venv/lib/python3.10/site-packages/pip/_vendor/msgpack/__pycache__/fallback.cpython-310.pyc
1750563381|Leonardo|M|/venv/lib/python3.10/site-packages/pip/_vendor/packaging/__pycache__/__about__.cpython-310.pyc
1750563381|Leonardo|M|/venv/lib/python3.10/site-packages/pip/_vendor/packaging/__pycache__/__init__.cpython-310.pyc
1750563381|Leonardo|M|/venv/lib/python3.10/site-packages/pip/_vendor/packaging/__pycache__/_manylinux.cpython-310.pyc
1750563381|Leonardo|M|/venv/lib/python3.10/site-packages/pip/_vendor/packaging/__pycache__/_musllinux.cpython-310.pyc
1750563381|Leonardo|M|/venv/lib/python3.10/site-packages/pip/_vendor/packaging/__pycache__/_structures.cpython-310.pyc
1750563381|Leonardo|M|/venv/lib/python3.10/site-packages/pip/_vendor/packaging/__pycache__/markers.cpython-310.pyc
1750563381|Leonardo|M|/venv/lib/python3.10/site-packages/pip/_vendor/packaging/__pycache__/requirements.cpython-310.pyc
1750563381|Leonardo|M|/venv/lib/python3.10/site-packages/pip/_vendor/packaging/__pycache__/specifiers.cpython-310.pyc
1750563381|Leonardo|M|/venv/lib/python3.10/site-packages/pip/_vendor/packaging/__pycache__/tags.cpython-310.pyc
1750563381|Leonardo|M|/venv/lib/python3.10/site-packages/pip/_vendor/packaging/__pycache__/utils.cpython-310.pyc
1750563381|Leonardo|M|/venv/lib/python3.10/site-packages/pip/_vendor/packaging/__pycache__/version.cpython-310.pyc
1750563381|Leonardo|M|/venv/lib/python3.10/site-packages/pip/_vendor/pep517/__pycache__/__init__.cpython-310.pyc
1750563381|Leonardo|M|/venv/lib/python3.10/site-packages/pip/_vendor/pep517/__pycache__/build.cpython-310.pyc
1750563381|Leonardo|M|/venv/lib/python3.10/site-packages/pip/_vendor/pep517/__pycache__/check.cpython-310.pyc
1750563381|Leonardo|M|/venv/lib/python3.10/site-packages/pip/_vendor/pep517/__pycache__/colorlog.cpython-310.pyc
1750563381|Leonardo|M|/venv/lib/python3.10/site-packages/pip/_vendor/pep517/__pycache__/compat.cpython-310.pyc
1750563381|Leonardo|M|/venv/lib/python3.10/site-packages/pip/_vendor/pep517/__pycache__/dirtools.cpython-310.pyc
1750563381|Leonardo|M|/venv/lib/python3.10/site-packages/pip/_vendor/pep517/__pycache__/envbuild.cpython-310.pyc
1750563381|Leonardo|M|/venv/lib/python3.10/site-packages/pip/_vendor/pep517/__pycache__/meta.cpython-310.pyc
1750563381|Leonardo|M|/venv/lib/python3.10/site-packages/pip/_vendor/pep517/__pycache__/wrappers.cpython-310.pyc
1750563381|Leonardo|M|/venv/lib/python3.10/site-packages/pip/_vendor/pep517/in_process/__pycache__/__init__.cpython-310.pyc
1750563381|Leonardo|M|/venv/lib/python3.10/site-packages/pip/_vendor/pep517/in_process/__pycache__/_in_process.cpython-310.pyc
1750563381|Leonardo|M|/venv/lib/python3.10/site-packages/pip/_vendor/pkg_resources/__pycache__/__init__.cpython-310.pyc
1750563381|Leonardo|M|/venv/lib/python3.10/site-packages/pip/_vendor/pkg_resources/__pycache__/py31compat.cpython-310.pyc
1750563381|Leonardo|M|/venv/lib/python3.10/site-packages/pip/_vendor/platformdirs/__pycache__/__init__.cpython-310.pyc
1750563381|Leonardo|M|/venv/lib/python3.10/site-packages/pip/_vendor/platformdirs/__pycache__/__main__.cpython-310.pyc
1750563381|Leonardo|M|/venv/lib/python3.10/site-packages/pip/_vendor/platformdirs/__pycache__/android.cpython-310.pyc
1750563381|Leonardo|M|/venv/lib/python3.10/site-packages/pip/_vendor/platformdirs/__pycache__/api.cpython-310.pyc
1750563381|Leonardo|M|/venv/lib/python3.10/site-packages/pip/_vendor/platformdirs/__pycache__/macos.cpython-310.pyc
1750563381|Leonardo|M|/venv/lib/python3.10/site-packages/pip/_vendor/platformdirs/__pycache__/unix.cpython-310.pyc
1750563381|Leonardo|M|/venv/lib/python3.10/site-packages/pip/_vendor/platformdirs/__pycache__/version.cpython-310.pyc
1750563381|Leonardo|M|/venv/lib/python3.10/site-packages/pip/_vendor/platformdirs/__pycache__/windows.cpython-310.pyc
1750563381|Leonardo|M|/venv/lib/python3.10/site-packages/pip/_vendor/progress/__pycache__/__init__.cpython-310.pyc
1750563381|Leonardo|M|/venv/lib/python3.10/site-packages/pip/_vendor/progress/__pycache__/bar.cpython-310.pyc
1750563381|Leonardo|M|/venv/lib/python3.10/site-packages/pip/_vendor/progress/__pycache__/colors.cpython-310.pyc
1750563381|Leonardo|M|/venv/lib/python3.10/site-packages/pip/_vendor/progress/__pycache__/counter.cpython-310.pyc
1750563381|Leonardo|M|/venv/lib/python3.10/site-packages/pip/_vendor/progress/__pycache__/spinner.cpython-310.pyc
1750563381|Leonardo|M|/venv/lib/python3.10/site-packages/pip/_vendor/pygments/__pycache__/__init__.cpython-310.pyc
1750563381|Leonardo|M|/venv/lib/python3.10/site-packages/pip/_vendor/pygments/__pycache__/__main__.cpython-310.pyc
1750563381|Leonardo|M|/venv/lib/python3.10/site-packages/pip/_vendor/pygments/__pycache__/cmdline.cpython-310.pyc
1750563381|Leonardo|M|/venv/lib/python3.10/site-packages/pip/_vendor/pygments/__pycache__/console.cpython-310.pyc
1750563381|Leonardo|M|/venv/lib/python3.10/site-packages/pip/_vendor/pygments/__pycache__/filter.cpython-310.pyc
1750563381|Leonardo|M|/venv/lib/python3.10/site-packages/pip/_vendor/pygments/__pycache__/formatter.cpython-310.pyc
1750563381|Leonardo|M|/venv/lib/python3.10/site-packages/pip/_vendor/pygments/__pycache__/lexer.cpython-310.pyc
1750563381|Leonardo|M|/venv/lib/python3.10/site-packages/pip/_vendor/pygments/__pycache__/modeline.cpython-310.pyc
1750563381|Leonardo|M|/venv/lib/python3.10/site-packages/pip/_vendor/pygments/__pycache__/plugin.cpython-310.pyc
1750563381|Leonardo|M|/venv/lib/python3.10/site-packages/pip/_vendor/pygments/__pycache__/regexopt.cpython-310.pyc
1750563381|Leonardo|M|/venv/lib/python3.10/site-packages/pip/_vendor/pygments/__pycache__/scanner.cpython-310.pyc
1750563381|Leonardo|M|/venv/lib/python3.10/site-packages/pip/_vendor/pygments/__pycache__/sphinxext.cpython-310.pyc
1750563381|Leonardo|M|/venv/lib/python3.10/site-packages/pip/_vendor/pygments/__pycache__/style.cpython-310.pyc
1750563381|Leonardo|M|/venv/lib/python3.10/site-packages/pip/_vendor/pygments/__pycache__/token.cpython-310.pyc
1750563381|Leonardo|M|/venv/lib/python3.10/site-packages/pip/_vendor/pygments/__pycache__/unistring.cpython-310.pyc
1750563381|Leonardo|M|/venv/lib/python3.10/site-packages/pip/_vendor/pygments/__pycache__/util.cpython-310.pyc
1750563381|Leonardo|M|/venv/lib/python3.10/site-packages/pip/_vendor/pygments/filters/__pycache__/__init__.cpython-310.pyc
1750563381|Leonardo|M|/venv/lib/python3.10/site-packages/pip/_vendor/pygments/formatters/__pycache__/__init__.cpython-310.pyc
1750563381|Leonardo|M|/venv/lib/python3.10/site-packages/pip/_vendor/pygments/formatters/__pycache__/_mapping.cpython-310.pyc
1750563381|Leonardo|M|/venv/lib/python3.10/site-packages/pip/_vendor/pygments/formatters/__pycache__/bbcode.cpython-310.pyc
1750563381|Leonardo|M|/venv/lib/python3.10/site-packages/pip/_vendor/pygments/formatters/__pycache__/groff.cpython-310.pyc
1750563381|Leonardo|M|/venv/lib/python3.10/site-packages/pip/_vendor/pygments/formatters/__pycache__/html.cpython-310.pyc
1750563381|Leonardo|M|/venv/lib/python3.10/site-packages/pip/_vendor/pygments/formatters/__pycache__/img.cpython-310.pyc
1750563381|Leonardo|M|/venv/lib/python3.10/site-packages/pip/_vendor/pygments/formatters/__pycache__/irc.cpython-310.pyc
1750563381|Leonardo|M|/venv/lib/python3.10/site-packages/pip/_vendor/pygments/formatters/__pycache__/latex.cpython-310.pyc
1750563381|Leonardo|M|/venv/lib/python3.10/site-packages/pip/_vendor/pygments/formatters/__pycache__/other.cpython-310.pyc
1750563381|Leonardo|M|/venv/lib/python3.10/site-packages/pip/_vendor/pygments/formatters/__pycache__/pangomarkup.cpython-310.pyc
1750563381|Leonardo|M|/venv/lib/python3.10/site-packages/pip/_vendor/pygments/formatters/__pycache__/rtf.cpython-310.pyc
1750563381|Leonardo|M|/venv/lib/python3.10/site-packages/pip/_vendor/pygments/formatters/__pycache__/svg.cpython-310.pyc
1750563381|Leonardo|M|/venv/lib/python3.10/site-packages/pip/_vendor/pygments/formatters/__pycache__/terminal.cpython-310.pyc
1750563381|Leonardo|M|/venv/lib/python3.10/site-packages/pip/_vendor/pygments/formatters/__pycache__/terminal256.cpython-310.pyc
1750563381|Leonardo|M|/venv/lib/python3.10/site-packages/pip/_vendor/pygments/lexers/__pycache__/__init__.cpython-310.pyc
1750563381|Leonardo|M|/venv/lib/python3.10/site-packages/pip/_vendor/pygments/lexers/__pycache__/_mapping.cpython-310.pyc
1750563381|Leonardo|M|/venv/lib/python3.10/site-packages/pip/_vendor/pygments/lexers/__pycache__/python.cpython-310.pyc
1750563381|Leonardo|M|/venv/lib/python3.10/site-packages/pip/_vendor/pygments/styles/__pycache__/__init__.cpython-310.pyc
1750563381|Leonardo|M|/venv/lib/python3.10/site-packages/pip/_vendor/pyparsing/__pycache__/__init__.cpython-310.pyc
1750563381|Leonardo|M|/venv/lib/python3.10/site-packages/pip/_vendor/pyparsing/__pycache__/actions.cpython-310.pyc
1750563381|Leonardo|M|/venv/lib/python3.10/site-packages/pip/_vendor/pyparsing/__pycache__/common.cpython-310.pyc
1750563381|Leonardo|M|/venv/lib/python3.10/site-packages/pip/_vendor/pyparsing/__pycache__/core.cpython-310.pyc
1750563381|Leonardo|M|/venv/lib/python3.10/site-packages/pip/_vendor/pyparsing/__pycache__/exceptions.cpython-310.pyc
1750563381|Leonardo|M|/venv/lib/python3.10/site-packages/pip/_vendor/pyparsing/__pycache__/helpers.cpython-310.pyc
1750563381|Leonardo|M|/venv/lib/python3.10/site-packages/pip/_vendor/pyparsing/__pycache__/results.cpython-310.pyc
1750563381|Leonardo|M|/venv/lib/python3.10/site-packages/pip/_vendor/pyparsing/__pycache__/testing.cpython-310.pyc
1750563381|Leonardo|M|/venv/lib/python3.10/site-packages/pip/_vendor/pyparsing/__pycache__/unicode.cpython-310.pyc
1750563381|Leonardo|M|/venv/lib/python3.10/site-packages/pip/_vendor/pyparsing/__pycache__/util.cpython-310.pyc
1750563381|Leonardo|M|/venv/lib/python3.10/site-packages/pip/_vendor/pyparsing/diagram/__pycache__/__init__.cpython-310.pyc
1750563381|Leonardo|M|/venv/lib/python3.10/site-packages/pip/_vendor/requests/__pycache__/__init__.cpython-310.pyc
1750563381|Leonardo|M|/venv/lib/python3.10/site-packages/pip/_vendor/requests/__pycache__/__version__.cpython-310.pyc
1750563381|Leonardo|M|/venv/lib/python3.10/site-packages/pip/_vendor/requests/__pycache__/_internal_utils.cpython-310.pyc
1750563381|Leonardo|M|/venv/lib/python3.10/site-packages/pip/_vendor/requests/__pycache__/adapters.cpython-310.pyc
1750563381|Leonardo|M|/venv/lib/python3.10/site-packages/pip/_vendor/requests/__pycache__/api.cpython-310.pyc
1750563381|Leonardo|M|/venv/lib/python3.10/site-packages/pip/_vendor/requests/__pycache__/auth.cpython-310.pyc
1750563381|Leonardo|M|/venv/lib/python3.10/site-packages/pip/_vendor/requests/__pycache__/certs.cpython-310.pyc
1750563381|Leonardo|M|/venv/lib/python3.10/site-packages/pip/_vendor/requests/__pycache__/compat.cpython-310.pyc
1750563381|Leonardo|M|/venv/lib/python3.10/site-packages/pip/_vendor/requests/__pycache__/cookies.cpython-310.pyc
1750563381|Leonardo|M|/venv/lib/python3.10/site-packages/pip/_vendor/requests/__pycache__/exceptions.cpython-310.pyc
1750563381|Leonardo|M|/venv/lib/python3.10/site-packages/pip/_vendor/requests/__pycache__/help.cpython-310.pyc
1750563381|Leonardo|M|/venv/lib/python3.10/site-packages/pip/_vendor/requests/__pycache__/hooks.cpython-310.pyc
1750563381|Leonardo|M|/venv/lib/python3.10/site-packages/pip/_vendor/requests/__pycache__/models.cpython-310.pyc
1750563381|Leonardo|M|/venv/lib/python3.10/site-packages/pip/_vendor/requests/__pycache__/packages.cpython-310.pyc
1750563381|Leonardo|M|/venv/lib/python3.10/site-packages/pip/_vendor/requests/__pycache__/sessions.cpython-310.pyc
1750563381|Leonardo|M|/venv/lib/python3.10/site-packages/pip/_vendor/requests/__pycache__/status_codes.cpython-310.pyc
1750563381|Leonardo|M|/venv/lib/python3.10/site-packages/pip/_vendor/requests/__pycache__/structures.cpython-310.pyc
1750563381|Leonardo|M|/venv/lib/python3.10/site-packages/pip/_vendor/requests/__pycache__/utils.cpython-310.pyc
1750563381|Leonardo|M|/venv/lib/python3.10/site-packages/pip/_vendor/resolvelib/__pycache__/__init__.cpython-310.pyc
1750563381|Leonardo|M|/venv/lib/python3.10/site-packages/pip/_vendor/resolvelib/__pycache__/providers.cpython-310.pyc
1750563381|Leonardo|M|/venv/lib/python3.10/site-packages/pip/_vendor/resolvelib/__pycache__/reporters.cpython-310.pyc
1750563381|Leonardo|M|/venv/lib/python3.10/site-packages/pip/_vendor/resolvelib/__pycache__/resolvers.cpython-310.pyc
1750563381|Leonardo|M|/venv/lib/python3.10/site-packages/pip/_vendor/resolvelib/__pycache__/structs.cpython-310.pyc
1750563381|Leonardo|M|/venv/lib/python3.10/site-packages/pip/_vendor/resolvelib/compat/__pycache__/__init__.cpython-310.pyc
1750563381|Leonardo|M|/venv/lib/python3.10/site-packages/pip/_vendor/resolvelib/compat/__pycache__/collections_abc.cpython-310.pyc
1750563381|Leonardo|M|/venv/lib/python3.10/site-packages/pip/_vendor/rich/__pycache__/__init__.cpython-310.pyc
1750563381|Leonardo|M|/venv/lib/python3.10/site-packages/pip/_vendor/rich/__pycache__/__main__.cpython-310.pyc
1750563381|Leonardo|M|/venv/lib/python3.10/site-packages/pip/_vendor/rich/__pycache__/_cell_widths.cpython-310.pyc
1750563381|Leonardo|M|/venv/lib/python3.10/site-packages/pip/_vendor/rich/__pycache__/_emoji_codes.cpython-310.pyc
1750563381|Leonardo|M|/venv/lib/python3.10/site-packages/pip/_vendor/rich/__pycache__/_emoji_replace.cpython-310.pyc
1750563381|Leonardo|M|/venv/lib/python3.10/site-packages/pip/_vendor/rich/__pycache__/_extension.cpython-310.pyc
1750563381|Leonardo|M|/venv/lib/python3.10/site-packages/pip/_vendor/rich/__pycache__/_inspect.cpython-310.pyc
1750563381|Leonardo|M|/venv/lib/python3.10/site-packages/pip/_vendor/rich/__pycache__/_log_render.cpython-310.pyc
1750563381|Leonardo|M|/venv/lib/python3.10/site-packages/pip/_vendor/rich/__pycache__/_loop.cpython-310.pyc
1750563381|Leonardo|M|/venv/lib/python3.10/site-packages/pip/_vendor/rich/__pycache__/_lru_cache.cpython-310.pyc
1750563381|Leonardo|M|/venv/lib/python3.10/site-packages/pip/_vendor/rich/__pycache__/_palettes.cpython-310.pyc
1750563381|Leonardo|M|/venv/lib/python3.10/site-packages/pip/_vendor/rich/__pycache__/_pick.cpython-310.pyc
1750563381|Leonardo|M|/venv/lib/python3.10/site-packages/pip/_vendor/rich/__pycache__/_ratio.cpython-310.pyc
1750563381|Leonardo|M|/venv/lib/python3.10/site-packages/pip/_vendor/rich/__pycache__/_spinners.cpython-310.pyc
1750563381|Leonardo|M|/venv/lib/python3.10/site-packages/pip/_vendor/rich/__pycache__/_stack.cpython-310.pyc
1750563381|Leonardo|M|/venv/lib/python3.10/site-packages/pip/_vendor/rich/__pycache__/_timer.cpython-310.pyc
1750563381|Leonardo|M|/venv/lib/python3.10/site-packages/pip/_vendor/rich/__pycache__/_windows.cpython-310.pyc
1750563381|Leonardo|M|/venv/lib/python3.10/site-packages/pip/_vendor/rich/__pycache__/_wrap.cpython-310.pyc
1750563381|Leonardo|M|/venv/lib/python3.10/site-packages/pip/_vendor/rich/__pycache__/abc.cpython-310.pyc
1750563381|Leonardo|M|/venv/lib/python3.10/site-packages/pip/_vendor/rich/__pycache__/align.cpython-310.pyc
1750563381|Leonardo|M|/venv/lib/python3.10/site-packages/pip/_vendor/rich/__pycache__/ansi.cpython-310.pyc
1750563381|Leonardo|M|/venv/lib/python3.10/site-packages/pip/_vendor/rich/__pycache__/bar.cpython-310.pyc
1750563381|Leonardo|M|/venv/lib/python3.10/site-packages/pip/_vendor/rich/__pycache__/box.cpython-310.pyc
1750563381|Leonardo|M|/venv/lib/python3.10/site-packages/pip/_vendor/rich/__pycache__/cells.cpython-310.pyc
1750563381|Leonardo|M|/venv/lib/python3.10/site-packages/pip/_vendor/rich/__pycache__/color.cpython-310.pyc
1750563381|Leonardo|M|/venv/lib/python3.10/site-packages/pip/_vendor/rich/__pycache__/color_triplet.cpython-310.pyc
1750563381|Leonardo|M|/venv/lib/python3.10/site-packages/pip/_vendor/rich/__pycache__/columns.cpython-310.pyc
1750563381|Leonardo|M|/venv/lib/python3.10/site-packages/pip/_vendor/rich/__pycache__/console.cpython-310.pyc
1750563381|Leonardo|M|/venv/lib/python3.10/site-packages/pip/_vendor/rich/__pycache__/constrain.cpython-310.pyc
1750563381|Leonardo|M|/venv/lib/python3.10/site-packages/pip/_vendor/rich/__pycache__/containers.cpython-310.pyc
1750563381|Leonardo|M|/venv/lib/python3.10/site-packages/pip/_vendor/rich/__pycache__/control.cpython-310.pyc
1750563381|Leonardo|M|/venv/lib/python3.10/site-packages/pip/_vendor/rich/__pycache__/default_styles.cpython-310.pyc
1750563381|Leonardo|M|/venv/lib/python3.10/site-packages/pip/_vendor/rich/__pycache__/diagnose.cpython-310.pyc
1750563381|Leonardo|M|/venv/lib/python3.10/site-packages/pip/_vendor/rich/__pycache__/emoji.cpython-310.pyc
1750563381|Leonardo|M|/venv/lib/python3.10/site-packages/pip/_vendor/rich/__pycache__/errors.cpython-310.pyc
1750563381|Leonardo|M|/venv/lib/python3.10/site-packages/pip/_vendor/rich/__pycache__/file_proxy.cpython-310.pyc
1750563381|Leonardo|M|/venv/lib/python3.10/site-packages/pip/_vendor/rich/__pycache__/filesize.cpython-310.pyc
1750563381|Leonardo|M|/venv/lib/python3.10/site-packages/pip/_vendor/rich/__pycache__/highlighter.cpython-310.pyc
1750563381|Leonardo|M|/venv/lib/python3.10/site-packages/pip/_vendor/rich/__pycache__/json.cpython-310.pyc
1750563381|Leonardo|M|/venv/lib/python3.10/site-packages/pip/_vendor/rich/__pycache__/jupyter.cpython-310.pyc
1750563381|Leonardo|M|/venv/lib/python3.10/site-packages/pip/_vendor/rich/__pycache__/layout.cpython-310.pyc
1750563381|Leonardo|M|/venv/lib/python3.10/site-packages/pip/_vendor/rich/__pycache__/live.cpython-310.pyc
1750563381|Leonardo|M|/venv/lib/python3.10/site-packages/pip/_vendor/rich/__pycache__/live_render.cpython-310.pyc
1750563381|Leonardo|M|/venv/lib/python3.10/site-packages/pip/_vendor/rich/__pycache__/logging.cpython-310.pyc
1750563381|Leonardo|M|/venv/lib/python3.10/site-packages/pip/_vendor/rich/__pycache__/markup.cpython-310.pyc
1750563381|Leonardo|M|/venv/lib/python3.10/site-packages/pip/_vendor/rich/__pycache__/measure.cpython-310.pyc
1750563381|Leonardo|M|/venv/lib/python3.10/site-packages/pip/_vendor/rich/__pycache__/padding.cpython-310.pyc
1750563381|Leonardo|M|/venv/lib/python3.10/site-packages/pip/_vendor/rich/__pycache__/pager.cpython-310.pyc
1750563381|Leonardo|M|/venv/lib/python3.10/site-packages/pip/_vendor/rich/__pycache__/palette.cpython-310.pyc
1750563381|Leonardo|M|/venv/lib/python3.10/site-packages/pip/_vendor/rich/__pycache__/panel.cpython-310.pyc
1750563381|Leonardo|M|/venv/lib/python3.10/site-packages/pip/_vendor/rich/__pycache__/pretty.cpython-310.pyc
1750563381|Leonardo|M|/venv/lib/python3.10/site-packages/pip/_vendor/rich/__pycache__/progress.cpython-310.pyc
1750563381|Leonardo|M|/venv/lib/python3.10/site-packages/pip/_vendor/rich/__pycache__/progress_bar.cpython-310.pyc
1750563381|Leonardo|M|/venv/lib/python3.10/site-packages/pip/_vendor/rich/__pycache__/prompt.cpython-310.pyc
1750563381|Leonardo|M|/venv/lib/python3.10/site-packages/pip/_vendor/rich/__pycache__/protocol.cpython-310.pyc
1750563381|Leonardo|M|/venv/lib/python3.10/site-packages/pip/_vendor/rich/__pycache__/region.cpython-310.pyc
1750563381|Leonardo|M|/venv/lib/python3.10/site-packages/pip/_vendor/rich/__pycache__/repr.cpython-310.pyc
1750563381|Leonardo|M|/venv/lib/python3.10/site-packages/pip/_vendor/rich/__pycache__/rule.cpython-310.pyc
1750563381|Leonardo|M|/venv/lib/python3.10/site-packages/pip/_vendor/rich/__pycache__/scope.cpython-310.pyc
1750563381|Leonardo|M|/venv/lib/python3.10/site-packages/pip/_vendor/rich/__pycache__/screen.cpython-310.pyc
1750563381|Leonardo|M|/venv/lib/python3.10/site-packages/pip/_vendor/rich/__pycache__/segment.cpython-310.pyc
1750563381|Leonardo|M|/venv/lib/python3.10/site-packages/pip/_vendor/rich/__pycache__/spinner.cpython-310.pyc
1750563381|Leonardo|M|/venv/lib/python3.10/site-packages/pip/_vendor/rich/__pycache__/status.cpython-310.pyc
1750563381|Leonardo|M|/venv/lib/python3.10/site-packages/pip/_vendor/rich/__pycache__/style.cpython-310.pyc
1750563381|Leonardo|M|/venv/lib/python3.10/site-packages/pip/_vendor/rich/__pycache__/styled.cpython-310.pyc
1750563381|Leonardo|M|/venv/lib/python3.10/site-packages/pip/_vendor/rich/__pycache__/syntax.cpython-310.pyc
1750563381|Leonardo|M|/venv/lib/python3.10/site-packages/pip/_vendor/rich/__pycache__/table.cpython-310.pyc
1750563381|Leonardo|M|/venv/lib/python3.10/site-packages/pip/_vendor/rich/__pycache__/tabulate.cpython-310.pyc
1750563381|Leonardo|M|/venv/lib/python3.10/site-packages/pip/_vendor/rich/__pycache__/terminal_theme.cpython-310.pyc
1750563381|Leonardo|M|/venv/lib/python3.10/site-packages/pip/_vendor/rich/__pycache__/text.cpython-310.pyc
1750563381|Leonardo|M|/venv/lib/python3.10/site-packages/pip/_vendor/rich/__pycache__/theme.cpython-310.pyc
1750563381|Leonardo|M|/venv/lib/python3.10/site-packages/pip/_vendor/rich/__pycache__/themes.cpython-310.pyc
1750563381|Leonardo|M|/venv/lib/python3.10/site-packages/pip/_vendor/rich/__pycache__/traceback.cpython-310.pyc
1750563381|Leonardo|M|/venv/lib/python3.10/site-packages/pip/_vendor/rich/__pycache__/tree.cpython-310.pyc
1750563381|Leonardo|M|/venv/lib/python3.10/site-packages/pip/_vendor/tenacity/__pycache__/__init__.cpython-310.pyc
1750563381|Leonardo|M|/venv/lib/python3.10/site-packages/pip/_vendor/tenacity/__pycache__/_asyncio.cpython-310.pyc
1750563381|Leonardo|M|/venv/lib/python3.10/site-packages/pip/_vendor/tenacity/__pycache__/_utils.cpython-310.pyc
1750563381|Leonardo|M|/venv/lib/python3.10/site-packages/pip/_vendor/tenacity/__pycache__/after.cpython-310.pyc
1750563381|Leonardo|M|/venv/lib/python3.10/site-packages/pip/_vendor/tenacity/__pycache__/before.cpython-310.pyc
1750563381|Leonardo|M|/venv/lib/python3.10/site-packages/pip/_vendor/tenacity/__pycache__/before_sleep.cpython-310.pyc
1750563381|Leonardo|M|/venv/lib/python3.10/site-packages/pip/_vendor/tenacity/__pycache__/nap.cpython-310.pyc
1750563381|Leonardo|M|/venv/lib/python3.10/site-packages/pip/_vendor/tenacity/__pycache__/retry.cpython-310.pyc
1750563381|Leonardo|M|/venv/lib/python3.10/site-packages/pip/_vendor/tenacity/__pycache__/stop.cpython-310.pyc
1750563381|Leonardo|M|/venv/lib/python3.10/site-packages/pip/_vendor/tenacity/__pycache__/tornadoweb.cpython-310.pyc
1750563381|Leonardo|M|/venv/lib/python3.10/site-packages/pip/_vendor/tenacity/__pycache__/wait.cpython-310.pyc
1750563381|Leonardo|M|/venv/lib/python3.10/site-packages/pip/_vendor/tomli/__pycache__/__init__.cpython-310.pyc
1750563381|Leonardo|M|/venv/lib/python3.10/site-packages/pip/_vendor/tomli/__pycache__/_parser.cpython-310.pyc
1750563381|Leonardo|M|/venv/lib/python3.10/site-packages/pip/_vendor/tomli/__pycache__/_re.cpython-310.pyc
1750563381|Leonardo|M|/venv/lib/python3.10/site-packages/pip/_vendor/urllib3/__pycache__/__init__.cpython-310.pyc
1750563381|Leonardo|M|/venv/lib/python3.10/site-packages/pip/_vendor/urllib3/__pycache__/_collections.cpython-310.pyc
1750563381|Leonardo|M|/venv/lib/python3.10/site-packages/pip/_vendor/urllib3/__pycache__/_version.cpython-310.pyc
1750563381|Leonardo|M|/venv/lib/python3.10/site-packages/pip/_vendor/urllib3/__pycache__/connection.cpython-310.pyc
1750563381|Leonardo|M|/venv/lib/python3.10/site-packages/pip/_vendor/urllib3/__pycache__/connectionpool.cpython-310.pyc
1750563381|Leonardo|M|/venv/lib/python3.10/site-packages/pip/_vendor/urllib3/__pycache__/exceptions.cpython-310.pyc
1750563381|Leonardo|M|/venv/lib/python3.10/site-packages/pip/_vendor/urllib3/__pycache__/fields.cpython-310.pyc
1750563381|Leonardo|M|/venv/lib/python3.10/site-packages/pip/_vendor/urllib3/__pycache__/filepost.cpython-310.pyc
1750563381|Leonardo|M|/venv/lib/python3.10/site-packages/pip/_vendor/urllib3/__pycache__/poolmanager.cpython-310.pyc
1750563381|Leonardo|M|/venv/lib/python3.10/site-packages/pip/_vendor/urllib3/__pycache__/request.cpython-310.pyc
1750563381|Leonardo|M|/venv/lib/python3.10/site-packages/pip/_vendor/urllib3/__pycache__/response.cpython-310.pyc
1750563381|Leonardo|M|/venv/lib/python3.10/site-packages/pip/_vendor/urllib3/contrib/__pycache__/__init__.cpython-310.pyc
1750563381|Leonardo|M|/venv/lib/python3.10/site-packages/pip/_vendor/urllib3/contrib/__pycache__/_appengine_environ.cpython-310.pyc
1750563381|Leonardo|M|/venv/lib/python3.10/site-packages/pip/_vendor/urllib3/contrib/__pycache__/appengine.cpython-310.pyc
1750563381|Leonardo|M|/venv/lib/python3.10/site-packages/pip/_vendor/urllib3/contrib/__pycache__/ntlmpool.cpython-310.pyc
1750563381|Leonardo|M|/venv/lib/python3.10/site-packages/pip/_vendor/urllib3/contrib/__pycache__/pyopenssl.cpython-310.pyc
1750563381|Leonardo|M|/venv/lib/python3.10/site-packages/pip/_vendor/urllib3/contrib/__pycache__/securetransport.cpython-310.pyc
1750563381|Leonardo|M|/venv/lib/python3.10/site-packages/pip/_vendor/urllib3/contrib/__pycache__/socks.cpython-310.pyc
1750563381|Leonardo|M|/venv/lib/python3.10/site-packages/pip/_vendor/urllib3/contrib/_securetransport/__pycache__/__init__.cpython-310.pyc
1750563381|Leonardo|M|/venv/lib/python3.10/site-packages/pip/_vendor/urllib3/contrib/_securetransport/__pycache__/bindings.cpython-310.pyc
1750563381|Leonardo|M|/venv/lib/python3.10/site-packages/pip/_vendor/urllib3/contrib/_securetransport/__pycache__/low_level.cpython-310.pyc
1750563381|Leonardo|M|/venv/lib/python3.10/site-packages/pip/_vendor/urllib3/packages/__pycache__/__init__.cpython-310.pyc
1750563381|Leonardo|M|/venv/lib/python3.10/site-packages/pip/_vendor/urllib3/packages/__pycache__/six.cpython-310.pyc
1750563381|Leonardo|M|/venv/lib/python3.10/site-packages/pip/_vendor/urllib3/packages/backports/__pycache__/__init__.cpython-310.pyc
1750563381|Leonardo|M|/venv/lib/python3.10/site-packages/pip/_vendor/urllib3/packages/backports/__pycache__/makefile.cpython-310.pyc
1750563381|Leonardo|M|/venv/lib/python3.10/site-packages/pip/_vendor/urllib3/util/__pycache__/__init__.cpython-310.pyc
1750563381|Leonardo|M|/venv/lib/python3.10/site-packages/pip/_vendor/urllib3/util/__pycache__/connection.cpython-310.pyc
1750563381|Leonardo|M|/venv/lib/python3.10/site-packages/pip/_vendor/urllib3/util/__pycache__/proxy.cpython-310.pyc
1750563381|Leonardo|M|/venv/lib/python3.10/site-packages/pip/_vendor/urllib3/util/__pycache__/queue.cpython-310.pyc
1750563381|Leonardo|M|/venv/lib/python3.10/site-packages/pip/_vendor/urllib3/util/__pycache__/request.cpython-310.pyc
1750563381|Leonardo|M|/venv/lib/python3.10/site-packages/pip/_vendor/urllib3/util/__pycache__/response.cpython-310.pyc
1750563381|Leonardo|M|/venv/lib/python3.10/site-packages/pip/_vendor/urllib3/util/__pycache__/retry.cpython-310.pyc
1750563381|Leonardo|M|/venv/lib/python3.10/site-packages/pip/_vendor/urllib3/util/__pycache__/ssl_.cpython-310.pyc
1750563381|Leonardo|M|/venv/lib/python3.10/site-packages/pip/_vendor/urllib3/util/__pycache__/ssl_match_hostname.cpython-310.pyc
1750563381|Leonardo|M|/venv/lib/python3.10/site-packages/pip/_vendor/urllib3/util/__pycache__/ssltransport.cpython-310.pyc
1750563381|Leonardo|M|/venv/lib/python3.10/site-packages/pip/_vendor/urllib3/util/__pycache__/timeout.cpython-310.pyc
1750563381|Leonardo|M|/venv/lib/python3.10/site-packages/pip/_vendor/urllib3/util/__pycache__/url.cpython-310.pyc
1750563381|Leonardo|M|/venv/lib/python3.10/site-packages/pip/_vendor/urllib3/util/__pycache__/wait.cpython-310.pyc
1750563381|Leonardo|M|/venv/lib/python3.10/site-packages/pip/_vendor/webencodings/__pycache__/__init__.cpython-310.pyc
1750563381|Leonardo|M|/venv/lib/python3.10/site-packages/pip/_vendor/webencodings/__pycache__/labels.cpython-310.pyc
1750563381|Leonardo|M|/venv/lib/python3.10/site-packages/pip/_vendor/webencodings/__pycache__/mklabels.cpython-310.pyc
1750563381|Leonardo|M|/venv/lib/python3.10/site-packages/pip/_vendor/webencodings/__pycache__/tests.cpython-310.pyc
1750563381|Leonardo|M|/venv/lib/python3.10/site-packages/pip/_vendor/webencodings/__pycache__/x_user_defined.cpython-310.pyc
1750563381|Leonardo|M|/venv/lib/python3.10/site-packages/pkg_resources/__pycache__/__init__.cpython-310.pyc
1750563381|Leonardo|M|/venv/lib/python3.10/site-packages/pkg_resources/_vendor/__pycache__/__init__.cpython-310.pyc
1750563381|Leonardo|M|/venv/lib/python3.10/site-packages/pkg_resources/_vendor/__pycache__/appdirs.cpython-310.pyc
1750563381|Leonardo|M|/venv/lib/python3.10/site-packages/pkg_resources/_vendor/__pycache__/pyparsing.cpython-310.pyc
1750563381|Leonardo|M|/venv/lib/python3.10/site-packages/pkg_resources/_vendor/packaging/__pycache__/__about__.cpython-310.pyc
1750563381|Leonardo|M|/venv/lib/python3.10/site-packages/pkg_resources/_vendor/packaging/__pycache__/__init__.cpython-310.pyc
1750563381|Leonardo|M|/venv/lib/python3.10/site-packages/pkg_resources/_vendor/packaging/__pycache__/_manylinux.cpython-310.pyc
1750563381|Leonardo|M|/venv/lib/python3.10/site-packages/pkg_resources/_vendor/packaging/__pycache__/_musllinux.cpython-310.pyc
1750563381|Leonardo|M|/venv/lib/python3.10/site-packages/pkg_resources/_vendor/packaging/__pycache__/_structures.cpython-310.pyc
1750563381|Leonardo|M|/venv/lib/python3.10/site-packages/pkg_resources/_vendor/packaging/__pycache__/markers.cpython-310.pyc
1750563381|Leonardo|M|/venv/lib/python3.10/site-packages/pkg_resources/_vendor/packaging/__pycache__/requirements.cpython-310.pyc
1750563381|Leonardo|M|/venv/lib/python3.10/site-packages/pkg_resources/_vendor/packaging/__pycache__/specifiers.cpython-310.pyc
1750563381|Leonardo|M|/venv/lib/python3.10/site-packages/pkg_resources/_vendor/packaging/__pycache__/tags.cpython-310.pyc
1750563381|Leonardo|M|/venv/lib/python3.10/site-packages/pkg_resources/_vendor/packaging/__pycache__/utils.cpython-310.pyc
1750563381|Leonardo|M|/venv/lib/python3.10/site-packages/pkg_resources/_vendor/packaging/__pycache__/version.cpython-310.pyc
1750563381|Leonardo|M|/venv/lib/python3.10/site-packages/pkg_resources/extern/__pycache__/__init__.cpython-310.pyc
1750563381|Leonardo|M|/venv/lib/python3.10/site-packages/pkg_resources/tests/data/my-test-package-source/__pycache__/setup.cpython-310.pyc
1750563381|Leonardo|M|/venv/lib/python3.10/site-packages/pkginfo-1.12.1.2.dist-info/RECORD
1750563381|Leonardo|M|/venv/lib/python3.10/site-packages/pkginfo/__pycache__/__init__.cpython-310.pyc
1750563381|Leonardo|M|/venv/lib/python3.10/site-packages/pkginfo/__pycache__/bdist.cpython-310.pyc
1750563381|Leonardo|M|/venv/lib/python3.10/site-packages/pkginfo/__pycache__/commandline.cpython-310.pyc
1750563381|Leonardo|M|/venv/lib/python3.10/site-packages/pkginfo/__pycache__/develop.cpython-310.pyc
1750563381|Leonardo|M|/venv/lib/python3.10/site-packages/pkginfo/__pycache__/distribution.cpython-310.pyc
1750563381|Leonardo|M|/venv/lib/python3.10/site-packages/pkginfo/__pycache__/index.cpython-310.pyc
1750563381|Leonardo|M|/venv/lib/python3.10/site-packages/pkginfo/__pycache__/installed.cpython-310.pyc
1750563381|Leonardo|M|/venv/lib/python3.10/site-packages/pkginfo/__pycache__/sdist.cpython-310.pyc
1750563381|Leonardo|M|/venv/lib/python3.10/site-packages/pkginfo/__pycache__/utils.cpython-310.pyc
1750563381|Leonardo|M|/venv/lib/python3.10/site-packages/pkginfo/__pycache__/wheel.cpython-310.pyc
1750563381|Leonardo|M|/venv/lib/python3.10/site-packages/pkginfo/tests/__pycache__/__init__.cpython-310.pyc
1750563381|Leonardo|M|/venv/lib/python3.10/site-packages/pkginfo/tests/__pycache__/conftest.cpython-310.pyc
1750563381|Leonardo|M|/venv/lib/python3.10/site-packages/pkginfo/tests/__pycache__/test_bdist.cpython-310.pyc
1750563381|Leonardo|M|/venv/lib/python3.10/site-packages/pkginfo/tests/__pycache__/test_commandline.cpython-310.pyc
1750563381|Leonardo|M|/venv/lib/python3.10/site-packages/pkginfo/tests/__pycache__/test_develop.cpython-310.pyc
1750563381|Leonardo|M|/venv/lib/python3.10/site-packages/pkginfo/tests/__pycache__/test_distribution.cpython-310.pyc
1750563381|Leonardo|M|/venv/lib/python3.10/site-packages/pkginfo/tests/__pycache__/test_index.cpython-310.pyc
1750563381|Leonardo|M|/venv/lib/python3.10/site-packages/pkginfo/tests/__pycache__/test_installed.cpython-310.pyc
1750563381|Leonardo|M|/venv/lib/python3.10/site-packages/pkginfo/tests/__pycache__/test_sdist.cpython-310.pyc
1750563381|Leonardo|M|/venv/lib/python3.10/site-packages/pkginfo/tests/__pycache__/test_utils.cpython-310.pyc
1750563381|Leonardo|M|/venv/lib/python3.10/site-packages/pkginfo/tests/__pycache__/test_wheel.cpython-310.pyc
1750563381|Leonardo|M|/venv/lib/python3.10/site-packages/platformdirs/__pycache__/__init__.cpython-310.pyc
1750563381|Leonardo|M|/venv/lib/python3.10/site-packages/platformdirs/__pycache__/__main__.cpython-310.pyc
1750563381|Leonardo|M|/venv/lib/python3.10/site-packages/platformdirs/__pycache__/android.cpython-310.pyc
1750563381|Leonardo|M|/venv/lib/python3.10/site-packages/platformdirs/__pycache__/api.cpython-310.pyc
1750563381|Leonardo|M|/venv/lib/python3.10/site-packages/platformdirs/__pycache__/macos.cpython-310.pyc
1750563381|Leonardo|M|/venv/lib/python3.10/site-packages/platformdirs/__pycache__/unix.cpython-310.pyc
1750563381|Leonardo|M|/venv/lib/python3.10/site-packages/platformdirs/__pycache__/version.cpython-310.pyc
1750563381|Leonardo|M|/venv/lib/python3.10/site-packages/platformdirs/__pycache__/windows.cpython-310.pyc
1750563381|Leonardo|M|/venv/lib/python3.10/site-packages/poetry-1.1.12.dist-info/RECORD
1750563381|Leonardo|M|/venv/lib/python3.10/site-packages/poetry/__pycache__/__init__.cpython-310.pyc
1750563381|Leonardo|M|/venv/lib/python3.10/site-packages/poetry/__pycache__/__main__.cpython-310.pyc
1750563381|Leonardo|M|/venv/lib/python3.10/site-packages/poetry/__pycache__/__version__.cpython-310.pyc
1750563381|Leonardo|M|/venv/lib/python3.10/site-packages/poetry/__pycache__/exceptions.cpython-310.pyc
1750563381|Leonardo|M|/venv/lib/python3.10/site-packages/poetry/__pycache__/factory.cpython-310.pyc
1750563381|Leonardo|M|/venv/lib/python3.10/site-packages/poetry/__pycache__/locations.cpython-310.pyc
1750563381|Leonardo|M|/venv/lib/python3.10/site-packages/poetry/__pycache__/poetry.cpython-310.pyc
1750563381|Leonardo|M|/venv/lib/python3.10/site-packages/poetry/config/__pycache__/__init__.cpython-310.pyc
1750563381|Leonardo|M|/venv/lib/python3.10/site-packages/poetry/config/__pycache__/config.cpython-310.pyc
1750563381|Leonardo|M|/venv/lib/python3.10/site-packages/poetry/config/__pycache__/config_source.cpython-310.pyc
1750563381|Leonardo|M|/venv/lib/python3.10/site-packages/poetry/config/__pycache__/dict_config_source.cpython-310.pyc
1750563381|Leonardo|M|/venv/lib/python3.10/site-packages/poetry/config/__pycache__/file_config_source.cpython-310.pyc
1750563381|Leonardo|M|/venv/lib/python3.10/site-packages/poetry/console/__pycache__/__init__.cpython-310.pyc
1750563381|Leonardo|M|/venv/lib/python3.10/site-packages/poetry/console/__pycache__/application.cpython-310.pyc
1750563381|Leonardo|M|/venv/lib/python3.10/site-packages/poetry/console/args/__pycache__/__init__.cpython-310.pyc
1750563381|Leonardo|M|/venv/lib/python3.10/site-packages/poetry/console/args/__pycache__/run_args_parser.cpython-310.pyc
1750563381|Leonardo|M|/venv/lib/python3.10/site-packages/poetry/console/commands/__pycache__/__init__.cpython-310.pyc
1750563381|Leonardo|M|/venv/lib/python3.10/site-packages/poetry/console/commands/__pycache__/about.cpython-310.pyc
1750563381|Leonardo|M|/venv/lib/python3.10/site-packages/poetry/console/commands/__pycache__/add.cpython-310.pyc
1750563381|Leonardo|M|/venv/lib/python3.10/site-packages/poetry/console/commands/__pycache__/build.cpython-310.pyc
1750563381|Leonardo|M|/venv/lib/python3.10/site-packages/poetry/console/commands/__pycache__/check.cpython-310.pyc
1750563381|Leonardo|M|/venv/lib/python3.10/site-packages/poetry/console/commands/__pycache__/command.cpython-310.pyc
1750563381|Leonardo|M|/venv/lib/python3.10/site-packages/poetry/console/commands/__pycache__/config.cpython-310.pyc
1750563381|Leonardo|M|/venv/lib/python3.10/site-packages/poetry/console/commands/__pycache__/env_command.cpython-310.pyc
1750563381|Leonardo|M|/venv/lib/python3.10/site-packages/poetry/console/commands/__pycache__/export.cpython-310.pyc
1750563381|Leonardo|M|/venv/lib/python3.10/site-packages/poetry/console/commands/__pycache__/init.cpython-310.pyc
1750563381|Leonardo|M|/venv/lib/python3.10/site-packages/poetry/console/commands/__pycache__/install.cpython-310.pyc
1750563381|Leonardo|M|/venv/lib/python3.10/site-packages/poetry/console/commands/__pycache__/installer_command.cpython-310.pyc
1750563381|Leonardo|M|/venv/lib/python3.10/site-packages/poetry/console/commands/__pycache__/lock.cpython-310.pyc
1750563381|Leonardo|M|/venv/lib/python3.10/site-packages/poetry/console/commands/__pycache__/new.cpython-310.pyc
1750563381|Leonardo|M|/venv/lib/python3.10/site-packages/poetry/console/commands/__pycache__/publish.cpython-310.pyc
1750563381|Leonardo|M|/venv/lib/python3.10/site-packages/poetry/console/commands/__pycache__/remove.cpython-310.pyc
1750563381|Leonardo|M|/venv/lib/python3.10/site-packages/poetry/console/commands/__pycache__/run.cpython-310.pyc
1750563381|Leonardo|M|/venv/lib/python3.10/site-packages/poetry/console/commands/__pycache__/search.cpython-310.pyc
1750563381|Leonardo|M|/venv/lib/python3.10/site-packages/poetry/console/commands/__pycache__/shell.cpython-310.pyc
1750563381|Leonardo|M|/venv/lib/python3.10/site-packages/poetry/console/commands/__pycache__/show.cpython-310.pyc
1750563381|Leonardo|M|/venv/lib/python3.10/site-packages/poetry/console/commands/__pycache__/update.cpython-310.pyc
1750563381|Leonardo|M|/venv/lib/python3.10/site-packages/poetry/console/commands/__pycache__/version.cpython-310.pyc
1750563381|Leonardo|M|/venv/lib/python3.10/site-packages/poetry/console/commands/cache/__pycache__/__init__.cpython-310.pyc
1750563381|Leonardo|M|/venv/lib/python3.10/site-packages/poetry/console/commands/cache/__pycache__/cache.cpython-310.pyc
1750563381|Leonardo|M|/venv/lib/python3.10/site-packages/poetry/console/commands/cache/__pycache__/clear.cpython-310.pyc
1750563381|Leonardo|M|/venv/lib/python3.10/site-packages/poetry/console/commands/cache/__pycache__/list.cpython-310.pyc
1750563381|Leonardo|M|/venv/lib/python3.10/site-packages/poetry/console/commands/debug/__pycache__/__init__.cpython-310.pyc
1750563381|Leonardo|M|/venv/lib/python3.10/site-packages/poetry/console/commands/debug/__pycache__/debug.cpython-310.pyc
1750563381|Leonardo|M|/venv/lib/python3.10/site-packages/poetry/console/commands/debug/__pycache__/info.cpython-310.pyc
1750563381|Leonardo|M|/venv/lib/python3.10/site-packages/poetry/console/commands/debug/__pycache__/resolve.cpython-310.pyc
1750563381|Leonardo|M|/venv/lib/python3.10/site-packages/poetry/console/commands/env/__pycache__/__init__.cpython-310.pyc
1750563381|Leonardo|M|/venv/lib/python3.10/site-packages/poetry/console/commands/env/__pycache__/env.cpython-310.pyc
1750563381|Leonardo|M|/venv/lib/python3.10/site-packages/poetry/console/commands/env/__pycache__/info.cpython-310.pyc
1750563381|Leonardo|M|/venv/lib/python3.10/site-packages/poetry/console/commands/env/__pycache__/list.cpython-310.pyc
1750563381|Leonardo|M|/venv/lib/python3.10/site-packages/poetry/console/commands/env/__pycache__/remove.cpython-310.pyc
1750563381|Leonardo|M|/venv/lib/python3.10/site-packages/poetry/console/commands/env/__pycache__/use.cpython-310.pyc
1750563381|Leonardo|M|/venv/lib/python3.10/site-packages/poetry/console/commands/self/__pycache__/__init__.cpython-310.pyc
1750563381|Leonardo|M|/venv/lib/python3.10/site-packages/poetry/console/commands/self/__pycache__/self.cpython-310.pyc
1750563381|Leonardo|M|/venv/lib/python3.10/site-packages/poetry/console/commands/self/__pycache__/update.cpython-310.pyc
1750563381|Leonardo|M|/venv/lib/python3.10/site-packages/poetry/console/config/__pycache__/__init__.cpython-310.pyc
1750563381|Leonardo|M|/venv/lib/python3.10/site-packages/poetry/console/config/__pycache__/application_config.cpython-310.pyc
1750563381|Leonardo|M|/venv/lib/python3.10/site-packages/poetry/console/logging/__pycache__/__init__.cpython-310.pyc
1750563381|Leonardo|M|/venv/lib/python3.10/site-packages/poetry/console/logging/__pycache__/io_formatter.cpython-310.pyc
1750563381|Leonardo|M|/venv/lib/python3.10/site-packages/poetry/console/logging/__pycache__/io_handler.cpython-310.pyc
1750563381|Leonardo|M|/venv/lib/python3.10/site-packages/poetry/console/logging/formatters/__pycache__/__init__.cpython-310.pyc
1750563381|Leonardo|M|/venv/lib/python3.10/site-packages/poetry/console/logging/formatters/__pycache__/builder_formatter.cpython-310.pyc
1750563381|Leonardo|M|/venv/lib/python3.10/site-packages/poetry/console/logging/formatters/__pycache__/formatter.cpython-310.pyc
1750563381|Leonardo|M|/venv/lib/python3.10/site-packages/poetry/core/__pycache__/__init__.cpython-310.pyc
1750563381|Leonardo|M|/venv/lib/python3.10/site-packages/poetry/core/__pycache__/factory.cpython-310.pyc
1750563381|Leonardo|M|/venv/lib/python3.10/site-packages/poetry/core/__pycache__/poetry.cpython-310.pyc
1750563381|Leonardo|M|/venv/lib/python3.10/site-packages/poetry/core/_vendor/__pycache__/_pyrsistent_version.cpython-310.pyc
1750563381|Leonardo|M|/venv/lib/python3.10/site-packages/poetry/core/_vendor/__pycache__/pyparsing.cpython-310.pyc
1750563381|Leonardo|M|/venv/lib/python3.10/site-packages/poetry/core/_vendor/__pycache__/six.cpython-310.pyc
1750563381|Leonardo|M|/venv/lib/python3.10/site-packages/poetry/core/_vendor/attr/__pycache__/__init__.cpython-310.pyc
1750563381|Leonardo|M|/venv/lib/python3.10/site-packages/poetry/core/_vendor/attr/__pycache__/_compat.cpython-310.pyc
1750563381|Leonardo|M|/venv/lib/python3.10/site-packages/poetry/core/_vendor/attr/__pycache__/_config.cpython-310.pyc
1750563381|Leonardo|M|/venv/lib/python3.10/site-packages/poetry/core/_vendor/attr/__pycache__/_funcs.cpython-310.pyc
1750563381|Leonardo|M|/venv/lib/python3.10/site-packages/poetry/core/_vendor/attr/__pycache__/_make.cpython-310.pyc
1750563381|Leonardo|M|/venv/lib/python3.10/site-packages/poetry/core/_vendor/attr/__pycache__/_next_gen.cpython-310.pyc
1750563381|Leonardo|M|/venv/lib/python3.10/site-packages/poetry/core/_vendor/attr/__pycache__/_version_info.cpython-310.pyc
1750563381|Leonardo|M|/venv/lib/python3.10/site-packages/poetry/core/_vendor/attr/__pycache__/converters.cpython-310.pyc
1750563381|Leonardo|M|/venv/lib/python3.10/site-packages/poetry/core/_vendor/attr/__pycache__/exceptions.cpython-310.pyc
1750563381|Leonardo|M|/venv/lib/python3.10/site-packages/poetry/core/_vendor/attr/__pycache__/filters.cpython-310.pyc
1750563381|Leonardo|M|/venv/lib/python3.10/site-packages/poetry/core/_vendor/attr/__pycache__/setters.cpython-310.pyc
1750563381|Leonardo|M|/venv/lib/python3.10/site-packages/poetry/core/_vendor/attr/__pycache__/validators.cpython-310.pyc
1750563381|Leonardo|M|/venv/lib/python3.10/site-packages/poetry/core/_vendor/jsonschema/__pycache__/__init__.cpython-310.pyc
1750563381|Leonardo|M|/venv/lib/python3.10/site-packages/poetry/core/_vendor/jsonschema/__pycache__/__main__.cpython-310.pyc
1750563381|Leonardo|M|/venv/lib/python3.10/site-packages/poetry/core/_vendor/jsonschema/__pycache__/_format.cpython-310.pyc
1750563381|Leonardo|M|/venv/lib/python3.10/site-packages/poetry/core/_vendor/jsonschema/__pycache__/_legacy_validators.cpython-310.pyc
1750563381|Leonardo|M|/venv/lib/python3.10/site-packages/poetry/core/_vendor/jsonschema/__pycache__/_reflect.cpython-310.pyc
1750563381|Leonardo|M|/venv/lib/python3.10/site-packages/poetry/core/_vendor/jsonschema/__pycache__/_types.cpython-310.pyc
1750563381|Leonardo|M|/venv/lib/python3.10/site-packages/poetry/core/_vendor/jsonschema/__pycache__/_utils.cpython-310.pyc
1750563381|Leonardo|M|/venv/lib/python3.10/site-packages/poetry/core/_vendor/jsonschema/__pycache__/_validators.cpython-310.pyc
1750563381|Leonardo|M|/venv/lib/python3.10/site-packages/poetry/core/_vendor/jsonschema/__pycache__/cli.cpython-310.pyc
1750563381|Leonardo|M|/venv/lib/python3.10/site-packages/poetry/core/_vendor/jsonschema/__pycache__/compat.cpython-310.pyc
1750563381|Leonardo|M|/venv/lib/python3.10/site-packages/poetry/core/_vendor/jsonschema/__pycache__/exceptions.cpython-310.pyc
1750563381|Leonardo|M|/venv/lib/python3.10/site-packages/poetry/core/_vendor/jsonschema/__pycache__/validators.cpython-310.pyc
1750563381|Leonardo|M|/venv/lib/python3.10/site-packages/poetry/core/_vendor/jsonschema/benchmarks/__pycache__/__init__.cpython-310.pyc
1750563381|Leonardo|M|/venv/lib/python3.10/site-packages/poetry/core/_vendor/jsonschema/benchmarks/__pycache__/issue232.cpython-310.pyc
1750563381|Leonardo|M|/venv/lib/python3.10/site-packages/poetry/core/_vendor/jsonschema/benchmarks/__pycache__/json_schema_test_suite.cpython-310.pyc
1750563381|Leonardo|M|/venv/lib/python3.10/site-packages/poetry/core/_vendor/lark/__pycache__/__init__.cpython-310.pyc
1750563381|Leonardo|M|/venv/lib/python3.10/site-packages/poetry/core/_vendor/lark/__pycache__/common.cpython-310.pyc
1750563381|Leonardo|M|/venv/lib/python3.10/site-packages/poetry/core/_vendor/lark/__pycache__/exceptions.cpython-310.pyc
1750563381|Leonardo|M|/venv/lib/python3.10/site-packages/poetry/core/_vendor/lark/__pycache__/grammar.cpython-310.pyc
1750563381|Leonardo|M|/venv/lib/python3.10/site-packages/poetry/core/_vendor/lark/__pycache__/indenter.cpython-310.pyc
1750563381|Leonardo|M|/venv/lib/python3.10/site-packages/poetry/core/_vendor/lark/__pycache__/lark.cpython-310.pyc
1750563381|Leonardo|M|/venv/lib/python3.10/site-packages/poetry/core/_vendor/lark/__pycache__/lexer.cpython-310.pyc
1750563381|Leonardo|M|/venv/lib/python3.10/site-packages/poetry/core/_vendor/lark/__pycache__/load_grammar.cpython-310.pyc
1750563381|Leonardo|M|/venv/lib/python3.10/site-packages/poetry/core/_vendor/lark/__pycache__/parse_tree_builder.cpython-310.pyc
1750563381|Leonardo|M|/venv/lib/python3.10/site-packages/poetry/core/_vendor/lark/__pycache__/parser_frontends.cpython-310.pyc
1750563381|Leonardo|M|/venv/lib/python3.10/site-packages/poetry/core/_vendor/lark/__pycache__/reconstruct.cpython-310.pyc
1750563381|Leonardo|M|/venv/lib/python3.10/site-packages/poetry/core/_vendor/lark/__pycache__/reconstruct2.cpython-310.pyc
1750563381|Leonardo|M|/venv/lib/python3.10/site-packages/poetry/core/_vendor/lark/__pycache__/tree.cpython-310.pyc
1750563381|Leonardo|M|/venv/lib/python3.10/site-packages/poetry/core/_vendor/lark/__pycache__/utils.cpython-310.pyc
1750563381|Leonardo|M|/venv/lib/python3.10/site-packages/poetry/core/_vendor/lark/__pycache__/visitors.cpython-310.pyc
1750563381|Leonardo|M|/venv/lib/python3.10/site-packages/poetry/core/_vendor/lark/__pyinstaller/__pycache__/__init__.cpython-310.pyc
1750563381|Leonardo|M|/venv/lib/python3.10/site-packages/poetry/core/_vendor/lark/__pyinstaller/__pycache__/hook-lark.cpython-310.pyc
1750563381|Leonardo|M|/venv/lib/python3.10/site-packages/poetry/core/_vendor/lark/parsers/__pycache__/__init__.cpython-310.pyc
1750563381|Leonardo|M|/venv/lib/python3.10/site-packages/poetry/core/_vendor/lark/parsers/__pycache__/cyk.cpython-310.pyc
1750563381|Leonardo|M|/venv/lib/python3.10/site-packages/poetry/core/_vendor/lark/parsers/__pycache__/earley.cpython-310.pyc
1750563381|Leonardo|M|/venv/lib/python3.10/site-packages/poetry/core/_vendor/lark/parsers/__pycache__/earley_common.cpython-310.pyc
1750563381|Leonardo|M|/venv/lib/python3.10/site-packages/poetry/core/_vendor/lark/parsers/__pycache__/earley_forest.cpython-310.pyc
1750563381|Leonardo|M|/venv/lib/python3.10/site-packages/poetry/core/_vendor/lark/parsers/__pycache__/grammar_analysis.cpython-310.pyc
1750563381|Leonardo|M|/venv/lib/python3.10/site-packages/poetry/core/_vendor/lark/parsers/__pycache__/lalr_analysis.cpython-310.pyc
1750563381|Leonardo|M|/venv/lib/python3.10/site-packages/poetry/core/_vendor/lark/parsers/__pycache__/lalr_parser.cpython-310.pyc
1750563381|Leonardo|M|/venv/lib/python3.10/site-packages/poetry/core/_vendor/lark/parsers/__pycache__/lalr_puppet.cpython-310.pyc
1750563381|Leonardo|M|/venv/lib/python3.10/site-packages/poetry/core/_vendor/lark/parsers/__pycache__/xearley.cpython-310.pyc
1750563381|Leonardo|M|/venv/lib/python3.10/site-packages/poetry/core/_vendor/lark/tools/__pycache__/__init__.cpython-310.pyc
1750563381|Leonardo|M|/venv/lib/python3.10/site-packages/poetry/core/_vendor/lark/tools/__pycache__/nearley.cpython-310.pyc
1750563381|Leonardo|M|/venv/lib/python3.10/site-packages/poetry/core/_vendor/lark/tools/__pycache__/serialize.cpython-310.pyc
1750563381|Leonardo|M|/venv/lib/python3.10/site-packages/poetry/core/_vendor/lark/tools/__pycache__/standalone.cpython-310.pyc
1750563381|Leonardo|M|/venv/lib/python3.10/site-packages/poetry/core/_vendor/packaging/__pycache__/__about__.cpython-310.pyc
1750563381|Leonardo|M|/venv/lib/python3.10/site-packages/poetry/core/_vendor/packaging/__pycache__/__init__.cpython-310.pyc
1750563381|Leonardo|M|/venv/lib/python3.10/site-packages/poetry/core/_vendor/packaging/__pycache__/_compat.cpython-310.pyc
1750563381|Leonardo|M|/venv/lib/python3.10/site-packages/poetry/core/_vendor/packaging/__pycache__/_structures.cpython-310.pyc
1750563381|Leonardo|M|/venv/lib/python3.10/site-packages/poetry/core/_vendor/packaging/__pycache__/_typing.cpython-310.pyc
1750563381|Leonardo|M|/venv/lib/python3.10/site-packages/poetry/core/_vendor/packaging/__pycache__/markers.cpython-310.pyc
1750563381|Leonardo|M|/venv/lib/python3.10/site-packages/poetry/core/_vendor/packaging/__pycache__/requirements.cpython-310.pyc
1750563381|Leonardo|M|/venv/lib/python3.10/site-packages/poetry/core/_vendor/packaging/__pycache__/specifiers.cpython-310.pyc
1750563381|Leonardo|M|/venv/lib/python3.10/site-packages/poetry/core/_vendor/packaging/__pycache__/tags.cpython-310.pyc
1750563381|Leonardo|M|/venv/lib/python3.10/site-packages/poetry/core/_vendor/packaging/__pycache__/utils.cpython-310.pyc
1750563381|Leonardo|M|/venv/lib/python3.10/site-packages/poetry/core/_vendor/packaging/__pycache__/version.cpython-310.pyc
1750563381|Leonardo|M|/venv/lib/python3.10/site-packages/poetry/core/_vendor/pyrsistent/__pycache__/__init__.cpython-310.pyc
1750563381|Leonardo|M|/venv/lib/python3.10/site-packages/poetry/core/_vendor/pyrsistent/__pycache__/_checked_types.cpython-310.pyc
1750563381|Leonardo|M|/venv/lib/python3.10/site-packages/poetry/core/_vendor/pyrsistent/__pycache__/_compat.cpython-310.pyc
1750563381|Leonardo|M|/venv/lib/python3.10/site-packages/poetry/core/_vendor/pyrsistent/__pycache__/_field_common.cpython-310.pyc
1750563381|Leonardo|M|/venv/lib/python3.10/site-packages/poetry/core/_vendor/pyrsistent/__pycache__/_helpers.cpython-310.pyc
1750563381|Leonardo|M|/venv/lib/python3.10/site-packages/poetry/core/_vendor/pyrsistent/__pycache__/_immutable.cpython-310.pyc
1750563381|Leonardo|M|/venv/lib/python3.10/site-packages/poetry/core/_vendor/pyrsistent/__pycache__/_pbag.cpython-310.pyc
1750563381|Leonardo|M|/venv/lib/python3.10/site-packages/poetry/core/_vendor/pyrsistent/__pycache__/_pclass.cpython-310.pyc
1750563381|Leonardo|M|/venv/lib/python3.10/site-packages/poetry/core/_vendor/pyrsistent/__pycache__/_pdeque.cpython-310.pyc
1750563381|Leonardo|M|/venv/lib/python3.10/site-packages/poetry/core/_vendor/pyrsistent/__pycache__/_plist.cpython-310.pyc
1750563381|Leonardo|M|/venv/lib/python3.10/site-packages/poetry/core/_vendor/pyrsistent/__pycache__/_pmap.cpython-310.pyc
1750563381|Leonardo|M|/venv/lib/python3.10/site-packages/poetry/core/_vendor/pyrsistent/__pycache__/_precord.cpython-310.pyc
1750563381|Leonardo|M|/venv/lib/python3.10/site-packages/poetry/core/_vendor/pyrsistent/__pycache__/_pset.cpython-310.pyc
1750563381|Leonardo|M|/venv/lib/python3.10/site-packages/poetry/core/_vendor/pyrsistent/__pycache__/_pvector.cpython-310.pyc
1750563381|Leonardo|M|/venv/lib/python3.10/site-packages/poetry/core/_vendor/pyrsistent/__pycache__/_toolz.cpython-310.pyc
1750563381|Leonardo|M|/venv/lib/python3.10/site-packages/poetry/core/_vendor/pyrsistent/__pycache__/_transformations.cpython-310.pyc
1750563381|Leonardo|M|/venv/lib/python3.10/site-packages/poetry/core/_vendor/pyrsistent/__pycache__/typing.cpython-310.pyc
1750563381|Leonardo|M|/venv/lib/python3.10/site-packages/poetry/core/_vendor/tomlkit/__pycache__/__init__.cpython-310.pyc
1750563381|Leonardo|M|/venv/lib/python3.10/site-packages/poetry/core/_vendor/tomlkit/__pycache__/_compat.cpython-310.pyc
1750563381|Leonardo|M|/venv/lib/python3.10/site-packages/poetry/core/_vendor/tomlkit/__pycache__/_utils.cpython-310.pyc
1750563381|Leonardo|M|/venv/lib/python3.10/site-packages/poetry/core/_vendor/tomlkit/__pycache__/api.cpython-310.pyc
1750563381|Leonardo|M|/venv/lib/python3.10/site-packages/poetry/core/_vendor/tomlkit/__pycache__/container.cpython-310.pyc
1750563381|Leonardo|M|/venv/lib/python3.10/site-packages/poetry/core/_vendor/tomlkit/__pycache__/exceptions.cpython-310.pyc
1750563381|Leonardo|M|/venv/lib/python3.10/site-packages/poetry/core/_vendor/tomlkit/__pycache__/items.cpython-310.pyc
1750563381|Leonardo|M|/venv/lib/python3.10/site-packages/poetry/core/_vendor/tomlkit/__pycache__/parser.cpython-310.pyc
1750563381|Leonardo|M|/venv/lib/python3.10/site-packages/poetry/core/_vendor/tomlkit/__pycache__/source.cpython-310.pyc
1750563381|Leonardo|M|/venv/lib/python3.10/site-packages/poetry/core/_vendor/tomlkit/__pycache__/toml_char.cpython-310.pyc
1750563381|Leonardo|M|/venv/lib/python3.10/site-packages/poetry/core/_vendor/tomlkit/__pycache__/toml_document.cpython-310.pyc
1750563381|Leonardo|M|/venv/lib/python3.10/site-packages/poetry/core/_vendor/tomlkit/__pycache__/toml_file.cpython-310.pyc
1750563381|Leonardo|M|/venv/lib/python3.10/site-packages/poetry/core/exceptions/__pycache__/__init__.cpython-310.pyc
1750563381|Leonardo|M|/venv/lib/python3.10/site-packages/poetry/core/exceptions/__pycache__/base.cpython-310.pyc
1750563381|Leonardo|M|/venv/lib/python3.10/site-packages/poetry/core/json/__pycache__/__init__.cpython-310.pyc
1750563381|Leonardo|M|/venv/lib/python3.10/site-packages/poetry/core/masonry/__pycache__/__init__.cpython-310.pyc
1750563381|Leonardo|M|/venv/lib/python3.10/site-packages/poetry/core/masonry/__pycache__/api.cpython-310.pyc
1750563381|Leonardo|M|/venv/lib/python3.10/site-packages/poetry/core/masonry/__pycache__/builder.cpython-310.pyc
1750563381|Leonardo|M|/venv/lib/python3.10/site-packages/poetry/core/masonry/__pycache__/metadata.cpython-310.pyc
1750563381|Leonardo|M|/venv/lib/python3.10/site-packages/poetry/core/masonry/builders/__pycache__/__init__.cpython-310.pyc
1750563381|Leonardo|M|/venv/lib/python3.10/site-packages/poetry/core/masonry/builders/__pycache__/builder.cpython-310.pyc
1750563381|Leonardo|M|/venv/lib/python3.10/site-packages/poetry/core/masonry/builders/__pycache__/sdist.cpython-310.pyc
1750563381|Leonardo|M|/venv/lib/python3.10/site-packages/poetry/core/masonry/builders/__pycache__/wheel.cpython-310.pyc
1750563381|Leonardo|M|/venv/lib/python3.10/site-packages/poetry/core/masonry/utils/__pycache__/__init__.cpython-310.pyc
1750563381|Leonardo|M|/venv/lib/python3.10/site-packages/poetry/core/masonry/utils/__pycache__/helpers.cpython-310.pyc
1750563381|Leonardo|M|/venv/lib/python3.10/site-packages/poetry/core/masonry/utils/__pycache__/include.cpython-310.pyc
1750563381|Leonardo|M|/venv/lib/python3.10/site-packages/poetry/core/masonry/utils/__pycache__/module.cpython-310.pyc
1750563381|Leonardo|M|/venv/lib/python3.10/site-packages/poetry/core/masonry/utils/__pycache__/package_include.cpython-310.pyc
1750563381|Leonardo|M|/venv/lib/python3.10/site-packages/poetry/core/packages/__pycache__/__init__.cpython-310.pyc
1750563381|Leonardo|M|/venv/lib/python3.10/site-packages/poetry/core/packages/__pycache__/dependency.cpython-310.pyc
1750563381|Leonardo|M|/venv/lib/python3.10/site-packages/poetry/core/packages/__pycache__/directory_dependency.cpython-310.pyc
1750563381|Leonardo|M|/venv/lib/python3.10/site-packages/poetry/core/packages/__pycache__/file_dependency.cpython-310.pyc
1750563381|Leonardo|M|/venv/lib/python3.10/site-packages/poetry/core/packages/__pycache__/package.cpython-310.pyc
1750563381|Leonardo|M|/venv/lib/python3.10/site-packages/poetry/core/packages/__pycache__/project_package.cpython-310.pyc
1750563381|Leonardo|M|/venv/lib/python3.10/site-packages/poetry/core/packages/__pycache__/specification.cpython-310.pyc
1750563381|Leonardo|M|/venv/lib/python3.10/site-packages/poetry/core/packages/__pycache__/url_dependency.cpython-310.pyc
1750563381|Leonardo|M|/venv/lib/python3.10/site-packages/poetry/core/packages/__pycache__/vcs_dependency.cpython-310.pyc
1750563381|Leonardo|M|/venv/lib/python3.10/site-packages/poetry/core/packages/constraints/__pycache__/__init__.cpython-310.pyc
1750563381|Leonardo|M|/venv/lib/python3.10/site-packages/poetry/core/packages/constraints/__pycache__/any_constraint.cpython-310.pyc
1750563381|Leonardo|M|/venv/lib/python3.10/site-packages/poetry/core/packages/constraints/__pycache__/base_constraint.cpython-310.pyc
1750563381|Leonardo|M|/venv/lib/python3.10/site-packages/poetry/core/packages/constraints/__pycache__/constraint.cpython-310.pyc
1750563381|Leonardo|M|/venv/lib/python3.10/site-packages/poetry/core/packages/constraints/__pycache__/empty_constraint.cpython-310.pyc
1750563381|Leonardo|M|/venv/lib/python3.10/site-packages/poetry/core/packages/constraints/__pycache__/multi_constraint.cpython-310.pyc
1750563381|Leonardo|M|/venv/lib/python3.10/site-packages/poetry/core/packages/constraints/__pycache__/union_constraint.cpython-310.pyc
1750563381|Leonardo|M|/venv/lib/python3.10/site-packages/poetry/core/packages/utils/__pycache__/__init__.cpython-310.pyc
1750563381|Leonardo|M|/venv/lib/python3.10/site-packages/poetry/core/packages/utils/__pycache__/link.cpython-310.pyc
1750563381|Leonardo|M|/venv/lib/python3.10/site-packages/poetry/core/packages/utils/__pycache__/utils.cpython-310.pyc
1750563381|Leonardo|M|/venv/lib/python3.10/site-packages/poetry/core/pyproject/__pycache__/__init__.cpython-310.pyc
1750563381|Leonardo|M|/venv/lib/python3.10/site-packages/poetry/core/pyproject/__pycache__/exceptions.cpython-310.pyc
1750563381|Leonardo|M|/venv/lib/python3.10/site-packages/poetry/core/pyproject/__pycache__/tables.cpython-310.pyc
1750563381|Leonardo|M|/venv/lib/python3.10/site-packages/poetry/core/pyproject/__pycache__/toml.cpython-310.pyc
1750563381|Leonardo|M|/venv/lib/python3.10/site-packages/poetry/core/semver/__pycache__/__init__.cpython-310.pyc
1750563381|Leonardo|M|/venv/lib/python3.10/site-packages/poetry/core/semver/__pycache__/empty_constraint.cpython-310.pyc
1750563381|Leonardo|M|/venv/lib/python3.10/site-packages/poetry/core/semver/__pycache__/exceptions.cpython-310.pyc
1750563381|Leonardo|M|/venv/lib/python3.10/site-packages/poetry/core/semver/__pycache__/patterns.cpython-310.pyc
1750563381|Leonardo|M|/venv/lib/python3.10/site-packages/poetry/core/semver/__pycache__/version.cpython-310.pyc
1750563381|Leonardo|M|/venv/lib/python3.10/site-packages/poetry/core/semver/__pycache__/version_constraint.cpython-310.pyc
1750563381|Leonardo|M|/venv/lib/python3.10/site-packages/poetry/core/semver/__pycache__/version_range.cpython-310.pyc
1750563381|Leonardo|M|/venv/lib/python3.10/site-packages/poetry/core/semver/__pycache__/version_union.cpython-310.pyc
1750563381|Leonardo|M|/venv/lib/python3.10/site-packages/poetry/core/spdx/__pycache__/__init__.cpython-310.pyc
1750563381|Leonardo|M|/venv/lib/python3.10/site-packages/poetry/core/spdx/__pycache__/license.cpython-310.pyc
1750563381|Leonardo|M|/venv/lib/python3.10/site-packages/poetry/core/spdx/__pycache__/updater.cpython-310.pyc
1750563381|Leonardo|M|/venv/lib/python3.10/site-packages/poetry/core/toml/__pycache__/__init__.cpython-310.pyc
1750563381|Leonardo|M|/venv/lib/python3.10/site-packages/poetry/core/toml/__pycache__/exceptions.cpython-310.pyc
1750563381|Leonardo|M|/venv/lib/python3.10/site-packages/poetry/core/toml/__pycache__/file.cpython-310.pyc
1750563381|Leonardo|M|/venv/lib/python3.10/site-packages/poetry/core/utils/__pycache__/__init__.cpython-310.pyc
1750563381|Leonardo|M|/venv/lib/python3.10/site-packages/poetry/core/utils/__pycache__/_compat.cpython-310.pyc
1750563381|Leonardo|M|/venv/lib/python3.10/site-packages/poetry/core/utils/__pycache__/helpers.cpython-310.pyc
1750563381|Leonardo|M|/venv/lib/python3.10/site-packages/poetry/core/utils/__pycache__/patterns.cpython-310.pyc
1750563381|Leonardo|M|/venv/lib/python3.10/site-packages/poetry/core/utils/__pycache__/toml_file.cpython-310.pyc
1750563381|Leonardo|M|/venv/lib/python3.10/site-packages/poetry/core/vcs/__pycache__/__init__.cpython-310.pyc
1750563381|Leonardo|M|/venv/lib/python3.10/site-packages/poetry/core/vcs/__pycache__/git.cpython-310.pyc
1750563381|Leonardo|M|/venv/lib/python3.10/site-packages/poetry/core/version/__pycache__/__init__.cpython-310.pyc
1750563381|Leonardo|M|/venv/lib/python3.10/site-packages/poetry/core/version/__pycache__/base.cpython-310.pyc
1750563381|Leonardo|M|/venv/lib/python3.10/site-packages/poetry/core/version/__pycache__/exceptions.cpython-310.pyc
1750563381|Leonardo|M|/venv/lib/python3.10/site-packages/poetry/core/version/__pycache__/helpers.cpython-310.pyc
1750563381|Leonardo|M|/venv/lib/python3.10/site-packages/poetry/core/version/__pycache__/legacy_version.cpython-310.pyc
1750563381|Leonardo|M|/venv/lib/python3.10/site-packages/poetry/core/version/__pycache__/markers.cpython-310.pyc
1750563381|Leonardo|M|/venv/lib/python3.10/site-packages/poetry/core/version/__pycache__/requirements.cpython-310.pyc
1750563381|Leonardo|M|/venv/lib/python3.10/site-packages/poetry/core/version/__pycache__/utils.cpython-310.pyc
1750563381|Leonardo|M|/venv/lib/python3.10/site-packages/poetry/core/version/__pycache__/version.cpython-310.pyc
1750563381|Leonardo|M|/venv/lib/python3.10/site-packages/poetry/core/version/grammars/__pycache__/__init__.cpython-310.pyc
1750563381|Leonardo|M|/venv/lib/python3.10/site-packages/poetry/inspection/__pycache__/__init__.cpython-310.pyc
1750563381|Leonardo|M|/venv/lib/python3.10/site-packages/poetry/inspection/__pycache__/info.cpython-310.pyc
1750563381|Leonardo|M|/venv/lib/python3.10/site-packages/poetry/installation/__pycache__/__init__.cpython-310.pyc
1750563381|Leonardo|M|/venv/lib/python3.10/site-packages/poetry/installation/__pycache__/authenticator.cpython-310.pyc
1750563381|Leonardo|M|/venv/lib/python3.10/site-packages/poetry/installation/__pycache__/base_installer.cpython-310.pyc
1750563381|Leonardo|M|/venv/lib/python3.10/site-packages/poetry/installation/__pycache__/chef.cpython-310.pyc
1750563381|Leonardo|M|/venv/lib/python3.10/site-packages/poetry/installation/__pycache__/chooser.cpython-310.pyc
1750563381|Leonardo|M|/venv/lib/python3.10/site-packages/poetry/installation/__pycache__/executor.cpython-310.pyc
1750563381|Leonardo|M|/venv/lib/python3.10/site-packages/poetry/installation/__pycache__/installer.cpython-310.pyc
1750563381|Leonardo|M|/venv/lib/python3.10/site-packages/poetry/installation/__pycache__/noop_installer.cpython-310.pyc
1750563381|Leonardo|M|/venv/lib/python3.10/site-packages/poetry/installation/__pycache__/pip_installer.cpython-310.pyc
1750563381|Leonardo|M|/venv/lib/python3.10/site-packages/poetry/installation/operations/__pycache__/__init__.cpython-310.pyc
1750563381|Leonardo|M|/venv/lib/python3.10/site-packages/poetry/installation/operations/__pycache__/install.cpython-310.pyc
1750563381|Leonardo|M|/venv/lib/python3.10/site-packages/poetry/installation/operations/__pycache__/operation.cpython-310.pyc
1750563381|Leonardo|M|/venv/lib/python3.10/site-packages/poetry/installation/operations/__pycache__/uninstall.cpython-310.pyc
1750563381|Leonardo|M|/venv/lib/python3.10/site-packages/poetry/installation/operations/__pycache__/update.cpython-310.pyc
1750563381|Leonardo|M|/venv/lib/python3.10/site-packages/poetry/io/__pycache__/__init__.cpython-310.pyc
1750563381|Leonardo|M|/venv/lib/python3.10/site-packages/poetry/io/__pycache__/null_io.cpython-310.pyc
1750563381|Leonardo|M|/venv/lib/python3.10/site-packages/poetry/json/__pycache__/__init__.cpython-310.pyc
1750563381|Leonardo|M|/venv/lib/python3.10/site-packages/poetry/layouts/__pycache__/__init__.cpython-310.pyc
1750563381|Leonardo|M|/venv/lib/python3.10/site-packages/poetry/layouts/__pycache__/layout.cpython-310.pyc
1750563381|Leonardo|M|/venv/lib/python3.10/site-packages/poetry/layouts/__pycache__/src.cpython-310.pyc
1750563381|Leonardo|M|/venv/lib/python3.10/site-packages/poetry/layouts/__pycache__/standard.cpython-310.pyc
1750563381|Leonardo|M|/venv/lib/python3.10/site-packages/poetry/masonry/__pycache__/__init__.cpython-310.pyc
1750563381|Leonardo|M|/venv/lib/python3.10/site-packages/poetry/masonry/__pycache__/api.cpython-310.pyc
1750563381|Leonardo|M|/venv/lib/python3.10/site-packages/poetry/masonry/builders/__pycache__/__init__.cpython-310.pyc
1750563381|Leonardo|M|/venv/lib/python3.10/site-packages/poetry/masonry/builders/__pycache__/editable.cpython-310.pyc
1750563381|Leonardo|M|/venv/lib/python3.10/site-packages/poetry/mixology/__pycache__/__init__.cpython-310.pyc
1750563381|Leonardo|M|/venv/lib/python3.10/site-packages/poetry/mixology/__pycache__/assignment.cpython-310.pyc
1750563381|Leonardo|M|/venv/lib/python3.10/site-packages/poetry/mixology/__pycache__/failure.cpython-310.pyc
1750563381|Leonardo|M|/venv/lib/python3.10/site-packages/poetry/mixology/__pycache__/incompatibility.cpython-310.pyc
1750563381|Leonardo|M|/venv/lib/python3.10/site-packages/poetry/mixology/__pycache__/incompatibility_cause.cpython-310.pyc
1750563381|Leonardo|M|/venv/lib/python3.10/site-packages/poetry/mixology/__pycache__/partial_solution.cpython-310.pyc
1750563381|Leonardo|M|/venv/lib/python3.10/site-packages/poetry/mixology/__pycache__/result.cpython-310.pyc
1750563381|Leonardo|M|/venv/lib/python3.10/site-packages/poetry/mixology/__pycache__/set_relation.cpython-310.pyc
1750563381|Leonardo|M|/venv/lib/python3.10/site-packages/poetry/mixology/__pycache__/term.cpython-310.pyc
1750563381|Leonardo|M|/venv/lib/python3.10/site-packages/poetry/mixology/__pycache__/version_solver.cpython-310.pyc
1750563381|Leonardo|M|/venv/lib/python3.10/site-packages/poetry/mixology/solutions/__pycache__/__init__.cpython-310.pyc
1750563381|Leonardo|M|/venv/lib/python3.10/site-packages/poetry/mixology/solutions/providers/__pycache__/__init__.cpython-310.pyc
1750563381|Leonardo|M|/venv/lib/python3.10/site-packages/poetry/mixology/solutions/providers/__pycache__/python_requirement_solution_provider.cpython-310.pyc
1750563381|Leonardo|M|/venv/lib/python3.10/site-packages/poetry/mixology/solutions/solutions/__pycache__/__init__.cpython-310.pyc
1750563381|Leonardo|M|/venv/lib/python3.10/site-packages/poetry/mixology/solutions/solutions/__pycache__/python_requirement_solution.cpython-310.pyc
1750563381|Leonardo|M|/venv/lib/python3.10/site-packages/poetry/packages/__pycache__/__init__.cpython-310.pyc
1750563381|Leonardo|M|/venv/lib/python3.10/site-packages/poetry/packages/__pycache__/dependency_package.cpython-310.pyc
1750563381|Leonardo|M|/venv/lib/python3.10/site-packages/poetry/packages/__pycache__/locker.cpython-310.pyc
1750563381|Leonardo|M|/venv/lib/python3.10/site-packages/poetry/packages/__pycache__/package_collection.cpython-310.pyc
1750563381|Leonardo|M|/venv/lib/python3.10/site-packages/poetry/publishing/__pycache__/__init__.cpython-310.pyc
1750563381|Leonardo|M|/venv/lib/python3.10/site-packages/poetry/publishing/__pycache__/publisher.cpython-310.pyc
1750563381|Leonardo|M|/venv/lib/python3.10/site-packages/poetry/publishing/__pycache__/uploader.cpython-310.pyc
1750563381|Leonardo|M|/venv/lib/python3.10/site-packages/poetry/puzzle/__pycache__/__init__.cpython-310.pyc
1750563381|Leonardo|M|/venv/lib/python3.10/site-packages/poetry/puzzle/__pycache__/exceptions.cpython-310.pyc
1750563381|Leonardo|M|/venv/lib/python3.10/site-packages/poetry/puzzle/__pycache__/provider.cpython-310.pyc
1750563381|Leonardo|M|/venv/lib/python3.10/site-packages/poetry/puzzle/__pycache__/solver.cpython-310.pyc
1750563381|Leonardo|M|/venv/lib/python3.10/site-packages/poetry/repositories/__pycache__/__init__.cpython-310.pyc
1750563381|Leonardo|M|/venv/lib/python3.10/site-packages/poetry/repositories/__pycache__/base_repository.cpython-310.pyc
1750563381|Leonardo|M|/venv/lib/python3.10/site-packages/poetry/repositories/__pycache__/exceptions.cpython-310.pyc
1750563381|Leonardo|M|/venv/lib/python3.10/site-packages/poetry/repositories/__pycache__/installed_repository.cpython-310.pyc
1750563381|Leonardo|M|/venv/lib/python3.10/site-packages/poetry/repositories/__pycache__/legacy_repository.cpython-310.pyc
1750563381|Leonardo|M|/venv/lib/python3.10/site-packages/poetry/repositories/__pycache__/pool.cpython-310.pyc
1750563381|Leonardo|M|/venv/lib/python3.10/site-packages/poetry/repositories/__pycache__/pypi_repository.cpython-310.pyc
1750563381|Leonardo|M|/venv/lib/python3.10/site-packages/poetry/repositories/__pycache__/remote_repository.cpython-310.pyc
1750563381|Leonardo|M|/venv/lib/python3.10/site-packages/poetry/repositories/__pycache__/repository.cpython-310.pyc
1750563381|Leonardo|M|/venv/lib/python3.10/site-packages/poetry/utils/__pycache__/__init__.cpython-310.pyc
1750563381|Leonardo|M|/venv/lib/python3.10/site-packages/poetry/utils/__pycache__/_compat.cpython-310.pyc
1750563381|Leonardo|M|/venv/lib/python3.10/site-packages/poetry/utils/__pycache__/appdirs.cpython-310.pyc
1750563381|Leonardo|M|/venv/lib/python3.10/site-packages/poetry/utils/__pycache__/env.cpython-310.pyc
1750563381|Leonardo|M|/venv/lib/python3.10/site-packages/poetry/utils/__pycache__/exporter.cpython-310.pyc
1750563381|Leonardo|M|/venv/lib/python3.10/site-packages/poetry/utils/__pycache__/extras.cpython-310.pyc
1750563381|Leonardo|M|/venv/lib/python3.10/site-packages/poetry/utils/__pycache__/helpers.cpython-310.pyc
1750563381|Leonardo|M|/venv/lib/python3.10/site-packages/poetry/utils/__pycache__/password_manager.cpython-310.pyc
1750563381|Leonardo|M|/venv/lib/python3.10/site-packages/poetry/utils/__pycache__/patterns.cpython-310.pyc
1750563381|Leonardo|M|/venv/lib/python3.10/site-packages/poetry/utils/__pycache__/setup_reader.cpython-310.pyc
1750563381|Leonardo|M|/venv/lib/python3.10/site-packages/poetry/utils/__pycache__/shell.cpython-310.pyc
1750563381|Leonardo|M|/venv/lib/python3.10/site-packages/poetry/version/__pycache__/__init__.cpython-310.pyc
1750563381|Leonardo|M|/venv/lib/python3.10/site-packages/poetry/version/__pycache__/version_selector.cpython-310.pyc
1750563381|Leonardo|M|/venv/lib/python3.10/site-packages/psycopg2/__pycache__/__init__.cpython-310.pyc
1750563381|Leonardo|M|/venv/lib/python3.10/site-packages/psycopg2/__pycache__/_ipaddress.cpython-310.pyc
1750563381|Leonardo|M|/venv/lib/python3.10/site-packages/psycopg2/__pycache__/_json.cpython-310.pyc
1750563381|Leonardo|M|/venv/lib/python3.10/site-packages/psycopg2/__pycache__/_range.cpython-310.pyc
1750563381|Leonardo|M|/venv/lib/python3.10/site-packages/psycopg2/__pycache__/errorcodes.cpython-310.pyc
1750563381|Leonardo|M|/venv/lib/python3.10/site-packages/psycopg2/__pycache__/errors.cpython-310.pyc
1750563381|Leonardo|M|/venv/lib/python3.10/site-packages/psycopg2/__pycache__/extensions.cpython-310.pyc
1750563381|Leonardo|M|/venv/lib/python3.10/site-packages/psycopg2/__pycache__/extras.cpython-310.pyc
1750563381|Leonardo|M|/venv/lib/python3.10/site-packages/psycopg2/__pycache__/pool.cpython-310.pyc
1750563381|Leonardo|M|/venv/lib/python3.10/site-packages/psycopg2/__pycache__/sql.cpython-310.pyc
1750563381|Leonardo|M|/venv/lib/python3.10/site-packages/psycopg2/__pycache__/tz.cpython-310.pyc
1750563381|Leonardo|M|/venv/lib/python3.10/site-packages/ptyprocess/__pycache__/__init__.cpython-310.pyc
1750563381|Leonardo|M|/venv/lib/python3.10/site-packages/ptyprocess/__pycache__/_fork_pty.cpython-310.pyc
1750563381|Leonardo|M|/venv/lib/python3.10/site-packages/ptyprocess/__pycache__/ptyprocess.cpython-310.pyc
1750563381|Leonardo|M|/venv/lib/python3.10/site-packages/ptyprocess/__pycache__/util.cpython-310.pyc
1750563381|Leonardo|M|/venv/lib/python3.10/site-packages/pycparser/__pycache__/__init__.cpython-310.pyc
1750563381|Leonardo|M|/venv/lib/python3.10/site-packages/pycparser/__pycache__/_ast_gen.cpython-310.pyc
1750563381|Leonardo|M|/venv/lib/python3.10/site-packages/pycparser/__pycache__/_build_tables.cpython-310.pyc
1750563381|Leonardo|M|/venv/lib/python3.10/site-packages/pycparser/__pycache__/ast_transforms.cpython-310.pyc
1750563381|Leonardo|M|/venv/lib/python3.10/site-packages/pycparser/__pycache__/c_ast.cpython-310.pyc
1750563381|Leonardo|M|/venv/lib/python3.10/site-packages/pycparser/__pycache__/c_generator.cpython-310.pyc
1750563381|Leonardo|M|/venv/lib/python3.10/site-packages/pycparser/__pycache__/c_lexer.cpython-310.pyc
1750563381|Leonardo|M|/venv/lib/python3.10/site-packages/pycparser/__pycache__/c_parser.cpython-310.pyc
1750563381|Leonardo|M|/venv/lib/python3.10/site-packages/pycparser/__pycache__/lextab.cpython-310.pyc
1750563381|Leonardo|M|/venv/lib/python3.10/site-packages/pycparser/__pycache__/plyparser.cpython-310.pyc
1750563381|Leonardo|M|/venv/lib/python3.10/site-packages/pycparser/__pycache__/yacctab.cpython-310.pyc
1750563381|Leonardo|M|/venv/lib/python3.10/site-packages/pycparser/ply/__pycache__/__init__.cpython-310.pyc
1750563381|Leonardo|M|/venv/lib/python3.10/site-packages/pycparser/ply/__pycache__/cpp.cpython-310.pyc
1750563381|Leonardo|M|/venv/lib/python3.10/site-packages/pycparser/ply/__pycache__/ctokens.cpython-310.pyc
1750563381|Leonardo|M|/venv/lib/python3.10/site-packages/pycparser/ply/__pycache__/lex.cpython-310.pyc
1750563381|Leonardo|M|/venv/lib/python3.10/site-packages/pycparser/ply/__pycache__/yacc.cpython-310.pyc
1750563381|Leonardo|M|/venv/lib/python3.10/site-packages/pycparser/ply/__pycache__/ygen.cpython-310.pyc
1750563381|Leonardo|M|/venv/lib/python3.10/site-packages/pylev/__pycache__/__init__.cpython-310.pyc
1750563381|Leonardo|M|/venv/lib/python3.10/site-packages/pylev/__pycache__/classic.cpython-310.pyc
1750563381|Leonardo|M|/venv/lib/python3.10/site-packages/pylev/__pycache__/damerau.cpython-310.pyc
1750563381|Leonardo|M|/venv/lib/python3.10/site-packages/pylev/__pycache__/recursive.cpython-310.pyc
1750563381|Leonardo|M|/venv/lib/python3.10/site-packages/pylev/__pycache__/wf.cpython-310.pyc
1750563381|Leonardo|M|/venv/lib/python3.10/site-packages/pyparsing/__pycache__/__init__.cpython-310.pyc
1750563381|Leonardo|M|/venv/lib/python3.10/site-packages/pyparsing/__pycache__/actions.cpython-310.pyc
1750563381|Leonardo|M|/venv/lib/python3.10/site-packages/pyparsing/__pycache__/common.cpython-310.pyc
1750563381|Leonardo|M|/venv/lib/python3.10/site-packages/pyparsing/__pycache__/core.cpython-310.pyc
1750563381|Leonardo|M|/venv/lib/python3.10/site-packages/pyparsing/__pycache__/exceptions.cpython-310.pyc
1750563381|Leonardo|M|/venv/lib/python3.10/site-packages/pyparsing/__pycache__/helpers.cpython-310.pyc
1750563381|Leonardo|M|/venv/lib/python3.10/site-packages/pyparsing/__pycache__/results.cpython-310.pyc
1750563381|Leonardo|M|/venv/lib/python3.10/site-packages/pyparsing/__pycache__/testing.cpython-310.pyc
1750563381|Leonardo|M|/venv/lib/python3.10/site-packages/pyparsing/__pycache__/unicode.cpython-310.pyc
1750563381|Leonardo|M|/venv/lib/python3.10/site-packages/pyparsing/__pycache__/util.cpython-310.pyc
1750563381|Leonardo|M|/venv/lib/python3.10/site-packages/pyparsing/diagram/__pycache__/__init__.cpython-310.pyc
1750563381|Leonardo|M|/venv/lib/python3.10/site-packages/pyparsing/tools/__pycache__/__init__.cpython-310.pyc
1750563381|Leonardo|M|/venv/lib/python3.10/site-packages/pyparsing/tools/__pycache__/cvt_pyparsing_pep8_names.cpython-310.pyc
1750563381|Leonardo|M|/venv/lib/python3.10/site-packages/python_dotenv-1.0.1.dist-info/RECORD
1750563381|Leonardo|D|/venv/lib/python3.10/site-packages/requests-2.32.3.dist-info/INSTALLER
1750563381|Leonardo|D|/venv/lib/python3.10/site-packages/requests-2.32.3.dist-info/LICENSE
1750563381|Leonardo|D|/venv/lib/python3.10/site-packages/requests-2.32.3.dist-info/METADATA
1750563381|Leonardo|D|/venv/lib/python3.10/site-packages/requests-2.32.3.dist-info/RECORD
1750563381|Leonardo|D|/venv/lib/python3.10/site-packages/requests-2.32.3.dist-info/WHEEL
1750563381|Leonardo|D|/venv/lib/python3.10/site-packages/requests-2.32.3.dist-info/top_level.txt
1750563381|Leonardo|A|/venv/lib/python3.10/site-packages/requests-2.32.4.dist-info/INSTALLER
1750563381|Leonardo|A|/venv/lib/python3.10/site-packages/requests-2.32.4.dist-info/METADATA
1750563381|Leonardo|A|/venv/lib/python3.10/site-packages/requests-2.32.4.dist-info/RECORD
1750563381|Leonardo|A|/venv/lib/python3.10/site-packages/requests-2.32.4.dist-info/WHEEL
1750563381|Leonardo|A|/venv/lib/python3.10/site-packages/requests-2.32.4.dist-info/licenses/LICENSE
1750563381|Leonardo|A|/venv/lib/python3.10/site-packages/requests-2.32.4.dist-info/top_level.txt
1750563381|Leonardo|M|/venv/lib/python3.10/site-packages/requests/__pycache__/__init__.cpython-310.pyc
1750563381|Leonardo|M|/venv/lib/python3.10/site-packages/requests/__pycache__/__version__.cpython-310.pyc
1750563381|Leonardo|M|/venv/lib/python3.10/site-packages/requests/__pycache__/_internal_utils.cpython-310.pyc
1750563381|Leonardo|M|/venv/lib/python3.10/site-packages/requests/__pycache__/adapters.cpython-310.pyc
1750563381|Leonardo|M|/venv/lib/python3.10/site-packages/requests/__pycache__/api.cpython-310.pyc
1750563381|Leonardo|M|/venv/lib/python3.10/site-packages/requests/__pycache__/auth.cpython-310.pyc
1750563381|Leonardo|M|/venv/lib/python3.10/site-packages/requests/__pycache__/certs.cpython-310.pyc
1750563381|Leonardo|M|/venv/lib/python3.10/site-packages/requests/__pycache__/compat.cpython-310.pyc
1750563381|Leonardo|M|/venv/lib/python3.10/site-packages/requests/__pycache__/cookies.cpython-310.pyc
1750563381|Leonardo|M|/venv/lib/python3.10/site-packages/requests/__pycache__/exceptions.cpython-310.pyc
1750563381|Leonardo|M|/venv/lib/python3.10/site-packages/requests/__pycache__/help.cpython-310.pyc
1750563381|Leonardo|M|/venv/lib/python3.10/site-packages/requests/__pycache__/hooks.cpython-310.pyc
1750563381|Leonardo|M|/venv/lib/python3.10/site-packages/requests/__pycache__/models.cpython-310.pyc
1750563381|Leonardo|M|/venv/lib/python3.10/site-packages/requests/__pycache__/packages.cpython-310.pyc
1750563381|Leonardo|M|/venv/lib/python3.10/site-packages/requests/__pycache__/sessions.cpython-310.pyc
1750563381|Leonardo|M|/venv/lib/python3.10/site-packages/requests/__pycache__/status_codes.cpython-310.pyc
1750563381|Leonardo|M|/venv/lib/python3.10/site-packages/requests/__pycache__/structures.cpython-310.pyc
1750563381|Leonardo|M|/venv/lib/python3.10/site-packages/requests/__pycache__/utils.cpython-310.pyc
1750563381|Leonardo|M|/venv/lib/python3.10/site-packages/requests/__version__.py
1750563381|Leonardo|M|/venv/lib/python3.10/site-packages/requests/compat.py
1750563381|Leonardo|M|/venv/lib/python3.10/site-packages/requests/models.py
1750563381|Leonardo|M|/venv/lib/python3.10/site-packages/requests/utils.py
1750563381|Leonardo|M|/venv/lib/python3.10/site-packages/requests_toolbelt/__pycache__/__init__.cpython-310.pyc
1750563381|Leonardo|M|/venv/lib/python3.10/site-packages/requests_toolbelt/__pycache__/_compat.cpython-310.pyc
1750563381|Leonardo|M|/venv/lib/python3.10/site-packages/requests_toolbelt/__pycache__/exceptions.cpython-310.pyc
1750563381|Leonardo|M|/venv/lib/python3.10/site-packages/requests_toolbelt/__pycache__/sessions.cpython-310.pyc
1750563381|Leonardo|M|/venv/lib/python3.10/site-packages/requests_toolbelt/__pycache__/streaming_iterator.cpython-310.pyc
1750563381|Leonardo|M|/venv/lib/python3.10/site-packages/requests_toolbelt/adapters/__pycache__/__init__.cpython-310.pyc
1750563381|Leonardo|M|/venv/lib/python3.10/site-packages/requests_toolbelt/adapters/__pycache__/appengine.cpython-310.pyc
1750563381|Leonardo|M|/venv/lib/python3.10/site-packages/requests_toolbelt/adapters/__pycache__/fingerprint.cpython-310.pyc
1750563381|Leonardo|M|/venv/lib/python3.10/site-packages/requests_toolbelt/adapters/__pycache__/host_header_ssl.cpython-310.pyc
1750563381|Leonardo|M|/venv/lib/python3.10/site-packages/requests_toolbelt/adapters/__pycache__/socket_options.cpython-310.pyc
1750563381|Leonardo|M|/venv/lib/python3.10/site-packages/requests_toolbelt/adapters/__pycache__/source.cpython-310.pyc
1750563381|Leonardo|M|/venv/lib/python3.10/site-packages/requests_toolbelt/adapters/__pycache__/ssl.cpython-310.pyc
1750563381|Leonardo|M|/venv/lib/python3.10/site-packages/requests_toolbelt/adapters/__pycache__/x509.cpython-310.pyc
1750563381|Leonardo|M|/venv/lib/python3.10/site-packages/requests_toolbelt/auth/__pycache__/__init__.cpython-310.pyc
1750563381|Leonardo|M|/venv/lib/python3.10/site-packages/requests_toolbelt/auth/__pycache__/_digest_auth_compat.cpython-310.pyc
1750563381|Leonardo|M|/venv/lib/python3.10/site-packages/requests_toolbelt/auth/__pycache__/guess.cpython-310.pyc
1750563381|Leonardo|M|/venv/lib/python3.10/site-packages/requests_toolbelt/auth/__pycache__/handler.cpython-310.pyc
1750563381|Leonardo|M|/venv/lib/python3.10/site-packages/requests_toolbelt/auth/__pycache__/http_proxy_digest.cpython-310.pyc
1750563381|Leonardo|M|/venv/lib/python3.10/site-packages/requests_toolbelt/cookies/__pycache__/__init__.cpython-310.pyc
1750563381|Leonardo|M|/venv/lib/python3.10/site-packages/requests_toolbelt/cookies/__pycache__/forgetful.cpython-310.pyc
1750563381|Leonardo|M|/venv/lib/python3.10/site-packages/requests_toolbelt/downloadutils/__pycache__/__init__.cpython-310.pyc
1750563381|Leonardo|M|/venv/lib/python3.10/site-packages/requests_toolbelt/downloadutils/__pycache__/stream.cpython-310.pyc
1750563381|Leonardo|M|/venv/lib/python3.10/site-packages/requests_toolbelt/downloadutils/__pycache__/tee.cpython-310.pyc
1750563381|Leonardo|M|/venv/lib/python3.10/site-packages/requests_toolbelt/multipart/__pycache__/__init__.cpython-310.pyc
1750563381|Leonardo|M|/venv/lib/python3.10/site-packages/requests_toolbelt/multipart/__pycache__/decoder.cpython-310.pyc
1750563381|Leonardo|M|/venv/lib/python3.10/site-packages/requests_toolbelt/multipart/__pycache__/encoder.cpython-310.pyc
1750563381|Leonardo|M|/venv/lib/python3.10/site-packages/requests_toolbelt/threaded/__pycache__/__init__.cpython-310.pyc
1750563381|Leonardo|M|/venv/lib/python3.10/site-packages/requests_toolbelt/threaded/__pycache__/pool.cpython-310.pyc
1750563381|Leonardo|M|/venv/lib/python3.10/site-packages/requests_toolbelt/threaded/__pycache__/thread.cpython-310.pyc
1750563381|Leonardo|M|/venv/lib/python3.10/site-packages/requests_toolbelt/utils/__pycache__/__init__.cpython-310.pyc
1750563381|Leonardo|M|/venv/lib/python3.10/site-packages/requests_toolbelt/utils/__pycache__/deprecated.cpython-310.pyc
1750563381|Leonardo|M|/venv/lib/python3.10/site-packages/requests_toolbelt/utils/__pycache__/dump.cpython-310.pyc
1750563381|Leonardo|M|/venv/lib/python3.10/site-packages/requests_toolbelt/utils/__pycache__/formdata.cpython-310.pyc
1750563381|Leonardo|M|/venv/lib/python3.10/site-packages/requests_toolbelt/utils/__pycache__/user_agent.cpython-310.pyc
1750563381|Leonardo|M|/venv/lib/python3.10/site-packages/secretstorage/__pycache__/__init__.cpython-310.pyc
1750563381|Leonardo|M|/venv/lib/python3.10/site-packages/secretstorage/__pycache__/collection.cpython-310.pyc
1750563381|Leonardo|M|/venv/lib/python3.10/site-packages/secretstorage/__pycache__/defines.cpython-310.pyc
1750563381|Leonardo|M|/venv/lib/python3.10/site-packages/secretstorage/__pycache__/dhcrypto.cpython-310.pyc
1750563381|Leonardo|M|/venv/lib/python3.10/site-packages/secretstorage/__pycache__/exceptions.cpython-310.pyc
1750563381|Leonardo|M|/venv/lib/python3.10/site-packages/secretstorage/__pycache__/item.cpython-310.pyc
1750563381|Leonardo|M|/venv/lib/python3.10/site-packages/secretstorage/__pycache__/util.cpython-310.pyc
1750563381|Leonardo|M|/venv/lib/python3.10/site-packages/setuptools-59.6.0.dist-info/RECORD
1750563381|Leonardo|M|/venv/lib/python3.10/site-packages/setuptools/__pycache__/__init__.cpython-310.pyc
1750563381|Leonardo|M|/venv/lib/python3.10/site-packages/setuptools/__pycache__/_deprecation_warning.cpython-310.pyc
1750563381|Leonardo|M|/venv/lib/python3.10/site-packages/setuptools/__pycache__/_imp.cpython-310.pyc
1750563381|Leonardo|M|/venv/lib/python3.10/site-packages/setuptools/__pycache__/archive_util.cpython-310.pyc
1750563381|Leonardo|M|/venv/lib/python3.10/site-packages/setuptools/__pycache__/build_meta.cpython-310.pyc
1750563381|Leonardo|M|/venv/lib/python3.10/site-packages/setuptools/__pycache__/config.cpython-310.pyc
1750563381|Leonardo|M|/venv/lib/python3.10/site-packages/setuptools/__pycache__/dep_util.cpython-310.pyc
1750563381|Leonardo|M|/venv/lib/python3.10/site-packages/setuptools/__pycache__/depends.cpython-310.pyc
1750563381|Leonardo|M|/venv/lib/python3.10/site-packages/setuptools/__pycache__/dist.cpython-310.pyc
1750563381|Leonardo|M|/venv/lib/python3.10/site-packages/setuptools/__pycache__/errors.cpython-310.pyc
1750563381|Leonardo|M|/venv/lib/python3.10/site-packages/setuptools/__pycache__/extension.cpython-310.pyc
1750563381|Leonardo|M|/venv/lib/python3.10/site-packages/setuptools/__pycache__/glob.cpython-310.pyc
1750563381|Leonardo|M|/venv/lib/python3.10/site-packages/setuptools/__pycache__/installer.cpython-310.pyc
1750563381|Leonardo|M|/venv/lib/python3.10/site-packages/setuptools/__pycache__/launch.cpython-310.pyc
1750563381|Leonardo|M|/venv/lib/python3.10/site-packages/setuptools/__pycache__/monkey.cpython-310.pyc
1750563381|Leonardo|M|/venv/lib/python3.10/site-packages/setuptools/__pycache__/msvc.cpython-310.pyc
1750563381|Leonardo|M|/venv/lib/python3.10/site-packages/setuptools/__pycache__/namespaces.cpython-310.pyc
1750563381|Leonardo|M|/venv/lib/python3.10/site-packages/setuptools/__pycache__/package_index.cpython-310.pyc
1750563381|Leonardo|M|/venv/lib/python3.10/site-packages/setuptools/__pycache__/py34compat.cpython-310.pyc
1750563381|Leonardo|M|/venv/lib/python3.10/site-packages/setuptools/__pycache__/sandbox.cpython-310.pyc
1750563381|Leonardo|M|/venv/lib/python3.10/site-packages/setuptools/__pycache__/unicode_utils.cpython-310.pyc
1750563381|Leonardo|M|/venv/lib/python3.10/site-packages/setuptools/__pycache__/version.cpython-310.pyc
1750563381|Leonardo|M|/venv/lib/python3.10/site-packages/setuptools/__pycache__/wheel.cpython-310.pyc
1750563381|Leonardo|M|/venv/lib/python3.10/site-packages/setuptools/__pycache__/windows_support.cpython-310.pyc
1750563381|Leonardo|M|/venv/lib/python3.10/site-packages/setuptools/_distutils/__pycache__/__init__.cpython-310.pyc
1750563381|Leonardo|M|/venv/lib/python3.10/site-packages/setuptools/_distutils/__pycache__/_msvccompiler.cpython-310.pyc
1750563381|Leonardo|M|/venv/lib/python3.10/site-packages/setuptools/_distutils/__pycache__/archive_util.cpython-310.pyc
1750563381|Leonardo|M|/venv/lib/python3.10/site-packages/setuptools/_distutils/__pycache__/bcppcompiler.cpython-310.pyc
1750563381|Leonardo|M|/venv/lib/python3.10/site-packages/setuptools/_distutils/__pycache__/ccompiler.cpython-310.pyc
1750563381|Leonardo|M|/venv/lib/python3.10/site-packages/setuptools/_distutils/__pycache__/cmd.cpython-310.pyc
1750563381|Leonardo|M|/venv/lib/python3.10/site-packages/setuptools/_distutils/__pycache__/config.cpython-310.pyc
1750563381|Leonardo|M|/venv/lib/python3.10/site-packages/setuptools/_distutils/__pycache__/core.cpython-310.pyc
1750563381|Leonardo|M|/venv/lib/python3.10/site-packages/setuptools/_distutils/__pycache__/cygwinccompiler.cpython-310.pyc
1750563381|Leonardo|M|/venv/lib/python3.10/site-packages/setuptools/_distutils/__pycache__/debug.cpython-310.pyc
1750563381|Leonardo|M|/venv/lib/python3.10/site-packages/setuptools/_distutils/__pycache__/dep_util.cpython-310.pyc
1750563381|Leonardo|M|/venv/lib/python3.10/site-packages/setuptools/_distutils/__pycache__/dir_util.cpython-310.pyc
1750563381|Leonardo|M|/venv/lib/python3.10/site-packages/setuptools/_distutils/__pycache__/dist.cpython-310.pyc
1750563381|Leonardo|M|/venv/lib/python3.10/site-packages/setuptools/_distutils/__pycache__/errors.cpython-310.pyc
1750563381|Leonardo|M|/venv/lib/python3.10/site-packages/setuptools/_distutils/__pycache__/extension.cpython-310.pyc
1750563381|Leonardo|M|/venv/lib/python3.10/site-packages/setuptools/_distutils/__pycache__/fancy_getopt.cpython-310.pyc
1750563381|Leonardo|M|/venv/lib/python3.10/site-packages/setuptools/_distutils/__pycache__/file_util.cpython-310.pyc
1750563381|Leonardo|M|/venv/lib/python3.10/site-packages/setuptools/_distutils/__pycache__/filelist.cpython-310.pyc
1750563381|Leonardo|M|/venv/lib/python3.10/site-packages/setuptools/_distutils/__pycache__/log.cpython-310.pyc
1750563381|Leonardo|M|/venv/lib/python3.10/site-packages/setuptools/_distutils/__pycache__/msvc9compiler.cpython-310.pyc
1750563381|Leonardo|M|/venv/lib/python3.10/site-packages/setuptools/_distutils/__pycache__/msvccompiler.cpython-310.pyc
1750563381|Leonardo|M|/venv/lib/python3.10/site-packages/setuptools/_distutils/__pycache__/py35compat.cpython-310.pyc
1750563381|Leonardo|M|/venv/lib/python3.10/site-packages/setuptools/_distutils/__pycache__/py38compat.cpython-310.pyc
1750563381|Leonardo|M|/venv/lib/python3.10/site-packages/setuptools/_distutils/__pycache__/spawn.cpython-310.pyc
1750563381|Leonardo|M|/venv/lib/python3.10/site-packages/setuptools/_distutils/__pycache__/sysconfig.cpython-310.pyc
1750563381|Leonardo|M|/venv/lib/python3.10/site-packages/setuptools/_distutils/__pycache__/text_file.cpython-310.pyc
1750563381|Leonardo|M|/venv/lib/python3.10/site-packages/setuptools/_distutils/__pycache__/unixccompiler.cpython-310.pyc
1750563381|Leonardo|M|/venv/lib/python3.10/site-packages/setuptools/_distutils/__pycache__/util.cpython-310.pyc
1750563381|Leonardo|M|/venv/lib/python3.10/site-packages/setuptools/_distutils/__pycache__/version.cpython-310.pyc
1750563381|Leonardo|M|/venv/lib/python3.10/site-packages/setuptools/_distutils/__pycache__/versionpredicate.cpython-310.pyc
1750563381|Leonardo|M|/venv/lib/python3.10/site-packages/setuptools/_distutils/command/__pycache__/__init__.cpython-310.pyc
1750563381|Leonardo|M|/venv/lib/python3.10/site-packages/setuptools/_distutils/command/__pycache__/bdist.cpython-310.pyc
1750563381|Leonardo|M|/venv/lib/python3.10/site-packages/setuptools/_distutils/command/__pycache__/bdist_dumb.cpython-310.pyc
1750563381|Leonardo|M|/venv/lib/python3.10/site-packages/setuptools/_distutils/command/__pycache__/bdist_msi.cpython-310.pyc
1750563381|Leonardo|M|/venv/lib/python3.10/site-packages/setuptools/_distutils/command/__pycache__/bdist_rpm.cpython-310.pyc
1750563381|Leonardo|M|/venv/lib/python3.10/site-packages/setuptools/_distutils/command/__pycache__/bdist_wininst.cpython-310.pyc
1750563381|Leonardo|M|/venv/lib/python3.10/site-packages/setuptools/_distutils/command/__pycache__/build.cpython-310.pyc
1750563381|Leonardo|M|/venv/lib/python3.10/site-packages/setuptools/_distutils/command/__pycache__/build_clib.cpython-310.pyc
1750563381|Leonardo|M|/venv/lib/python3.10/site-packages/setuptools/_distutils/command/__pycache__/build_ext.cpython-310.pyc
1750563381|Leonardo|M|/venv/lib/python3.10/site-packages/setuptools/_distutils/command/__pycache__/build_py.cpython-310.pyc
1750563381|Leonardo|M|/venv/lib/python3.10/site-packages/setuptools/_distutils/command/__pycache__/build_scripts.cpython-310.pyc
1750563381|Leonardo|M|/venv/lib/python3.10/site-packages/setuptools/_distutils/command/__pycache__/check.cpython-310.pyc
1750563381|Leonardo|M|/venv/lib/python3.10/site-packages/setuptools/_distutils/command/__pycache__/clean.cpython-310.pyc
1750563381|Leonardo|M|/venv/lib/python3.10/site-packages/setuptools/_distutils/command/__pycache__/config.cpython-310.pyc
1750563381|Leonardo|M|/venv/lib/python3.10/site-packages/setuptools/_distutils/command/__pycache__/install.cpython-310.pyc
1750563381|Leonardo|M|/venv/lib/python3.10/site-packages/setuptools/_distutils/command/__pycache__/install_data.cpython-310.pyc
1750563381|Leonardo|M|/venv/lib/python3.10/site-packages/setuptools/_distutils/command/__pycache__/install_egg_info.cpython-310.pyc
1750563381|Leonardo|M|/venv/lib/python3.10/site-packages/setuptools/_distutils/command/__pycache__/install_headers.cpython-310.pyc
1750563381|Leonardo|M|/venv/lib/python3.10/site-packages/setuptools/_distutils/command/__pycache__/install_lib.cpython-310.pyc
1750563381|Leonardo|M|/venv/lib/python3.10/site-packages/setuptools/_distutils/command/__pycache__/install_scripts.cpython-310.pyc
1750563381|Leonardo|M|/venv/lib/python3.10/site-packages/setuptools/_distutils/command/__pycache__/py37compat.cpython-310.pyc
1750563381|Leonardo|M|/venv/lib/python3.10/site-packages/setuptools/_distutils/command/__pycache__/register.cpython-310.pyc
1750563381|Leonardo|M|/venv/lib/python3.10/site-packages/setuptools/_distutils/command/__pycache__/sdist.cpython-310.pyc
1750563381|Leonardo|M|/venv/lib/python3.10/site-packages/setuptools/_distutils/command/__pycache__/upload.cpython-310.pyc
1750563381|Leonardo|M|/venv/lib/python3.10/site-packages/setuptools/_vendor/__pycache__/__init__.cpython-310.pyc
1750563381|Leonardo|M|/venv/lib/python3.10/site-packages/setuptools/_vendor/__pycache__/ordered_set.cpython-310.pyc
1750563381|Leonardo|M|/venv/lib/python3.10/site-packages/setuptools/_vendor/__pycache__/pyparsing.cpython-310.pyc
1750563381|Leonardo|M|/venv/lib/python3.10/site-packages/setuptools/_vendor/more_itertools/__pycache__/__init__.cpython-310.pyc
1750563381|Leonardo|M|/venv/lib/python3.10/site-packages/setuptools/_vendor/more_itertools/__pycache__/more.cpython-310.pyc
1750563381|Leonardo|M|/venv/lib/python3.10/site-packages/setuptools/_vendor/more_itertools/__pycache__/recipes.cpython-310.pyc
1750563381|Leonardo|M|/venv/lib/python3.10/site-packages/setuptools/_vendor/packaging/__pycache__/__about__.cpython-310.pyc
1750563381|Leonardo|M|/venv/lib/python3.10/site-packages/setuptools/_vendor/packaging/__pycache__/__init__.cpython-310.pyc
1750563381|Leonardo|M|/venv/lib/python3.10/site-packages/setuptools/_vendor/packaging/__pycache__/_manylinux.cpython-310.pyc
1750563381|Leonardo|M|/venv/lib/python3.10/site-packages/setuptools/_vendor/packaging/__pycache__/_musllinux.cpython-310.pyc
1750563381|Leonardo|M|/venv/lib/python3.10/site-packages/setuptools/_vendor/packaging/__pycache__/_structures.cpython-310.pyc
1750563381|Leonardo|M|/venv/lib/python3.10/site-packages/setuptools/_vendor/packaging/__pycache__/markers.cpython-310.pyc
1750563381|Leonardo|M|/venv/lib/python3.10/site-packages/setuptools/_vendor/packaging/__pycache__/requirements.cpython-310.pyc
1750563381|Leonardo|M|/venv/lib/python3.10/site-packages/setuptools/_vendor/packaging/__pycache__/specifiers.cpython-310.pyc
1750563381|Leonardo|M|/venv/lib/python3.10/site-packages/setuptools/_vendor/packaging/__pycache__/tags.cpython-310.pyc
1750563381|Leonardo|M|/venv/lib/python3.10/site-packages/setuptools/_vendor/packaging/__pycache__/utils.cpython-310.pyc
1750563381|Leonardo|M|/venv/lib/python3.10/site-packages/setuptools/_vendor/packaging/__pycache__/version.cpython-310.pyc
1750563381|Leonardo|M|/venv/lib/python3.10/site-packages/setuptools/command/__pycache__/__init__.cpython-310.pyc
1750563381|Leonardo|M|/venv/lib/python3.10/site-packages/setuptools/command/__pycache__/alias.cpython-310.pyc
1750563381|Leonardo|M|/venv/lib/python3.10/site-packages/setuptools/command/__pycache__/bdist_egg.cpython-310.pyc
1750563381|Leonardo|M|/venv/lib/python3.10/site-packages/setuptools/command/__pycache__/bdist_rpm.cpython-310.pyc
1750563381|Leonardo|M|/venv/lib/python3.10/site-packages/setuptools/command/__pycache__/build_clib.cpython-310.pyc
1750563381|Leonardo|M|/venv/lib/python3.10/site-packages/setuptools/command/__pycache__/build_ext.cpython-310.pyc
1750563381|Leonardo|M|/venv/lib/python3.10/site-packages/setuptools/command/__pycache__/build_py.cpython-310.pyc
1750563381|Leonardo|M|/venv/lib/python3.10/site-packages/setuptools/command/__pycache__/develop.cpython-310.pyc
1750563381|Leonardo|M|/venv/lib/python3.10/site-packages/setuptools/command/__pycache__/dist_info.cpython-310.pyc
1750563381|Leonardo|M|/venv/lib/python3.10/site-packages/setuptools/command/__pycache__/easy_install.cpython-310.pyc
1750563381|Leonardo|M|/venv/lib/python3.10/site-packages/setuptools/command/__pycache__/egg_info.cpython-310.pyc
1750563381|Leonardo|M|/venv/lib/python3.10/site-packages/setuptools/command/__pycache__/install.cpython-310.pyc
1750563381|Leonardo|M|/venv/lib/python3.10/site-packages/setuptools/command/__pycache__/install_egg_info.cpython-310.pyc
1750563381|Leonardo|M|/venv/lib/python3.10/site-packages/setuptools/command/__pycache__/install_lib.cpython-310.pyc
1750563381|Leonardo|M|/venv/lib/python3.10/site-packages/setuptools/command/__pycache__/install_scripts.cpython-310.pyc
1750563381|Leonardo|M|/venv/lib/python3.10/site-packages/setuptools/command/__pycache__/py36compat.cpython-310.pyc
1750563381|Leonardo|M|/venv/lib/python3.10/site-packages/setuptools/command/__pycache__/register.cpython-310.pyc
1750563381|Leonardo|M|/venv/lib/python3.10/site-packages/setuptools/command/__pycache__/rotate.cpython-310.pyc
1750563381|Leonardo|M|/venv/lib/python3.10/site-packages/setuptools/command/__pycache__/saveopts.cpython-310.pyc
1750563381|Leonardo|M|/venv/lib/python3.10/site-packages/setuptools/command/__pycache__/sdist.cpython-310.pyc
1750563381|Leonardo|M|/venv/lib/python3.10/site-packages/setuptools/command/__pycache__/setopt.cpython-310.pyc
1750563381|Leonardo|M|/venv/lib/python3.10/site-packages/setuptools/command/__pycache__/test.cpython-310.pyc
1750563381|Leonardo|M|/venv/lib/python3.10/site-packages/setuptools/command/__pycache__/upload.cpython-310.pyc
1750563381|Leonardo|M|/venv/lib/python3.10/site-packages/setuptools/command/__pycache__/upload_docs.cpython-310.pyc
1750563381|Leonardo|M|/venv/lib/python3.10/site-packages/setuptools/extern/__pycache__/__init__.cpython-310.pyc
1750563381|Leonardo|M|/venv/lib/python3.10/site-packages/setuptools/package_index.py
1750563381|Leonardo|M|/venv/lib/python3.10/site-packages/shellingham/__pycache__/__init__.cpython-310.pyc
1750563381|Leonardo|M|/venv/lib/python3.10/site-packages/shellingham/__pycache__/_core.cpython-310.pyc
1750563381|Leonardo|M|/venv/lib/python3.10/site-packages/shellingham/__pycache__/nt.cpython-310.pyc
1750563381|Leonardo|M|/venv/lib/python3.10/site-packages/shellingham/posix/__pycache__/__init__.cpython-310.pyc
1750563381|Leonardo|M|/venv/lib/python3.10/site-packages/shellingham/posix/__pycache__/_core.cpython-310.pyc
1750563381|Leonardo|M|/venv/lib/python3.10/site-packages/shellingham/posix/__pycache__/proc.cpython-310.pyc
1750563381|Leonardo|M|/venv/lib/python3.10/site-packages/shellingham/posix/__pycache__/ps.cpython-310.pyc
1750563381|Leonardo|M|/venv/lib/python3.10/site-packages/sqlalchemy-2.0.41.dist-info/RECORD
1750563381|Leonardo|A|/venv/lib/python3.10/site-packages/sqlalchemy-2.0.41.dist-info/REQUESTED
1750563381|Leonardo|M|/venv/lib/python3.10/site-packages/sqlalchemy/__pycache__/__init__.cpython-310.pyc
1750563381|Leonardo|M|/venv/lib/python3.10/site-packages/sqlalchemy/__pycache__/events.cpython-310.pyc
1750563381|Leonardo|M|/venv/lib/python3.10/site-packages/sqlalchemy/__pycache__/exc.cpython-310.pyc
1750563381|Leonardo|M|/venv/lib/python3.10/site-packages/sqlalchemy/__pycache__/inspection.cpython-310.pyc
1750563381|Leonardo|M|/venv/lib/python3.10/site-packages/sqlalchemy/__pycache__/log.cpython-310.pyc
1750563381|Leonardo|M|/venv/lib/python3.10/site-packages/sqlalchemy/__pycache__/schema.cpython-310.pyc
1750563381|Leonardo|M|/venv/lib/python3.10/site-packages/sqlalchemy/__pycache__/types.cpython-310.pyc
1750563381|Leonardo|M|/venv/lib/python3.10/site-packages/sqlalchemy/connectors/__pycache__/__init__.cpython-310.pyc
1750563381|Leonardo|M|/venv/lib/python3.10/site-packages/sqlalchemy/connectors/__pycache__/aioodbc.cpython-310.pyc
1750563381|Leonardo|M|/venv/lib/python3.10/site-packages/sqlalchemy/connectors/__pycache__/asyncio.cpython-310.pyc
1750563381|Leonardo|M|/venv/lib/python3.10/site-packages/sqlalchemy/connectors/__pycache__/pyodbc.cpython-310.pyc
1750563381|Leonardo|M|/venv/lib/python3.10/site-packages/sqlalchemy/cyextension/__pycache__/__init__.cpython-310.pyc
1750563381|Leonardo|M|/venv/lib/python3.10/site-packages/sqlalchemy/dialects/__pycache__/__init__.cpython-310.pyc
1750563381|Leonardo|M|/venv/lib/python3.10/site-packages/sqlalchemy/dialects/__pycache__/_typing.cpython-310.pyc
1750563381|Leonardo|M|/venv/lib/python3.10/site-packages/sqlalchemy/dialects/mssql/__pycache__/__init__.cpython-310.pyc
1750563381|Leonardo|M|/venv/lib/python3.10/site-packages/sqlalchemy/dialects/mssql/__pycache__/aioodbc.cpython-310.pyc
1750563381|Leonardo|M|/venv/lib/python3.10/site-packages/sqlalchemy/dialects/mssql/__pycache__/base.cpython-310.pyc
1750563381|Leonardo|M|/venv/lib/python3.10/site-packages/sqlalchemy/dialects/mssql/__pycache__/information_schema.cpython-310.pyc
1750563381|Leonardo|M|/venv/lib/python3.10/site-packages/sqlalchemy/dialects/mssql/__pycache__/json.cpython-310.pyc
1750563381|Leonardo|M|/venv/lib/python3.10/site-packages/sqlalchemy/dialects/mssql/__pycache__/provision.cpython-310.pyc
1750563381|Leonardo|M|/venv/lib/python3.10/site-packages/sqlalchemy/dialects/mssql/__pycache__/pymssql.cpython-310.pyc
1750563381|Leonardo|M|/venv/lib/python3.10/site-packages/sqlalchemy/dialects/mssql/__pycache__/pyodbc.cpython-310.pyc
1750563381|Leonardo|M|/venv/lib/python3.10/site-packages/sqlalchemy/dialects/mysql/__pycache__/__init__.cpython-310.pyc
1750563381|Leonardo|M|/venv/lib/python3.10/site-packages/sqlalchemy/dialects/mysql/__pycache__/aiomysql.cpython-310.pyc
1750563381|Leonardo|M|/venv/lib/python3.10/site-packages/sqlalchemy/dialects/mysql/__pycache__/asyncmy.cpython-310.pyc
1750563381|Leonardo|M|/venv/lib/python3.10/site-packages/sqlalchemy/dialects/mysql/__pycache__/base.cpython-310.pyc
1750563381|Leonardo|M|/venv/lib/python3.10/site-packages/sqlalchemy/dialects/mysql/__pycache__/cymysql.cpython-310.pyc
1750563381|Leonardo|M|/venv/lib/python3.10/site-packages/sqlalchemy/dialects/mysql/__pycache__/dml.cpython-310.pyc
1750563381|Leonardo|M|/venv/lib/python3.10/site-packages/sqlalchemy/dialects/mysql/__pycache__/enumerated.cpython-310.pyc
1750563381|Leonardo|M|/venv/lib/python3.10/site-packages/sqlalchemy/dialects/mysql/__pycache__/expression.cpython-310.pyc
1750563381|Leonardo|M|/venv/lib/python3.10/site-packages/sqlalchemy/dialects/mysql/__pycache__/json.cpython-310.pyc
1750563381|Leonardo|M|/venv/lib/python3.10/site-packages/sqlalchemy/dialects/mysql/__pycache__/mariadb.cpython-310.pyc
1750563381|Leonardo|M|/venv/lib/python3.10/site-packages/sqlalchemy/dialects/mysql/__pycache__/mariadbconnector.cpython-310.pyc
1750563381|Leonardo|M|/venv/lib/python3.10/site-packages/sqlalchemy/dialects/mysql/__pycache__/mysqlconnector.cpython-310.pyc
1750563381|Leonardo|M|/venv/lib/python3.10/site-packages/sqlalchemy/dialects/mysql/__pycache__/mysqldb.cpython-310.pyc
1750563381|Leonardo|M|/venv/lib/python3.10/site-packages/sqlalchemy/dialects/mysql/__pycache__/provision.cpython-310.pyc
1750563381|Leonardo|M|/venv/lib/python3.10/site-packages/sqlalchemy/dialects/mysql/__pycache__/pymysql.cpython-310.pyc
1750563381|Leonardo|M|/venv/lib/python3.10/site-packages/sqlalchemy/dialects/mysql/__pycache__/pyodbc.cpython-310.pyc
1750563381|Leonardo|M|/venv/lib/python3.10/site-packages/sqlalchemy/dialects/mysql/__pycache__/reflection.cpython-310.pyc
1750563381|Leonardo|M|/venv/lib/python3.10/site-packages/sqlalchemy/dialects/mysql/__pycache__/reserved_words.cpython-310.pyc
1750563381|Leonardo|M|/venv/lib/python3.10/site-packages/sqlalchemy/dialects/mysql/__pycache__/types.cpython-310.pyc
1750563381|Leonardo|M|/venv/lib/python3.10/site-packages/sqlalchemy/dialects/oracle/__pycache__/__init__.cpython-310.pyc
1750563381|Leonardo|M|/venv/lib/python3.10/site-packages/sqlalchemy/dialects/oracle/__pycache__/base.cpython-310.pyc
1750563381|Leonardo|M|/venv/lib/python3.10/site-packages/sqlalchemy/dialects/oracle/__pycache__/cx_oracle.cpython-310.pyc
1750563381|Leonardo|M|/venv/lib/python3.10/site-packages/sqlalchemy/dialects/oracle/__pycache__/dictionary.cpython-310.pyc
1750563381|Leonardo|M|/venv/lib/python3.10/site-packages/sqlalchemy/dialects/oracle/__pycache__/oracledb.cpython-310.pyc
1750563381|Leonardo|M|/venv/lib/python3.10/site-packages/sqlalchemy/dialects/oracle/__pycache__/provision.cpython-310.pyc
1750563381|Leonardo|M|/venv/lib/python3.10/site-packages/sqlalchemy/dialects/oracle/__pycache__/types.cpython-310.pyc
1750563381|Leonardo|M|/venv/lib/python3.10/site-packages/sqlalchemy/dialects/oracle/__pycache__/vector.cpython-310.pyc
1750563381|Leonardo|M|/venv/lib/python3.10/site-packages/sqlalchemy/dialects/postgresql/__pycache__/__init__.cpython-310.pyc
1750563381|Leonardo|M|/venv/lib/python3.10/site-packages/sqlalchemy/dialects/postgresql/__pycache__/_psycopg_common.cpython-310.pyc
1750563381|Leonardo|M|/venv/lib/python3.10/site-packages/sqlalchemy/dialects/postgresql/__pycache__/array.cpython-310.pyc
1750563381|Leonardo|M|/venv/lib/python3.10/site-packages/sqlalchemy/dialects/postgresql/__pycache__/asyncpg.cpython-310.pyc
1750563381|Leonardo|M|/venv/lib/python3.10/site-packages/sqlalchemy/dialects/postgresql/__pycache__/base.cpython-310.pyc
1750563381|Leonardo|M|/venv/lib/python3.10/site-packages/sqlalchemy/dialects/postgresql/__pycache__/dml.cpython-310.pyc
1750563381|Leonardo|M|/venv/lib/python3.10/site-packages/sqlalchemy/dialects/postgresql/__pycache__/ext.cpython-310.pyc
1750563381|Leonardo|M|/venv/lib/python3.10/site-packages/sqlalchemy/dialects/postgresql/__pycache__/hstore.cpython-310.pyc
1750563381|Leonardo|M|/venv/lib/python3.10/site-packages/sqlalchemy/dialects/postgresql/__pycache__/json.cpython-310.pyc
1750563381|Leonardo|M|/venv/lib/python3.10/site-packages/sqlalchemy/dialects/postgresql/__pycache__/named_types.cpython-310.pyc
1750563381|Leonardo|M|/venv/lib/python3.10/site-packages/sqlalchemy/dialects/postgresql/__pycache__/operators.cpython-310.pyc
1750563381|Leonardo|M|/venv/lib/python3.10/site-packages/sqlalchemy/dialects/postgresql/__pycache__/pg8000.cpython-310.pyc
1750563381|Leonardo|M|/venv/lib/python3.10/site-packages/sqlalchemy/dialects/postgresql/__pycache__/pg_catalog.cpython-310.pyc
1750563381|Leonardo|M|/venv/lib/python3.10/site-packages/sqlalchemy/dialects/postgresql/__pycache__/provision.cpython-310.pyc
1750563381|Leonardo|M|/venv/lib/python3.10/site-packages/sqlalchemy/dialects/postgresql/__pycache__/psycopg.cpython-310.pyc
1750563381|Leonardo|M|/venv/lib/python3.10/site-packages/sqlalchemy/dialects/postgresql/__pycache__/psycopg2.cpython-310.pyc
1750563381|Leonardo|M|/venv/lib/python3.10/site-packages/sqlalchemy/dialects/postgresql/__pycache__/psycopg2cffi.cpython-310.pyc
1750563381|Leonardo|M|/venv/lib/python3.10/site-packages/sqlalchemy/dialects/postgresql/__pycache__/ranges.cpython-310.pyc
1750563381|Leonardo|M|/venv/lib/python3.10/site-packages/sqlalchemy/dialects/postgresql/__pycache__/types.cpython-310.pyc
1750563381|Leonardo|M|/venv/lib/python3.10/site-packages/sqlalchemy/dialects/sqlite/__pycache__/__init__.cpython-310.pyc
1750563381|Leonardo|M|/venv/lib/python3.10/site-packages/sqlalchemy/dialects/sqlite/__pycache__/aiosqlite.cpython-310.pyc
1750563381|Leonardo|M|/venv/lib/python3.10/site-packages/sqlalchemy/dialects/sqlite/__pycache__/base.cpython-310.pyc
1750563381|Leonardo|M|/venv/lib/python3.10/site-packages/sqlalchemy/dialects/sqlite/__pycache__/dml.cpython-310.pyc
1750563381|Leonardo|M|/venv/lib/python3.10/site-packages/sqlalchemy/dialects/sqlite/__pycache__/json.cpython-310.pyc
1750563381|Leonardo|M|/venv/lib/python3.10/site-packages/sqlalchemy/dialects/sqlite/__pycache__/provision.cpython-310.pyc
1750563381|Leonardo|M|/venv/lib/python3.10/site-packages/sqlalchemy/dialects/sqlite/__pycache__/pysqlcipher.cpython-310.pyc
1750563381|Leonardo|M|/venv/lib/python3.10/site-packages/sqlalchemy/dialects/sqlite/__pycache__/pysqlite.cpython-310.pyc
1750563381|Leonardo|M|/venv/lib/python3.10/site-packages/sqlalchemy/engine/__pycache__/__init__.cpython-310.pyc
1750563381|Leonardo|M|/venv/lib/python3.10/site-packages/sqlalchemy/engine/__pycache__/_py_processors.cpython-310.pyc
1750563381|Leonardo|M|/venv/lib/python3.10/site-packages/sqlalchemy/engine/__pycache__/_py_row.cpython-310.pyc
1750563381|Leonardo|M|/venv/lib/python3.10/site-packages/sqlalchemy/engine/__pycache__/_py_util.cpython-310.pyc
1750563381|Leonardo|M|/venv/lib/python3.10/site-packages/sqlalchemy/engine/__pycache__/base.cpython-310.pyc
1750563381|Leonardo|M|/venv/lib/python3.10/site-packages/sqlalchemy/engine/__pycache__/characteristics.cpython-310.pyc
1750563381|Leonardo|M|/venv/lib/python3.10/site-packages/sqlalchemy/engine/__pycache__/create.cpython-310.pyc
1750563381|Leonardo|M|/venv/lib/python3.10/site-packages/sqlalchemy/engine/__pycache__/cursor.cpython-310.pyc
1750563381|Leonardo|M|/venv/lib/python3.10/site-packages/sqlalchemy/engine/__pycache__/default.cpython-310.pyc
1750563381|Leonardo|M|/venv/lib/python3.10/site-packages/sqlalchemy/engine/__pycache__/events.cpython-310.pyc
1750563381|Leonardo|M|/venv/lib/python3.10/site-packages/sqlalchemy/engine/__pycache__/interfaces.cpython-310.pyc
1750563381|Leonardo|M|/venv/lib/python3.10/site-packages/sqlalchemy/engine/__pycache__/mock.cpython-310.pyc
1750563381|Leonardo|M|/venv/lib/python3.10/site-packages/sqlalchemy/engine/__pycache__/processors.cpython-310.pyc
1750563381|Leonardo|M|/venv/lib/python3.10/site-packages/sqlalchemy/engine/__pycache__/reflection.cpython-310.pyc
1750563381|Leonardo|M|/venv/lib/python3.10/site-packages/sqlalchemy/engine/__pycache__/result.cpython-310.pyc
1750563381|Leonardo|M|/venv/lib/python3.10/site-packages/sqlalchemy/engine/__pycache__/row.cpython-310.pyc
1750563381|Leonardo|M|/venv/lib/python3.10/site-packages/sqlalchemy/engine/__pycache__/strategies.cpython-310.pyc
1750563381|Leonardo|M|/venv/lib/python3.10/site-packages/sqlalchemy/engine/__pycache__/url.cpython-310.pyc
1750563381|Leonardo|M|/venv/lib/python3.10/site-packages/sqlalchemy/engine/__pycache__/util.cpython-310.pyc
1750563381|Leonardo|M|/venv/lib/python3.10/site-packages/sqlalchemy/event/__pycache__/__init__.cpython-310.pyc
1750563381|Leonardo|M|/venv/lib/python3.10/site-packages/sqlalchemy/event/__pycache__/api.cpython-310.pyc
1750563381|Leonardo|M|/venv/lib/python3.10/site-packages/sqlalchemy/event/__pycache__/attr.cpython-310.pyc
1750563381|Leonardo|M|/venv/lib/python3.10/site-packages/sqlalchemy/event/__pycache__/base.cpython-310.pyc
1750563381|Leonardo|M|/venv/lib/python3.10/site-packages/sqlalchemy/event/__pycache__/legacy.cpython-310.pyc
1750563381|Leonardo|M|/venv/lib/python3.10/site-packages/sqlalchemy/event/__pycache__/registry.cpython-310.pyc
1750563381|Leonardo|M|/venv/lib/python3.10/site-packages/sqlalchemy/ext/__pycache__/__init__.cpython-310.pyc
1750563381|Leonardo|M|/venv/lib/python3.10/site-packages/sqlalchemy/ext/__pycache__/associationproxy.cpython-310.pyc
1750563381|Leonardo|M|/venv/lib/python3.10/site-packages/sqlalchemy/ext/__pycache__/automap.cpython-310.pyc
1750563381|Leonardo|M|/venv/lib/python3.10/site-packages/sqlalchemy/ext/__pycache__/baked.cpython-310.pyc
1750563381|Leonardo|M|/venv/lib/python3.10/site-packages/sqlalchemy/ext/__pycache__/compiler.cpython-310.pyc
1750563381|Leonardo|M|/venv/lib/python3.10/site-packages/sqlalchemy/ext/__pycache__/horizontal_shard.cpython-310.pyc
1750563381|Leonardo|M|/venv/lib/python3.10/site-packages/sqlalchemy/ext/__pycache__/hybrid.cpython-310.pyc
1750563381|Leonardo|M|/venv/lib/python3.10/site-packages/sqlalchemy/ext/__pycache__/indexable.cpython-310.pyc
1750563381|Leonardo|M|/venv/lib/python3.10/site-packages/sqlalchemy/ext/__pycache__/instrumentation.cpython-310.pyc
1750563381|Leonardo|M|/venv/lib/python3.10/site-packages/sqlalchemy/ext/__pycache__/mutable.cpython-310.pyc
1750563381|Leonardo|M|/venv/lib/python3.10/site-packages/sqlalchemy/ext/__pycache__/orderinglist.cpython-310.pyc
1750563381|Leonardo|M|/venv/lib/python3.10/site-packages/sqlalchemy/ext/__pycache__/serializer.cpython-310.pyc
1750563381|Leonardo|M|/venv/lib/python3.10/site-packages/sqlalchemy/ext/asyncio/__pycache__/__init__.cpython-310.pyc
1750563381|Leonardo|M|/venv/lib/python3.10/site-packages/sqlalchemy/ext/asyncio/__pycache__/base.cpython-310.pyc
1750563381|Leonardo|M|/venv/lib/python3.10/site-packages/sqlalchemy/ext/asyncio/__pycache__/engine.cpython-310.pyc
1750563381|Leonardo|M|/venv/lib/python3.10/site-packages/sqlalchemy/ext/asyncio/__pycache__/exc.cpython-310.pyc
1750563381|Leonardo|M|/venv/lib/python3.10/site-packages/sqlalchemy/ext/asyncio/__pycache__/result.cpython-310.pyc
1750563381|Leonardo|M|/venv/lib/python3.10/site-packages/sqlalchemy/ext/asyncio/__pycache__/scoping.cpython-310.pyc
1750563381|Leonardo|M|/venv/lib/python3.10/site-packages/sqlalchemy/ext/asyncio/__pycache__/session.cpython-310.pyc
1750563381|Leonardo|M|/venv/lib/python3.10/site-packages/sqlalchemy/ext/declarative/__pycache__/__init__.cpython-310.pyc
1750563381|Leonardo|M|/venv/lib/python3.10/site-packages/sqlalchemy/ext/declarative/__pycache__/extensions.cpython-310.pyc
1750563381|Leonardo|M|/venv/lib/python3.10/site-packages/sqlalchemy/ext/mypy/__pycache__/__init__.cpython-310.pyc
1750563381|Leonardo|M|/venv/lib/python3.10/site-packages/sqlalchemy/ext/mypy/__pycache__/apply.cpython-310.pyc
1750563381|Leonardo|M|/venv/lib/python3.10/site-packages/sqlalchemy/ext/mypy/__pycache__/decl_class.cpython-310.pyc
1750563381|Leonardo|M|/venv/lib/python3.10/site-packages/sqlalchemy/ext/mypy/__pycache__/infer.cpython-310.pyc
1750563381|Leonardo|M|/venv/lib/python3.10/site-packages/sqlalchemy/ext/mypy/__pycache__/names.cpython-310.pyc
1750563381|Leonardo|M|/venv/lib/python3.10/site-packages/sqlalchemy/ext/mypy/__pycache__/plugin.cpython-310.pyc
1750563381|Leonardo|M|/venv/lib/python3.10/site-packages/sqlalchemy/ext/mypy/__pycache__/util.cpython-310.pyc
1750563381|Leonardo|M|/venv/lib/python3.10/site-packages/sqlalchemy/future/__pycache__/__init__.cpython-310.pyc
1750563381|Leonardo|M|/venv/lib/python3.10/site-packages/sqlalchemy/future/__pycache__/engine.cpython-310.pyc
1750563381|Leonardo|M|/venv/lib/python3.10/site-packages/sqlalchemy/orm/__pycache__/__init__.cpython-310.pyc
1750563381|Leonardo|M|/venv/lib/python3.10/site-packages/sqlalchemy/orm/__pycache__/_orm_constructors.cpython-310.pyc
1750563381|Leonardo|M|/venv/lib/python3.10/site-packages/sqlalchemy/orm/__pycache__/_typing.cpython-310.pyc
1750563381|Leonardo|M|/venv/lib/python3.10/site-packages/sqlalchemy/orm/__pycache__/attributes.cpython-310.pyc
1750563381|Leonardo|M|/venv/lib/python3.10/site-packages/sqlalchemy/orm/__pycache__/base.cpython-310.pyc
1750563381|Leonardo|M|/venv/lib/python3.10/site-packages/sqlalchemy/orm/__pycache__/bulk_persistence.cpython-310.pyc
1750563381|Leonardo|M|/venv/lib/python3.10/site-packages/sqlalchemy/orm/__pycache__/clsregistry.cpython-310.pyc
1750563381|Leonardo|M|/venv/lib/python3.10/site-packages/sqlalchemy/orm/__pycache__/collections.cpython-310.pyc
1750563381|Leonardo|M|/venv/lib/python3.10/site-packages/sqlalchemy/orm/__pycache__/context.cpython-310.pyc
1750563381|Leonardo|M|/venv/lib/python3.10/site-packages/sqlalchemy/orm/__pycache__/decl_api.cpython-310.pyc
1750563381|Leonardo|M|/venv/lib/python3.10/site-packages/sqlalchemy/orm/__pycache__/decl_base.cpython-310.pyc
1750563381|Leonardo|M|/venv/lib/python3.10/site-packages/sqlalchemy/orm/__pycache__/dependency.cpython-310.pyc
1750563381|Leonardo|M|/venv/lib/python3.10/site-packages/sqlalchemy/orm/__pycache__/descriptor_props.cpython-310.pyc
1750563381|Leonardo|M|/venv/lib/python3.10/site-packages/sqlalchemy/orm/__pycache__/dynamic.cpython-310.pyc
1750563381|Leonardo|M|/venv/lib/python3.10/site-packages/sqlalchemy/orm/__pycache__/evaluator.cpython-310.pyc
1750563381|Leonardo|M|/venv/lib/python3.10/site-packages/sqlalchemy/orm/__pycache__/events.cpython-310.pyc
1750563381|Leonardo|M|/venv/lib/python3.10/site-packages/sqlalchemy/orm/__pycache__/exc.cpython-310.pyc
1750563381|Leonardo|M|/venv/lib/python3.10/site-packages/sqlalchemy/orm/__pycache__/identity.cpython-310.pyc
1750563381|Leonardo|M|/venv/lib/python3.10/site-packages/sqlalchemy/orm/__pycache__/instrumentation.cpython-310.pyc
1750563381|Leonardo|M|/venv/lib/python3.10/site-packages/sqlalchemy/orm/__pycache__/interfaces.cpython-310.pyc
1750563381|Leonardo|M|/venv/lib/python3.10/site-packages/sqlalchemy/orm/__pycache__/loading.cpython-310.pyc
1750563381|Leonardo|M|/venv/lib/python3.10/site-packages/sqlalchemy/orm/__pycache__/mapped_collection.cpython-310.pyc
1750563381|Leonardo|M|/venv/lib/python3.10/site-packages/sqlalchemy/orm/__pycache__/mapper.cpython-310.pyc
1750563381|Leonardo|M|/venv/lib/python3.10/site-packages/sqlalchemy/orm/__pycache__/path_registry.cpython-310.pyc
1750563381|Leonardo|M|/venv/lib/python3.10/site-packages/sqlalchemy/orm/__pycache__/persistence.cpython-310.pyc
1750563381|Leonardo|M|/venv/lib/python3.10/site-packages/sqlalchemy/orm/__pycache__/properties.cpython-310.pyc
1750563381|Leonardo|M|/venv/lib/python3.10/site-packages/sqlalchemy/orm/__pycache__/query.cpython-310.pyc
1750563381|Leonardo|M|/venv/lib/python3.10/site-packages/sqlalchemy/orm/__pycache__/relationships.cpython-310.pyc
1750563381|Leonardo|M|/venv/lib/python3.10/site-packages/sqlalchemy/orm/__pycache__/scoping.cpython-310.pyc
1750563381|Leonardo|M|/venv/lib/python3.10/site-packages/sqlalchemy/orm/__pycache__/session.cpython-310.pyc
1750563381|Leonardo|M|/venv/lib/python3.10/site-packages/sqlalchemy/orm/__pycache__/state.cpython-310.pyc
1750563381|Leonardo|M|/venv/lib/python3.10/site-packages/sqlalchemy/orm/__pycache__/state_changes.cpython-310.pyc
1750563381|Leonardo|M|/venv/lib/python3.10/site-packages/sqlalchemy/orm/__pycache__/strategies.cpython-310.pyc
1750563381|Leonardo|M|/venv/lib/python3.10/site-packages/sqlalchemy/orm/__pycache__/strategy_options.cpython-310.pyc
1750563381|Leonardo|M|/venv/lib/python3.10/site-packages/sqlalchemy/orm/__pycache__/sync.cpython-310.pyc
1750563381|Leonardo|M|/venv/lib/python3.10/site-packages/sqlalchemy/orm/__pycache__/unitofwork.cpython-310.pyc
1750563381|Leonardo|M|/venv/lib/python3.10/site-packages/sqlalchemy/orm/__pycache__/util.cpython-310.pyc
1750563381|Leonardo|M|/venv/lib/python3.10/site-packages/sqlalchemy/orm/__pycache__/writeonly.cpython-310.pyc
1750563381|Leonardo|M|/venv/lib/python3.10/site-packages/sqlalchemy/pool/__pycache__/__init__.cpython-310.pyc
1750563381|Leonardo|M|/venv/lib/python3.10/site-packages/sqlalchemy/pool/__pycache__/base.cpython-310.pyc
1750563381|Leonardo|M|/venv/lib/python3.10/site-packages/sqlalchemy/pool/__pycache__/events.cpython-310.pyc
1750563381|Leonardo|M|/venv/lib/python3.10/site-packages/sqlalchemy/pool/__pycache__/impl.cpython-310.pyc
1750563381|Leonardo|M|/venv/lib/python3.10/site-packages/sqlalchemy/sql/__pycache__/__init__.cpython-310.pyc
1750563381|Leonardo|M|/venv/lib/python3.10/site-packages/sqlalchemy/sql/__pycache__/_dml_constructors.cpython-310.pyc
1750563381|Leonardo|M|/venv/lib/python3.10/site-packages/sqlalchemy/sql/__pycache__/_elements_constructors.cpython-310.pyc
1750563381|Leonardo|M|/venv/lib/python3.10/site-packages/sqlalchemy/sql/__pycache__/_orm_types.cpython-310.pyc
1750563381|Leonardo|M|/venv/lib/python3.10/site-packages/sqlalchemy/sql/__pycache__/_py_util.cpython-310.pyc
1750563381|Leonardo|M|/venv/lib/python3.10/site-packages/sqlalchemy/sql/__pycache__/_selectable_constructors.cpython-310.pyc
1750563381|Leonardo|M|/venv/lib/python3.10/site-packages/sqlalchemy/sql/__pycache__/_typing.cpython-310.pyc
1750563381|Leonardo|M|/venv/lib/python3.10/site-packages/sqlalchemy/sql/__pycache__/annotation.cpython-310.pyc
1750563381|Leonardo|M|/venv/lib/python3.10/site-packages/sqlalchemy/sql/__pycache__/base.cpython-310.pyc
1750563381|Leonardo|M|/venv/lib/python3.10/site-packages/sqlalchemy/sql/__pycache__/cache_key.cpython-310.pyc
1750563381|Leonardo|M|/venv/lib/python3.10/site-packages/sqlalchemy/sql/__pycache__/coercions.cpython-310.pyc
1750563381|Leonardo|M|/venv/lib/python3.10/site-packages/sqlalchemy/sql/__pycache__/compiler.cpython-310.pyc
1750563381|Leonardo|M|/venv/lib/python3.10/site-packages/sqlalchemy/sql/__pycache__/crud.cpython-310.pyc
1750563381|Leonardo|M|/venv/lib/python3.10/site-packages/sqlalchemy/sql/__pycache__/ddl.cpython-310.pyc
1750563381|Leonardo|M|/venv/lib/python3.10/site-packages/sqlalchemy/sql/__pycache__/default_comparator.cpython-310.pyc
1750563381|Leonardo|M|/venv/lib/python3.10/site-packages/sqlalchemy/sql/__pycache__/dml.cpython-310.pyc
1750563381|Leonardo|M|/venv/lib/python3.10/site-packages/sqlalchemy/sql/__pycache__/elements.cpython-310.pyc
1750563381|Leonardo|M|/venv/lib/python3.10/site-packages/sqlalchemy/sql/__pycache__/events.cpython-310.pyc
1750563381|Leonardo|M|/venv/lib/python3.10/site-packages/sqlalchemy/sql/__pycache__/expression.cpython-310.pyc
1750563381|Leonardo|M|/venv/lib/python3.10/site-packages/sqlalchemy/sql/__pycache__/functions.cpython-310.pyc
1750563381|Leonardo|M|/venv/lib/python3.10/site-packages/sqlalchemy/sql/__pycache__/lambdas.cpython-310.pyc
1750563381|Leonardo|M|/venv/lib/python3.10/site-packages/sqlalchemy/sql/__pycache__/naming.cpython-310.pyc
1750563381|Leonardo|M|/venv/lib/python3.10/site-packages/sqlalchemy/sql/__pycache__/operators.cpython-310.pyc
1750563381|Leonardo|M|/venv/lib/python3.10/site-packages/sqlalchemy/sql/__pycache__/roles.cpython-310.pyc
1750563381|Leonardo|M|/venv/lib/python3.10/site-packages/sqlalchemy/sql/__pycache__/schema.cpython-310.pyc
1750563381|Leonardo|M|/venv/lib/python3.10/site-packages/sqlalchemy/sql/__pycache__/selectable.cpython-310.pyc
1750563381|Leonardo|M|/venv/lib/python3.10/site-packages/sqlalchemy/sql/__pycache__/sqltypes.cpython-310.pyc
1750563381|Leonardo|M|/venv/lib/python3.10/site-packages/sqlalchemy/sql/__pycache__/traversals.cpython-310.pyc
1750563381|Leonardo|M|/venv/lib/python3.10/site-packages/sqlalchemy/sql/__pycache__/type_api.cpython-310.pyc
1750563381|Leonardo|M|/venv/lib/python3.10/site-packages/sqlalchemy/sql/__pycache__/util.cpython-310.pyc
1750563381|Leonardo|M|/venv/lib/python3.10/site-packages/sqlalchemy/sql/__pycache__/visitors.cpython-310.pyc
1750563381|Leonardo|M|/venv/lib/python3.10/site-packages/sqlalchemy/testing/__pycache__/__init__.cpython-310.pyc
1750563381|Leonardo|M|/venv/lib/python3.10/site-packages/sqlalchemy/testing/__pycache__/assertions.cpython-310.pyc
1750563381|Leonardo|M|/venv/lib/python3.10/site-packages/sqlalchemy/testing/__pycache__/assertsql.cpython-310.pyc
1750563381|Leonardo|M|/venv/lib/python3.10/site-packages/sqlalchemy/testing/__pycache__/asyncio.cpython-310.pyc
1750563381|Leonardo|M|/venv/lib/python3.10/site-packages/sqlalchemy/testing/__pycache__/config.cpython-310.pyc
1750563381|Leonardo|M|/venv/lib/python3.10/site-packages/sqlalchemy/testing/__pycache__/engines.cpython-310.pyc
1750563381|Leonardo|M|/venv/lib/python3.10/site-packages/sqlalchemy/testing/__pycache__/entities.cpython-310.pyc
1750563381|Leonardo|M|/venv/lib/python3.10/site-packages/sqlalchemy/testing/__pycache__/exclusions.cpython-310.pyc
1750563381|Leonardo|M|/venv/lib/python3.10/site-packages/sqlalchemy/testing/__pycache__/pickleable.cpython-310.pyc
1750563381|Leonardo|M|/venv/lib/python3.10/site-packages/sqlalchemy/testing/__pycache__/profiling.cpython-310.pyc
1750563381|Leonardo|M|/venv/lib/python3.10/site-packages/sqlalchemy/testing/__pycache__/provision.cpython-310.pyc
1750563381|Leonardo|M|/venv/lib/python3.10/site-packages/sqlalchemy/testing/__pycache__/requirements.cpython-310.pyc
1750563381|Leonardo|M|/venv/lib/python3.10/site-packages/sqlalchemy/testing/__pycache__/schema.cpython-310.pyc
1750563381|Leonardo|M|/venv/lib/python3.10/site-packages/sqlalchemy/testing/__pycache__/util.cpython-310.pyc
1750563381|Leonardo|M|/venv/lib/python3.10/site-packages/sqlalchemy/testing/__pycache__/warnings.cpython-310.pyc
1750563381|Leonardo|M|/venv/lib/python3.10/site-packages/sqlalchemy/testing/fixtures/__pycache__/__init__.cpython-310.pyc
1750563381|Leonardo|M|/venv/lib/python3.10/site-packages/sqlalchemy/testing/fixtures/__pycache__/base.cpython-310.pyc
1750563381|Leonardo|M|/venv/lib/python3.10/site-packages/sqlalchemy/testing/fixtures/__pycache__/mypy.cpython-310.pyc
1750563381|Leonardo|M|/venv/lib/python3.10/site-packages/sqlalchemy/testing/fixtures/__pycache__/orm.cpython-310.pyc
1750563381|Leonardo|M|/venv/lib/python3.10/site-packages/sqlalchemy/testing/fixtures/__pycache__/sql.cpython-310.pyc
1750563381|Leonardo|M|/venv/lib/python3.10/site-packages/sqlalchemy/testing/plugin/__pycache__/__init__.cpython-310.pyc
1750563381|Leonardo|M|/venv/lib/python3.10/site-packages/sqlalchemy/testing/plugin/__pycache__/bootstrap.cpython-310.pyc
1750563381|Leonardo|M|/venv/lib/python3.10/site-packages/sqlalchemy/testing/plugin/__pycache__/plugin_base.cpython-310.pyc
1750563381|Leonardo|M|/venv/lib/python3.10/site-packages/sqlalchemy/testing/plugin/__pycache__/pytestplugin.cpython-310.pyc
1750563381|Leonardo|M|/venv/lib/python3.10/site-packages/sqlalchemy/testing/suite/__pycache__/__init__.cpython-310.pyc
1750563381|Leonardo|M|/venv/lib/python3.10/site-packages/sqlalchemy/testing/suite/__pycache__/test_cte.cpython-310.pyc
1750563381|Leonardo|M|/venv/lib/python3.10/site-packages/sqlalchemy/testing/suite/__pycache__/test_ddl.cpython-310.pyc
1750563381|Leonardo|M|/venv/lib/python3.10/site-packages/sqlalchemy/testing/suite/__pycache__/test_deprecations.cpython-310.pyc
1750563381|Leonardo|M|/venv/lib/python3.10/site-packages/sqlalchemy/testing/suite/__pycache__/test_dialect.cpython-310.pyc
1750563381|Leonardo|M|/venv/lib/python3.10/site-packages/sqlalchemy/testing/suite/__pycache__/test_insert.cpython-310.pyc
1750563381|Leonardo|M|/venv/lib/python3.10/site-packages/sqlalchemy/testing/suite/__pycache__/test_reflection.cpython-310.pyc
1750563381|Leonardo|M|/venv/lib/python3.10/site-packages/sqlalchemy/testing/suite/__pycache__/test_results.cpython-310.pyc
1750563381|Leonardo|M|/venv/lib/python3.10/site-packages/sqlalchemy/testing/suite/__pycache__/test_rowcount.cpython-310.pyc
1750563381|Leonardo|M|/venv/lib/python3.10/site-packages/sqlalchemy/testing/suite/__pycache__/test_select.cpython-310.pyc
1750563381|Leonardo|M|/venv/lib/python3.10/site-packages/sqlalchemy/testing/suite/__pycache__/test_sequence.cpython-310.pyc
1750563381|Leonardo|M|/venv/lib/python3.10/site-packages/sqlalchemy/testing/suite/__pycache__/test_types.cpython-310.pyc
1750563381|Leonardo|M|/venv/lib/python3.10/site-packages/sqlalchemy/testing/suite/__pycache__/test_unicode_ddl.cpython-310.pyc
1750563381|Leonardo|M|/venv/lib/python3.10/site-packages/sqlalchemy/testing/suite/__pycache__/test_update_delete.cpython-310.pyc
1750563381|Leonardo|M|/venv/lib/python3.10/site-packages/sqlalchemy/util/__pycache__/__init__.cpython-310.pyc
1750563381|Leonardo|M|/venv/lib/python3.10/site-packages/sqlalchemy/util/__pycache__/_collections.cpython-310.pyc
1750563381|Leonardo|M|/venv/lib/python3.10/site-packages/sqlalchemy/util/__pycache__/_concurrency_py3k.cpython-310.pyc
1750563381|Leonardo|M|/venv/lib/python3.10/site-packages/sqlalchemy/util/__pycache__/_has_cy.cpython-310.pyc
1750563381|Leonardo|M|/venv/lib/python3.10/site-packages/sqlalchemy/util/__pycache__/_py_collections.cpython-310.pyc
1750563381|Leonardo|M|/venv/lib/python3.10/site-packages/sqlalchemy/util/__pycache__/compat.cpython-310.pyc
1750563381|Leonardo|M|/venv/lib/python3.10/site-packages/sqlalchemy/util/__pycache__/concurrency.cpython-310.pyc
1750563381|Leonardo|M|/venv/lib/python3.10/site-packages/sqlalchemy/util/__pycache__/deprecations.cpython-310.pyc
1750563381|Leonardo|M|/venv/lib/python3.10/site-packages/sqlalchemy/util/__pycache__/langhelpers.cpython-310.pyc
1750563381|Leonardo|M|/venv/lib/python3.10/site-packages/sqlalchemy/util/__pycache__/preloaded.cpython-310.pyc
1750563381|Leonardo|M|/venv/lib/python3.10/site-packages/sqlalchemy/util/__pycache__/queue.cpython-310.pyc
1750563381|Leonardo|M|/venv/lib/python3.10/site-packages/sqlalchemy/util/__pycache__/tool_support.cpython-310.pyc
1750563381|Leonardo|M|/venv/lib/python3.10/site-packages/sqlalchemy/util/__pycache__/topological.cpython-310.pyc
1750563381|Leonardo|M|/venv/lib/python3.10/site-packages/sqlalchemy/util/__pycache__/typing.cpython-310.pyc
1750563381|Leonardo|D|/venv/lib/python3.10/site-packages/tomlkit-0.13.2.dist-info/INSTALLER
1750563381|Leonardo|D|/venv/lib/python3.10/site-packages/tomlkit-0.13.2.dist-info/LICENSE
1750563381|Leonardo|D|/venv/lib/python3.10/site-packages/tomlkit-0.13.2.dist-info/METADATA
1750563381|Leonardo|D|/venv/lib/python3.10/site-packages/tomlkit-0.13.2.dist-info/RECORD
1750563381|Leonardo|D|/venv/lib/python3.10/site-packages/tomlkit-0.13.2.dist-info/WHEEL
1750563381|Leonardo|A|/venv/lib/python3.10/site-packages/tomlkit-0.13.3.dist-info/INSTALLER
1750563381|Leonardo|A|/venv/lib/python3.10/site-packages/tomlkit-0.13.3.dist-info/LICENSE
1750563381|Leonardo|A|/venv/lib/python3.10/site-packages/tomlkit-0.13.3.dist-info/METADATA
1750563381|Leonardo|A|/venv/lib/python3.10/site-packages/tomlkit-0.13.3.dist-info/RECORD
1750563381|Leonardo|A|/venv/lib/python3.10/site-packages/tomlkit-0.13.3.dist-info/WHEEL
1750563381|Leonardo|M|/venv/lib/python3.10/site-packages/tomlkit/__init__.py
1750563381|Leonardo|M|/venv/lib/python3.10/site-packages/tomlkit/__pycache__/__init__.cpython-310.pyc
1750563381|Leonardo|M|/venv/lib/python3.10/site-packages/tomlkit/__pycache__/_compat.cpython-310.pyc
1750563381|Leonardo|M|/venv/lib/python3.10/site-packages/tomlkit/__pycache__/_types.cpython-310.pyc
1750563381|Leonardo|M|/venv/lib/python3.10/site-packages/tomlkit/__pycache__/_utils.cpython-310.pyc
1750563381|Leonardo|M|/venv/lib/python3.10/site-packages/tomlkit/__pycache__/api.cpython-310.pyc
1750563381|Leonardo|M|/venv/lib/python3.10/site-packages/tomlkit/__pycache__/container.cpython-310.pyc
1750563381|Leonardo|M|/venv/lib/python3.10/site-packages/tomlkit/__pycache__/exceptions.cpython-310.pyc
1750563381|Leonardo|M|/venv/lib/python3.10/site-packages/tomlkit/__pycache__/items.cpython-310.pyc
1750563381|Leonardo|M|/venv/lib/python3.10/site-packages/tomlkit/__pycache__/parser.cpython-310.pyc
1750563381|Leonardo|M|/venv/lib/python3.10/site-packages/tomlkit/__pycache__/source.cpython-310.pyc
1750563381|Leonardo|M|/venv/lib/python3.10/site-packages/tomlkit/__pycache__/toml_char.cpython-310.pyc
1750563381|Leonardo|M|/venv/lib/python3.10/site-packages/tomlkit/__pycache__/toml_document.cpython-310.pyc
1750563381|Leonardo|M|/venv/lib/python3.10/site-packages/tomlkit/__pycache__/toml_file.cpython-310.pyc
1750563381|Leonardo|M|/venv/lib/python3.10/site-packages/tomlkit/api.py
1750563381|Leonardo|M|/venv/lib/python3.10/site-packages/tomlkit/container.py
1750563381|Leonardo|M|/venv/lib/python3.10/site-packages/tomlkit/items.py
1750563381|Leonardo|M|/venv/lib/python3.10/site-packages/tomlkit/parser.py
1750563381|Leonardo|M|/venv/lib/python3.10/site-packages/tomlkit/toml_file.py
1750563381|Leonardo|D|/venv/lib/python3.10/site-packages/typing_extensions-4.13.2.dist-info/INSTALLER
1750563381|Leonardo|D|/venv/lib/python3.10/site-packages/typing_extensions-4.13.2.dist-info/METADATA
1750563381|Leonardo|D|/venv/lib/python3.10/site-packages/typing_extensions-4.13.2.dist-info/RECORD
1750563381|Leonardo|D|/venv/lib/python3.10/site-packages/typing_extensions-4.13.2.dist-info/WHEEL
1750563381|Leonardo|D|/venv/lib/python3.10/site-packages/typing_extensions-4.13.2.dist-info/licenses/LICENSE
1750563381|Leonardo|A|/venv/lib/python3.10/site-packages/typing_extensions-4.14.0.dist-info/INSTALLER
1750563381|Leonardo|A|/venv/lib/python3.10/site-packages/typing_extensions-4.14.0.dist-info/METADATA
1750563381|Leonardo|A|/venv/lib/python3.10/site-packages/typing_extensions-4.14.0.dist-info/RECORD
1750563381|Leonardo|A|/venv/lib/python3.10/site-packages/typing_extensions-4.14.0.dist-info/WHEEL
1750563381|Leonardo|A|/venv/lib/python3.10/site-packages/typing_extensions-4.14.0.dist-info/licenses/LICENSE
1750563381|Leonardo|M|/venv/lib/python3.10/site-packages/typing_extensions.py
1750563381|Leonardo|D|/venv/lib/python3.10/site-packages/urllib3-2.4.0.dist-info/INSTALLER
1750563381|Leonardo|D|/venv/lib/python3.10/site-packages/urllib3-2.4.0.dist-info/METADATA
1750563381|Leonardo|D|/venv/lib/python3.10/site-packages/urllib3-2.4.0.dist-info/RECORD
1750563381|Leonardo|D|/venv/lib/python3.10/site-packages/urllib3-2.4.0.dist-info/WHEEL
1750563381|Leonardo|D|/venv/lib/python3.10/site-packages/urllib3-2.4.0.dist-info/licenses/LICENSE.txt
1750563381|Leonardo|A|/venv/lib/python3.10/site-packages/urllib3-2.5.0.dist-info/INSTALLER
1750563381|Leonardo|A|/venv/lib/python3.10/site-packages/urllib3-2.5.0.dist-info/METADATA
1750563381|Leonardo|A|/venv/lib/python3.10/site-packages/urllib3-2.5.0.dist-info/RECORD
1750563381|Leonardo|A|/venv/lib/python3.10/site-packages/urllib3-2.5.0.dist-info/WHEEL
1750563381|Leonardo|A|/venv/lib/python3.10/site-packages/urllib3-2.5.0.dist-info/licenses/LICENSE.txt
1750563381|Leonardo|M|/venv/lib/python3.10/site-packages/urllib3/__pycache__/__init__.cpython-310.pyc
1750563381|Leonardo|M|/venv/lib/python3.10/site-packages/urllib3/__pycache__/_base_connection.cpython-310.pyc
1750563381|Leonardo|M|/venv/lib/python3.10/site-packages/urllib3/__pycache__/_collections.cpython-310.pyc
1750563381|Leonardo|M|/venv/lib/python3.10/site-packages/urllib3/__pycache__/_request_methods.cpython-310.pyc
1750563381|Leonardo|M|/venv/lib/python3.10/site-packages/urllib3/__pycache__/_version.cpython-310.pyc
1750563381|Leonardo|M|/venv/lib/python3.10/site-packages/urllib3/__pycache__/connection.cpython-310.pyc
1750563381|Leonardo|M|/venv/lib/python3.10/site-packages/urllib3/__pycache__/connectionpool.cpython-310.pyc
1750563381|Leonardo|M|/venv/lib/python3.10/site-packages/urllib3/__pycache__/exceptions.cpython-310.pyc
1750563381|Leonardo|M|/venv/lib/python3.10/site-packages/urllib3/__pycache__/fields.cpython-310.pyc
1750563381|Leonardo|M|/venv/lib/python3.10/site-packages/urllib3/__pycache__/filepost.cpython-310.pyc
1750563381|Leonardo|M|/venv/lib/python3.10/site-packages/urllib3/__pycache__/poolmanager.cpython-310.pyc
1750563381|Leonardo|M|/venv/lib/python3.10/site-packages/urllib3/__pycache__/response.cpython-310.pyc
1750563381|Leonardo|M|/venv/lib/python3.10/site-packages/urllib3/_version.py
1750563381|Leonardo|M|/venv/lib/python3.10/site-packages/urllib3/connection.py
1750563381|Leonardo|M|/venv/lib/python3.10/site-packages/urllib3/contrib/__pycache__/__init__.cpython-310.pyc
1750563381|Leonardo|M|/venv/lib/python3.10/site-packages/urllib3/contrib/__pycache__/pyopenssl.cpython-310.pyc
1750563381|Leonardo|M|/venv/lib/python3.10/site-packages/urllib3/contrib/__pycache__/socks.cpython-310.pyc
1750563381|Leonardo|M|/venv/lib/python3.10/site-packages/urllib3/contrib/emscripten/__pycache__/__init__.cpython-310.pyc
1750563381|Leonardo|M|/venv/lib/python3.10/site-packages/urllib3/contrib/emscripten/__pycache__/connection.cpython-310.pyc
1750563381|Leonardo|M|/venv/lib/python3.10/site-packages/urllib3/contrib/emscripten/__pycache__/fetch.cpython-310.pyc
1750563381|Leonardo|M|/venv/lib/python3.10/site-packages/urllib3/contrib/emscripten/__pycache__/request.cpython-310.pyc
1750563381|Leonardo|M|/venv/lib/python3.10/site-packages/urllib3/contrib/emscripten/__pycache__/response.cpython-310.pyc
1750563381|Leonardo|M|/venv/lib/python3.10/site-packages/urllib3/contrib/emscripten/fetch.py
1750563381|Leonardo|M|/venv/lib/python3.10/site-packages/urllib3/http2/__pycache__/__init__.cpython-310.pyc
1750563381|Leonardo|M|/venv/lib/python3.10/site-packages/urllib3/http2/__pycache__/connection.cpython-310.pyc
1750563381|Leonardo|M|/venv/lib/python3.10/site-packages/urllib3/http2/__pycache__/probe.cpython-310.pyc
1750563381|Leonardo|M|/venv/lib/python3.10/site-packages/urllib3/poolmanager.py
1750563381|Leonardo|M|/venv/lib/python3.10/site-packages/urllib3/response.py
1750563381|Leonardo|M|/venv/lib/python3.10/site-packages/urllib3/util/__pycache__/__init__.cpython-310.pyc
1750563381|Leonardo|M|/venv/lib/python3.10/site-packages/urllib3/util/__pycache__/connection.cpython-310.pyc
1750563381|Leonardo|M|/venv/lib/python3.10/site-packages/urllib3/util/__pycache__/proxy.cpython-310.pyc
1750563381|Leonardo|M|/venv/lib/python3.10/site-packages/urllib3/util/__pycache__/request.cpython-310.pyc
1750563381|Leonardo|M|/venv/lib/python3.10/site-packages/urllib3/util/__pycache__/response.cpython-310.pyc
1750563381|Leonardo|M|/venv/lib/python3.10/site-packages/urllib3/util/__pycache__/retry.cpython-310.pyc
1750563381|Leonardo|M|/venv/lib/python3.10/site-packages/urllib3/util/__pycache__/ssl_.cpython-310.pyc
1750563381|Leonardo|M|/venv/lib/python3.10/site-packages/urllib3/util/__pycache__/ssl_match_hostname.cpython-310.pyc
1750563381|Leonardo|M|/venv/lib/python3.10/site-packages/urllib3/util/__pycache__/ssltransport.cpython-310.pyc
1750563381|Leonardo|M|/venv/lib/python3.10/site-packages/urllib3/util/__pycache__/timeout.cpython-310.pyc
1750563381|Leonardo|M|/venv/lib/python3.10/site-packages/urllib3/util/__pycache__/url.cpython-310.pyc
1750563381|Leonardo|M|/venv/lib/python3.10/site-packages/urllib3/util/__pycache__/util.cpython-310.pyc
1750563381|Leonardo|M|/venv/lib/python3.10/site-packages/urllib3/util/__pycache__/wait.cpython-310.pyc
1750563381|Leonardo|M|/venv/lib/python3.10/site-packages/urllib3/util/request.py
1750563381|Leonardo|M|/venv/lib/python3.10/site-packages/urllib3/util/ssl_.py
1750563381|Leonardo|M|/venv/lib/python3.10/site-packages/virtualenv-20.31.2.dist-info/RECORD
1750563381|Leonardo|M|/venv/lib/python3.10/site-packages/virtualenv/__pycache__/__init__.cpython-310.pyc
1750563381|Leonardo|M|/venv/lib/python3.10/site-packages/virtualenv/__pycache__/__main__.cpython-310.pyc
1750563381|Leonardo|M|/venv/lib/python3.10/site-packages/virtualenv/__pycache__/info.cpython-310.pyc
1750563381|Leonardo|M|/venv/lib/python3.10/site-packages/virtualenv/__pycache__/report.cpython-310.pyc
1750563381|Leonardo|M|/venv/lib/python3.10/site-packages/virtualenv/__pycache__/version.cpython-310.pyc
1750563381|Leonardo|M|/venv/lib/python3.10/site-packages/virtualenv/activation/__pycache__/__init__.cpython-310.pyc
1750563381|Leonardo|M|/venv/lib/python3.10/site-packages/virtualenv/activation/__pycache__/activator.cpython-310.pyc
1750563381|Leonardo|M|/venv/lib/python3.10/site-packages/virtualenv/activation/__pycache__/via_template.cpython-310.pyc
1750563381|Leonardo|M|/venv/lib/python3.10/site-packages/virtualenv/activation/bash/__pycache__/__init__.cpython-310.pyc
1750563381|Leonardo|M|/venv/lib/python3.10/site-packages/virtualenv/activation/batch/__pycache__/__init__.cpython-310.pyc
1750563381|Leonardo|M|/venv/lib/python3.10/site-packages/virtualenv/activation/cshell/__pycache__/__init__.cpython-310.pyc
1750563381|Leonardo|M|/venv/lib/python3.10/site-packages/virtualenv/activation/fish/__pycache__/__init__.cpython-310.pyc
1750563381|Leonardo|M|/venv/lib/python3.10/site-packages/virtualenv/activation/nushell/__pycache__/__init__.cpython-310.pyc
1750563381|Leonardo|M|/venv/lib/python3.10/site-packages/virtualenv/activation/powershell/__pycache__/__init__.cpython-310.pyc
1750563381|Leonardo|M|/venv/lib/python3.10/site-packages/virtualenv/activation/python/__pycache__/__init__.cpython-310.pyc
1750563381|Leonardo|M|/venv/lib/python3.10/site-packages/virtualenv/activation/python/__pycache__/activate_this.cpython-310.pyc
1750563381|Leonardo|M|/venv/lib/python3.10/site-packages/virtualenv/app_data/__pycache__/__init__.cpython-310.pyc
1750563381|Leonardo|M|/venv/lib/python3.10/site-packages/virtualenv/app_data/__pycache__/base.cpython-310.pyc
1750563381|Leonardo|M|/venv/lib/python3.10/site-packages/virtualenv/app_data/__pycache__/na.cpython-310.pyc
1750563381|Leonardo|M|/venv/lib/python3.10/site-packages/virtualenv/app_data/__pycache__/read_only.cpython-310.pyc
1750563381|Leonardo|M|/venv/lib/python3.10/site-packages/virtualenv/app_data/__pycache__/via_disk_folder.cpython-310.pyc
1750563381|Leonardo|M|/venv/lib/python3.10/site-packages/virtualenv/app_data/__pycache__/via_tempdir.cpython-310.pyc
1750563381|Leonardo|M|/venv/lib/python3.10/site-packages/virtualenv/config/__pycache__/__init__.cpython-310.pyc
1750563381|Leonardo|M|/venv/lib/python3.10/site-packages/virtualenv/config/__pycache__/convert.cpython-310.pyc
1750563381|Leonardo|M|/venv/lib/python3.10/site-packages/virtualenv/config/__pycache__/env_var.cpython-310.pyc
1750563381|Leonardo|M|/venv/lib/python3.10/site-packages/virtualenv/config/__pycache__/ini.cpython-310.pyc
1750563381|Leonardo|M|/venv/lib/python3.10/site-packages/virtualenv/config/cli/__pycache__/__init__.cpython-310.pyc
1750563381|Leonardo|M|/venv/lib/python3.10/site-packages/virtualenv/config/cli/__pycache__/parser.cpython-310.pyc
1750563381|Leonardo|M|/venv/lib/python3.10/site-packages/virtualenv/create/__pycache__/__init__.cpython-310.pyc
1750563381|Leonardo|M|/venv/lib/python3.10/site-packages/virtualenv/create/__pycache__/creator.cpython-310.pyc
1750563381|Leonardo|M|/venv/lib/python3.10/site-packages/virtualenv/create/__pycache__/debug.cpython-310.pyc
1750563381|Leonardo|M|/venv/lib/python3.10/site-packages/virtualenv/create/__pycache__/describe.cpython-310.pyc
1750563381|Leonardo|M|/venv/lib/python3.10/site-packages/virtualenv/create/__pycache__/pyenv_cfg.cpython-310.pyc
1750563381|Leonardo|M|/venv/lib/python3.10/site-packages/virtualenv/create/via_global_ref/__pycache__/__init__.cpython-310.pyc
1750563381|Leonardo|M|/venv/lib/python3.10/site-packages/virtualenv/create/via_global_ref/__pycache__/_virtualenv.cpython-310.pyc
1750563381|Leonardo|M|/venv/lib/python3.10/site-packages/virtualenv/create/via_global_ref/__pycache__/api.cpython-310.pyc
1750563381|Leonardo|M|/venv/lib/python3.10/site-packages/virtualenv/create/via_global_ref/__pycache__/store.cpython-310.pyc
1750563381|Leonardo|M|/venv/lib/python3.10/site-packages/virtualenv/create/via_global_ref/__pycache__/venv.cpython-310.pyc
1750563381|Leonardo|M|/venv/lib/python3.10/site-packages/virtualenv/create/via_global_ref/builtin/__pycache__/__init__.cpython-310.pyc
1750563381|Leonardo|M|/venv/lib/python3.10/site-packages/virtualenv/create/via_global_ref/builtin/__pycache__/builtin_way.cpython-310.pyc
1750563381|Leonardo|M|/venv/lib/python3.10/site-packages/virtualenv/create/via_global_ref/builtin/__pycache__/ref.cpython-310.pyc
1750563381|Leonardo|M|/venv/lib/python3.10/site-packages/virtualenv/create/via_global_ref/builtin/__pycache__/via_global_self_do.cpython-310.pyc
1750563381|Leonardo|M|/venv/lib/python3.10/site-packages/virtualenv/create/via_global_ref/builtin/cpython/__pycache__/__init__.cpython-310.pyc
1750563381|Leonardo|M|/venv/lib/python3.10/site-packages/virtualenv/create/via_global_ref/builtin/cpython/__pycache__/common.cpython-310.pyc
1750563381|Leonardo|M|/venv/lib/python3.10/site-packages/virtualenv/create/via_global_ref/builtin/cpython/__pycache__/cpython3.cpython-310.pyc
1750563381|Leonardo|M|/venv/lib/python3.10/site-packages/virtualenv/create/via_global_ref/builtin/cpython/__pycache__/mac_os.cpython-310.pyc
1750563381|Leonardo|M|/venv/lib/python3.10/site-packages/virtualenv/create/via_global_ref/builtin/graalpy/__pycache__/__init__.cpython-310.pyc
1750563381|Leonardo|M|/venv/lib/python3.10/site-packages/virtualenv/create/via_global_ref/builtin/pypy/__pycache__/__init__.cpython-310.pyc
1750563381|Leonardo|M|/venv/lib/python3.10/site-packages/virtualenv/create/via_global_ref/builtin/pypy/__pycache__/common.cpython-310.pyc
1750563381|Leonardo|M|/venv/lib/python3.10/site-packages/virtualenv/create/via_global_ref/builtin/pypy/__pycache__/pypy3.cpython-310.pyc
1750563381|Leonardo|M|/venv/lib/python3.10/site-packages/virtualenv/discovery/__pycache__/__init__.cpython-310.pyc
1750563381|Leonardo|M|/venv/lib/python3.10/site-packages/virtualenv/discovery/__pycache__/builtin.cpython-310.pyc
1750563381|Leonardo|M|/venv/lib/python3.10/site-packages/virtualenv/discovery/__pycache__/cached_py_info.cpython-310.pyc
1750563381|Leonardo|M|/venv/lib/python3.10/site-packages/virtualenv/discovery/__pycache__/discover.cpython-310.pyc
1750563381|Leonardo|M|/venv/lib/python3.10/site-packages/virtualenv/discovery/__pycache__/py_info.cpython-310.pyc
1750563381|Leonardo|M|/venv/lib/python3.10/site-packages/virtualenv/discovery/__pycache__/py_spec.cpython-310.pyc
1750563381|Leonardo|M|/venv/lib/python3.10/site-packages/virtualenv/discovery/windows/__pycache__/__init__.cpython-310.pyc
1750563381|Leonardo|M|/venv/lib/python3.10/site-packages/virtualenv/discovery/windows/__pycache__/pep514.cpython-310.pyc
1750563381|Leonardo|M|/venv/lib/python3.10/site-packages/virtualenv/run/__pycache__/__init__.cpython-310.pyc
1750563381|Leonardo|M|/venv/lib/python3.10/site-packages/virtualenv/run/__pycache__/session.cpython-310.pyc
1750563381|Leonardo|M|/venv/lib/python3.10/site-packages/virtualenv/run/plugin/__pycache__/__init__.cpython-310.pyc
1750563381|Leonardo|M|/venv/lib/python3.10/site-packages/virtualenv/run/plugin/__pycache__/activators.cpython-310.pyc
1750563381|Leonardo|M|/venv/lib/python3.10/site-packages/virtualenv/run/plugin/__pycache__/base.cpython-310.pyc
1750563381|Leonardo|M|/venv/lib/python3.10/site-packages/virtualenv/run/plugin/__pycache__/creators.cpython-310.pyc
1750563381|Leonardo|M|/venv/lib/python3.10/site-packages/virtualenv/run/plugin/__pycache__/discovery.cpython-310.pyc
1750563381|Leonardo|M|/venv/lib/python3.10/site-packages/virtualenv/run/plugin/__pycache__/seeders.cpython-310.pyc
1750563381|Leonardo|M|/venv/lib/python3.10/site-packages/virtualenv/seed/__pycache__/__init__.cpython-310.pyc
1750563381|Leonardo|M|/venv/lib/python3.10/site-packages/virtualenv/seed/__pycache__/seeder.cpython-310.pyc
1750563381|Leonardo|M|/venv/lib/python3.10/site-packages/virtualenv/seed/embed/__pycache__/__init__.cpython-310.pyc
1750563381|Leonardo|M|/venv/lib/python3.10/site-packages/virtualenv/seed/embed/__pycache__/base_embed.cpython-310.pyc
1750563381|Leonardo|M|/venv/lib/python3.10/site-packages/virtualenv/seed/embed/__pycache__/pip_invoke.cpython-310.pyc
1750563381|Leonardo|M|/venv/lib/python3.10/site-packages/virtualenv/seed/embed/via_app_data/__pycache__/__init__.cpython-310.pyc
1750563381|Leonardo|M|/venv/lib/python3.10/site-packages/virtualenv/seed/embed/via_app_data/__pycache__/via_app_data.cpython-310.pyc
1750563381|Leonardo|M|/venv/lib/python3.10/site-packages/virtualenv/seed/embed/via_app_data/pip_install/__pycache__/__init__.cpython-310.pyc
1750563381|Leonardo|M|/venv/lib/python3.10/site-packages/virtualenv/seed/embed/via_app_data/pip_install/__pycache__/base.cpython-310.pyc
1750563381|Leonardo|M|/venv/lib/python3.10/site-packages/virtualenv/seed/embed/via_app_data/pip_install/__pycache__/copy.cpython-310.pyc
1750563381|Leonardo|M|/venv/lib/python3.10/site-packages/virtualenv/seed/embed/via_app_data/pip_install/__pycache__/symlink.cpython-310.pyc
1750563381|Leonardo|M|/venv/lib/python3.10/site-packages/virtualenv/seed/wheels/__pycache__/__init__.cpython-310.pyc
1750563381|Leonardo|M|/venv/lib/python3.10/site-packages/virtualenv/seed/wheels/__pycache__/acquire.cpython-310.pyc
1750563381|Leonardo|M|/venv/lib/python3.10/site-packages/virtualenv/seed/wheels/__pycache__/bundle.cpython-310.pyc
1750563381|Leonardo|M|/venv/lib/python3.10/site-packages/virtualenv/seed/wheels/__pycache__/periodic_update.cpython-310.pyc
1750563381|Leonardo|M|/venv/lib/python3.10/site-packages/virtualenv/seed/wheels/__pycache__/util.cpython-310.pyc
1750563381|Leonardo|M|/venv/lib/python3.10/site-packages/virtualenv/seed/wheels/embed/__pycache__/__init__.cpython-310.pyc
1750563381|Leonardo|M|/venv/lib/python3.10/site-packages/virtualenv/util/__pycache__/__init__.cpython-310.pyc
1750563381|Leonardo|M|/venv/lib/python3.10/site-packages/virtualenv/util/__pycache__/error.cpython-310.pyc
1750563381|Leonardo|M|/venv/lib/python3.10/site-packages/virtualenv/util/__pycache__/lock.cpython-310.pyc
1750563381|Leonardo|M|/venv/lib/python3.10/site-packages/virtualenv/util/__pycache__/zipapp.cpython-310.pyc
1750563381|Leonardo|M|/venv/lib/python3.10/site-packages/virtualenv/util/path/__pycache__/__init__.cpython-310.pyc
1750563381|Leonardo|M|/venv/lib/python3.10/site-packages/virtualenv/util/path/__pycache__/_permission.cpython-310.pyc
1750563381|Leonardo|M|/venv/lib/python3.10/site-packages/virtualenv/util/path/__pycache__/_sync.cpython-310.pyc
1750563381|Leonardo|M|/venv/lib/python3.10/site-packages/virtualenv/util/path/__pycache__/_win.cpython-310.pyc
1750563381|Leonardo|M|/venv/lib/python3.10/site-packages/virtualenv/util/subprocess/__pycache__/__init__.cpython-310.pyc
1750563381|Leonardo|M|/venv/lib/python3.10/site-packages/webencodings/__pycache__/__init__.cpython-310.pyc
1750563381|Leonardo|M|/venv/lib/python3.10/site-packages/webencodings/__pycache__/labels.cpython-310.pyc
1750563381|Leonardo|M|/venv/lib/python3.10/site-packages/webencodings/__pycache__/mklabels.cpython-310.pyc
1750563381|Leonardo|M|/venv/lib/python3.10/site-packages/webencodings/__pycache__/tests.cpython-310.pyc
1750563381|Leonardo|M|/venv/lib/python3.10/site-packages/webencodings/__pycache__/x_user_defined.cpython-310.pyc
1750563381|Leonardo|M|/venv/lib/python3.10/site-packages/werkzeug-3.1.3.dist-info/RECORD
1750563381|Leonardo|A|/venv/lib/python3.10/site-packages/werkzeug-3.1.3.dist-info/REQUESTED
1750563381|Leonardo|M|/venv/lib/python3.10/site-packages/werkzeug/__pycache__/__init__.cpython-310.pyc
1750563381|Leonardo|M|/venv/lib/python3.10/site-packages/werkzeug/__pycache__/_internal.cpython-310.pyc
1750563381|Leonardo|M|/venv/lib/python3.10/site-packages/werkzeug/__pycache__/_reloader.cpython-310.pyc
1750563381|Leonardo|M|/venv/lib/python3.10/site-packages/werkzeug/__pycache__/exceptions.cpython-310.pyc
1750563381|Leonardo|M|/venv/lib/python3.10/site-packages/werkzeug/__pycache__/formparser.cpython-310.pyc
1750563381|Leonardo|M|/venv/lib/python3.10/site-packages/werkzeug/__pycache__/http.cpython-310.pyc
1750563381|Leonardo|M|/venv/lib/python3.10/site-packages/werkzeug/__pycache__/local.cpython-310.pyc
1750563381|Leonardo|M|/venv/lib/python3.10/site-packages/werkzeug/__pycache__/security.cpython-310.pyc
1750563381|Leonardo|M|/venv/lib/python3.10/site-packages/werkzeug/__pycache__/serving.cpython-310.pyc
1750563381|Leonardo|M|/venv/lib/python3.10/site-packages/werkzeug/__pycache__/test.cpython-310.pyc
1750563381|Leonardo|M|/venv/lib/python3.10/site-packages/werkzeug/__pycache__/testapp.cpython-310.pyc
1750563381|Leonardo|M|/venv/lib/python3.10/site-packages/werkzeug/__pycache__/urls.cpython-310.pyc
1750563381|Leonardo|M|/venv/lib/python3.10/site-packages/werkzeug/__pycache__/user_agent.cpython-310.pyc
1750563381|Leonardo|M|/venv/lib/python3.10/site-packages/werkzeug/__pycache__/utils.cpython-310.pyc
1750563381|Leonardo|M|/venv/lib/python3.10/site-packages/werkzeug/__pycache__/wsgi.cpython-310.pyc
1750563381|Leonardo|M|/venv/lib/python3.10/site-packages/werkzeug/datastructures/__pycache__/__init__.cpython-310.pyc
1750563381|Leonardo|M|/venv/lib/python3.10/site-packages/werkzeug/datastructures/__pycache__/accept.cpython-310.pyc
1750563381|Leonardo|M|/venv/lib/python3.10/site-packages/werkzeug/datastructures/__pycache__/auth.cpython-310.pyc
1750563381|Leonardo|M|/venv/lib/python3.10/site-packages/werkzeug/datastructures/__pycache__/cache_control.cpython-310.pyc
1750563381|Leonardo|M|/venv/lib/python3.10/site-packages/werkzeug/datastructures/__pycache__/csp.cpython-310.pyc
1750563381|Leonardo|M|/venv/lib/python3.10/site-packages/werkzeug/datastructures/__pycache__/etag.cpython-310.pyc
1750563381|Leonardo|M|/venv/lib/python3.10/site-packages/werkzeug/datastructures/__pycache__/file_storage.cpython-310.pyc
1750563381|Leonardo|M|/venv/lib/python3.10/site-packages/werkzeug/datastructures/__pycache__/headers.cpython-310.pyc
1750563381|Leonardo|M|/venv/lib/python3.10/site-packages/werkzeug/datastructures/__pycache__/mixins.cpython-310.pyc
1750563381|Leonardo|M|/venv/lib/python3.10/site-packages/werkzeug/datastructures/__pycache__/range.cpython-310.pyc
1750563381|Leonardo|M|/venv/lib/python3.10/site-packages/werkzeug/datastructures/__pycache__/structures.cpython-310.pyc
1750563381|Leonardo|M|/venv/lib/python3.10/site-packages/werkzeug/debug/__pycache__/__init__.cpython-310.pyc
1750563381|Leonardo|M|/venv/lib/python3.10/site-packages/werkzeug/debug/__pycache__/console.cpython-310.pyc
1750563381|Leonardo|M|/venv/lib/python3.10/site-packages/werkzeug/debug/__pycache__/repr.cpython-310.pyc
1750563381|Leonardo|M|/venv/lib/python3.10/site-packages/werkzeug/debug/__pycache__/tbtools.cpython-310.pyc
1750563381|Leonardo|M|/venv/lib/python3.10/site-packages/werkzeug/middleware/__pycache__/__init__.cpython-310.pyc
1750563381|Leonardo|M|/venv/lib/python3.10/site-packages/werkzeug/middleware/__pycache__/dispatcher.cpython-310.pyc
1750563381|Leonardo|M|/venv/lib/python3.10/site-packages/werkzeug/middleware/__pycache__/http_proxy.cpython-310.pyc
1750563381|Leonardo|M|/venv/lib/python3.10/site-packages/werkzeug/middleware/__pycache__/lint.cpython-310.pyc
1750563381|Leonardo|M|/venv/lib/python3.10/site-packages/werkzeug/middleware/__pycache__/profiler.cpython-310.pyc
1750563381|Leonardo|M|/venv/lib/python3.10/site-packages/werkzeug/middleware/__pycache__/proxy_fix.cpython-310.pyc
1750563381|Leonardo|M|/venv/lib/python3.10/site-packages/werkzeug/middleware/__pycache__/shared_data.cpython-310.pyc
1750563381|Leonardo|M|/venv/lib/python3.10/site-packages/werkzeug/routing/__pycache__/__init__.cpython-310.pyc
1750563381|Leonardo|M|/venv/lib/python3.10/site-packages/werkzeug/routing/__pycache__/converters.cpython-310.pyc
1750563381|Leonardo|M|/venv/lib/python3.10/site-packages/werkzeug/routing/__pycache__/exceptions.cpython-310.pyc
1750563381|Leonardo|M|/venv/lib/python3.10/site-packages/werkzeug/routing/__pycache__/map.cpython-310.pyc
1750563381|Leonardo|M|/venv/lib/python3.10/site-packages/werkzeug/routing/__pycache__/matcher.cpython-310.pyc
1750563381|Leonardo|M|/venv/lib/python3.10/site-packages/werkzeug/routing/__pycache__/rules.cpython-310.pyc
1750563381|Leonardo|M|/venv/lib/python3.10/site-packages/werkzeug/sansio/__pycache__/__init__.cpython-310.pyc
1750563381|Leonardo|M|/venv/lib/python3.10/site-packages/werkzeug/sansio/__pycache__/http.cpython-310.pyc
1750563381|Leonardo|M|/venv/lib/python3.10/site-packages/werkzeug/sansio/__pycache__/multipart.cpython-310.pyc
1750563381|Leonardo|M|/venv/lib/python3.10/site-packages/werkzeug/sansio/__pycache__/request.cpython-310.pyc
1750563381|Leonardo|M|/venv/lib/python3.10/site-packages/werkzeug/sansio/__pycache__/response.cpython-310.pyc
1750563381|Leonardo|M|/venv/lib/python3.10/site-packages/werkzeug/sansio/__pycache__/utils.cpython-310.pyc
1750563381|Leonardo|M|/venv/lib/python3.10/site-packages/werkzeug/wrappers/__pycache__/__init__.cpython-310.pyc
1750563381|Leonardo|M|/venv/lib/python3.10/site-packages/werkzeug/wrappers/__pycache__/request.cpython-310.pyc
1750563381|Leonardo|M|/venv/lib/python3.10/site-packages/werkzeug/wrappers/__pycache__/response.cpython-310.pyc
1750563381|Leonardo|M|/venv/pyvenv.cfg
